problem,model,cv_folds,fold,budget,weight_name,weight_value
mdgnc_edge_failures,MG LdWLOA + EW,10,0,25,f0_failure_rate.graph_0.mg_ld_wloa_adsg_semantic_type,0.0034849632714415
mdgnc_edge_failures,MG LdWLOA + EW,10,0,25,f0_failure_rate.graph_1.edge_weight,0.0063690353777423
mdgnc_edge_failures,MG LdWLOA + EW,10,0,25,f0_failure_rate.sizing,0.1203309851367894
mdgnc_edge_failures,MG LdWLOA + EW,10,0,25,f0_failure_rate.interaction.graph_0_mg_ld_wloa_adsg_semantic_type_graph_1_edge_weight,0.344758435472476
mdgnc_edge_failures,MG LdWLOA + EW,10,0,25,f0_failure_rate.interaction.graph_0_mg_ld_wloa_adsg_semantic_type_sizing,0.2559399583422474
mdgnc_edge_failures,MG LdWLOA + EW,10,0,25,f0_failure_rate.interaction.graph_1_edge_weight_sizing,0.2691166223993033
mdgnc_edge_failures,MG LdWLOA + EW,10,0,25,f1_mass.graph_0.mg_ld_wloa_adsg_semantic_type,0.0049948062222286
mdgnc_edge_failures,MG LdWLOA + EW,10,0,25,f1_mass.graph_1.edge_weight,0.1444812126603759
mdgnc_edge_failures,MG LdWLOA + EW,10,0,25,f1_mass.sizing,0.3648238303170277
mdgnc_edge_failures,MG LdWLOA + EW,10,0,25,f1_mass.interaction.graph_0_mg_ld_wloa_adsg_semantic_type_graph_1_edge_weight,0.0783074681826991
mdgnc_edge_failures,MG LdWLOA + EW,10,0,25,f1_mass.interaction.graph_0_mg_ld_wloa_adsg_semantic_type_sizing,0.0714653444708156
mdgnc_edge_failures,MG LdWLOA + EW,10,0,25,f1_mass.interaction.graph_1_edge_weight_sizing,0.335927338146853
mdgnc_edge_failures,MG LdWLOA + EW,10,0,50,f0_failure_rate.graph_0.mg_ld_wloa_adsg_semantic_type,0.0042890712748299
mdgnc_edge_failures,MG LdWLOA + EW,10,0,50,f0_failure_rate.graph_1.edge_weight,0.3504769136120757
mdgnc_edge_failures,MG LdWLOA + EW,10,0,50,f0_failure_rate.sizing,0.064219416012416
mdgnc_edge_failures,MG LdWLOA + EW,10,0,50,f0_failure_rate.interaction.graph_0_mg_ld_wloa_adsg_semantic_type_graph_1_edge_weight,0.2130081104030233
mdgnc_edge_failures,MG LdWLOA + EW,10,0,50,f0_failure_rate.interaction.graph_0_mg_ld_wloa_adsg_semantic_type_sizing,0.1917077734680015
mdgnc_edge_failures,MG LdWLOA + EW,10,0,50,f0_failure_rate.interaction.graph_1_edge_weight_sizing,0.1762987152296531
mdgnc_edge_failures,MG LdWLOA + EW,10,0,50,f1_mass.graph_0.mg_ld_wloa_adsg_semantic_type,0.0049964946951697
mdgnc_edge_failures,MG LdWLOA + EW,10,0,50,f1_mass.graph_1.edge_weight,0.141278581252361
mdgnc_edge_failures,MG LdWLOA + EW,10,0,50,f1_mass.sizing,0.3699368099512466
mdgnc_edge_failures,MG LdWLOA + EW,10,0,50,f1_mass.interaction.graph_0_mg_ld_wloa_adsg_semantic_type_graph_1_edge_weight,0.0724100060814812
mdgnc_edge_failures,MG LdWLOA + EW,10,0,50,f1_mass.interaction.graph_0_mg_ld_wloa_adsg_semantic_type_sizing,0.0794176066745834
mdgnc_edge_failures,MG LdWLOA + EW,10,0,50,f1_mass.interaction.graph_1_edge_weight_sizing,0.3319605013451577
mdgnc_edge_failures,MG LdWLOA + EW,10,0,75,f0_failure_rate.graph_0.mg_ld_wloa_adsg_semantic_type,0.1901647773391979
mdgnc_edge_failures,MG LdWLOA + EW,10,0,75,f0_failure_rate.graph_1.edge_weight,0.3544037932695589
mdgnc_edge_failures,MG LdWLOA + EW,10,0,75,f0_failure_rate.sizing,0.049332762791325
mdgnc_edge_failures,MG LdWLOA + EW,10,0,75,f0_failure_rate.interaction.graph_0_mg_ld_wloa_adsg_semantic_type_graph_1_edge_weight,0.2775559174989153
mdgnc_edge_failures,MG LdWLOA + EW,10,0,75,f0_failure_rate.interaction.graph_0_mg_ld_wloa_adsg_semantic_type_sizing,0.0055567206758468
mdgnc_edge_failures,MG LdWLOA + EW,10,0,75,f0_failure_rate.interaction.graph_1_edge_weight_sizing,0.122986028425156
mdgnc_edge_failures,MG LdWLOA + EW,10,0,75,f1_mass.graph_0.mg_ld_wloa_adsg_semantic_type,0.0050466084498104
mdgnc_edge_failures,MG LdWLOA + EW,10,0,75,f1_mass.graph_1.edge_weight,0.1401617351654864
mdgnc_edge_failures,MG LdWLOA + EW,10,0,75,f1_mass.sizing,0.3671870823447554
mdgnc_edge_failures,MG LdWLOA + EW,10,0,75,f1_mass.interaction.graph_0_mg_ld_wloa_adsg_semantic_type_graph_1_edge_weight,0.0774172877426871
mdgnc_edge_failures,MG LdWLOA + EW,10,0,75,f1_mass.interaction.graph_0_mg_ld_wloa_adsg_semantic_type_sizing,0.0756822842844886
mdgnc_edge_failures,MG LdWLOA + EW,10,0,75,f1_mass.interaction.graph_1_edge_weight_sizing,0.3345050020127719
mdgnc_edge_failures,MG LdWLOA + EW,10,0,100,f0_failure_rate.graph_0.mg_ld_wloa_adsg_semantic_type,0.0035877210875342
mdgnc_edge_failures,MG LdWLOA + EW,10,0,100,f0_failure_rate.graph_1.edge_weight,0.1614664762674254
mdgnc_edge_failures,MG LdWLOA + EW,10,0,100,f0_failure_rate.sizing,0.1640946528262043
mdgnc_edge_failures,MG LdWLOA + EW,10,0,100,f0_failure_rate.interaction.graph_0_mg_ld_wloa_adsg_semantic_type_graph_1_edge_weight,0.2396481002407976
mdgnc_edge_failures,MG LdWLOA + EW,10,0,100,f0_failure_rate.interaction.graph_0_mg_ld_wloa_adsg_semantic_type_sizing,0.3207608794771752
mdgnc_edge_failures,MG LdWLOA + EW,10,0,100,f0_failure_rate.interaction.graph_1_edge_weight_sizing,0.1104421701008631
mdgnc_edge_failures,MG LdWLOA + EW,10,0,100,f1_mass.graph_0.mg_ld_wloa_adsg_semantic_type,0.005074936006554
mdgnc_edge_failures,MG LdWLOA + EW,10,0,100,f1_mass.graph_1.edge_weight,0.136822197274424
mdgnc_edge_failures,MG LdWLOA + EW,10,0,100,f1_mass.sizing,0.3823651435633935
mdgnc_edge_failures,MG LdWLOA + EW,10,0,100,f1_mass.interaction.graph_0_mg_ld_wloa_adsg_semantic_type_graph_1_edge_weight,0.0732059594051366
mdgnc_edge_failures,MG LdWLOA + EW,10,0,100,f1_mass.interaction.graph_0_mg_ld_wloa_adsg_semantic_type_sizing,0.0705291360659995
mdgnc_edge_failures,MG LdWLOA + EW,10,0,100,f1_mass.interaction.graph_1_edge_weight_sizing,0.3320026276844922
mdgnc_edge_failures,MG LdWLOA + EW,10,0,125,f0_failure_rate.graph_0.mg_ld_wloa_adsg_semantic_type,0.0036043596973358
mdgnc_edge_failures,MG LdWLOA + EW,10,0,125,f0_failure_rate.graph_1.edge_weight,0.1608995790891526
mdgnc_edge_failures,MG LdWLOA + EW,10,0,125,f0_failure_rate.sizing,0.1653083432261763
mdgnc_edge_failures,MG LdWLOA + EW,10,0,125,f0_failure_rate.interaction.graph_0_mg_ld_wloa_adsg_semantic_type_graph_1_edge_weight,0.2399221835987091
mdgnc_edge_failures,MG LdWLOA + EW,10,0,125,f0_failure_rate.interaction.graph_0_mg_ld_wloa_adsg_semantic_type_sizing,0.3248510564937749
mdgnc_edge_failures,MG LdWLOA + EW,10,0,125,f0_failure_rate.interaction.graph_1_edge_weight_sizing,0.1054144778948509
mdgnc_edge_failures,MG LdWLOA + EW,10,0,125,f1_mass.graph_0.mg_ld_wloa_adsg_semantic_type,0.0050228434355233
mdgnc_edge_failures,MG LdWLOA + EW,10,0,125,f1_mass.graph_1.edge_weight,0.1436768919117947
mdgnc_edge_failures,MG LdWLOA + EW,10,0,125,f1_mass.sizing,0.3744861899206642
mdgnc_edge_failures,MG LdWLOA + EW,10,0,125,f1_mass.interaction.graph_0_mg_ld_wloa_adsg_semantic_type_graph_1_edge_weight,0.0716241496498083
mdgnc_edge_failures,MG LdWLOA + EW,10,0,125,f1_mass.interaction.graph_0_mg_ld_wloa_adsg_semantic_type_sizing,0.075273382370016
mdgnc_edge_failures,MG LdWLOA + EW,10,0,125,f1_mass.interaction.graph_1_edge_weight_sizing,0.3299165427121934
mdgnc_edge_failures,MG LdWLOA + EW,10,0,150,f0_failure_rate.graph_0.mg_ld_wloa_adsg_semantic_type,0.0034694643510404
mdgnc_edge_failures,MG LdWLOA + EW,10,0,150,f0_failure_rate.graph_1.edge_weight,0.0082337415577553
mdgnc_edge_failures,MG LdWLOA + EW,10,0,150,f0_failure_rate.sizing,0.1211375502791077
mdgnc_edge_failures,MG LdWLOA + EW,10,0,150,f0_failure_rate.interaction.graph_0_mg_ld_wloa_adsg_semantic_type_graph_1_edge_weight,0.3418086335270975
mdgnc_edge_failures,MG LdWLOA + EW,10,0,150,f0_failure_rate.interaction.graph_0_mg_ld_wloa_adsg_semantic_type_sizing,0.2566749695835
mdgnc_edge_failures,MG LdWLOA + EW,10,0,150,f0_failure_rate.interaction.graph_1_edge_weight_sizing,0.2686756407014989
mdgnc_edge_failures,MG LdWLOA + EW,10,0,150,f1_mass.graph_0.mg_ld_wloa_adsg_semantic_type,0.005002201528792
mdgnc_edge_failures,MG LdWLOA + EW,10,0,150,f1_mass.graph_1.edge_weight,0.1414712022396981
mdgnc_edge_failures,MG LdWLOA + EW,10,0,150,f1_mass.sizing,0.3762887168612031
mdgnc_edge_failures,MG LdWLOA + EW,10,0,150,f1_mass.interaction.graph_0_mg_ld_wloa_adsg_semantic_type_graph_1_edge_weight,0.0752079301081739
mdgnc_edge_failures,MG LdWLOA + EW,10,0,150,f1_mass.interaction.graph_0_mg_ld_wloa_adsg_semantic_type_sizing,0.071007471343331
mdgnc_edge_failures,MG LdWLOA + EW,10,0,150,f1_mass.interaction.graph_1_edge_weight_sizing,0.3310224779188014
mdgnc_edge_failures,MG LdWLOA + EW,10,0,175,f0_failure_rate.graph_0.mg_ld_wloa_adsg_semantic_type,0.0034517618843032
mdgnc_edge_failures,MG LdWLOA + EW,10,0,175,f0_failure_rate.graph_1.edge_weight,0.0091490011450815
mdgnc_edge_failures,MG LdWLOA + EW,10,0,175,f0_failure_rate.sizing,0.1213610844128339
mdgnc_edge_failures,MG LdWLOA + EW,10,0,175,f0_failure_rate.interaction.graph_0_mg_ld_wloa_adsg_semantic_type_graph_1_edge_weight,0.341838629811568
mdgnc_edge_failures,MG LdWLOA + EW,10,0,175,f0_failure_rate.interaction.graph_0_mg_ld_wloa_adsg_semantic_type_sizing,0.2559309273886964
mdgnc_edge_failures,MG LdWLOA + EW,10,0,175,f0_failure_rate.interaction.graph_1_edge_weight_sizing,0.2682685953575168
mdgnc_edge_failures,MG LdWLOA + EW,10,0,175,f1_mass.graph_0.mg_ld_wloa_adsg_semantic_type,0.0050651965189627
mdgnc_edge_failures,MG LdWLOA + EW,10,0,175,f1_mass.graph_1.edge_weight,0.1401353906685319
mdgnc_edge_failures,MG LdWLOA + EW,10,0,175,f1_mass.sizing,0.3729899731779079
mdgnc_edge_failures,MG LdWLOA + EW,10,0,175,f1_mass.interaction.graph_0_mg_ld_wloa_adsg_semantic_type_graph_1_edge_weight,0.0715942822910859
mdgnc_edge_failures,MG LdWLOA + EW,10,0,175,f1_mass.interaction.graph_0_mg_ld_wloa_adsg_semantic_type_sizing,0.0794289169358802
mdgnc_edge_failures,MG LdWLOA + EW,10,0,175,f1_mass.interaction.graph_1_edge_weight_sizing,0.3307862404076312
mdgnc_edge_failures,MG LdWLOA + EW,10,0,200,f0_failure_rate.graph_0.mg_ld_wloa_adsg_semantic_type,0.1874378507031349
mdgnc_edge_failures,MG LdWLOA + EW,10,0,200,f0_failure_rate.graph_1.edge_weight,0.3440477227445918
mdgnc_edge_failures,MG LdWLOA + EW,10,0,200,f0_failure_rate.sizing,0.0018743785070313
mdgnc_edge_failures,MG LdWLOA + EW,10,0,200,f0_failure_rate.interaction.graph_0_mg_ld_wloa_adsg_semantic_type_graph_1_edge_weight,0.3591967054366649
mdgnc_edge_failures,MG LdWLOA + EW,10,0,200,f0_failure_rate.interaction.graph_0_mg_ld_wloa_adsg_semantic_type_sizing,0.1055689641015458
mdgnc_edge_failures,MG LdWLOA + EW,10,0,200,f0_failure_rate.interaction.graph_1_edge_weight_sizing,0.0018743785070313
mdgnc_edge_failures,MG LdWLOA + EW,10,0,200,f1_mass.graph_0.mg_ld_wloa_adsg_semantic_type,0.0997420040586983
mdgnc_edge_failures,MG LdWLOA + EW,10,0,200,f1_mass.graph_1.edge_weight,0.3058138911258583
mdgnc_edge_failures,MG LdWLOA + EW,10,0,200,f1_mass.sizing,0.2717962608077809
mdgnc_edge_failures,MG LdWLOA + EW,10,0,200,f1_mass.interaction.graph_0_mg_ld_wloa_adsg_semantic_type_graph_1_edge_weight,0.1467168784072458
mdgnc_edge_failures,MG LdWLOA + EW,10,0,200,f1_mass.interaction.graph_0_mg_ld_wloa_adsg_semantic_type_sizing,0.00108653459915
mdgnc_edge_failures,MG LdWLOA + EW,10,0,200,f1_mass.interaction.graph_1_edge_weight_sizing,0.1748444310012666
mdgnc_edge_failures,MG LdWLOA + EW,10,0,225,f0_failure_rate.graph_0.mg_ld_wloa_adsg_semantic_type,0.0022699144084554
mdgnc_edge_failures,MG LdWLOA + EW,10,0,225,f0_failure_rate.graph_1.edge_weight,0.1617532007997273
mdgnc_edge_failures,MG LdWLOA + EW,10,0,225,f0_failure_rate.sizing,0.2111720305211655
mdgnc_edge_failures,MG LdWLOA + EW,10,0,225,f0_failure_rate.interaction.graph_0_mg_ld_wloa_adsg_semantic_type_graph_1_edge_weight,0.1940804146131863
mdgnc_edge_failures,MG LdWLOA + EW,10,0,225,f0_failure_rate.interaction.graph_0_mg_ld_wloa_adsg_semantic_type_sizing,0.2256602652694199
mdgnc_edge_failures,MG LdWLOA + EW,10,0,225,f0_failure_rate.interaction.graph_1_edge_weight_sizing,0.2050641743880454
mdgnc_edge_failures,MG LdWLOA + EW,10,0,225,f1_mass.graph_0.mg_ld_wloa_adsg_semantic_type,0.0050080185567152
mdgnc_edge_failures,MG LdWLOA + EW,10,0,225,f1_mass.graph_1.edge_weight,0.1403199354506821
mdgnc_edge_failures,MG LdWLOA + EW,10,0,225,f1_mass.sizing,0.370538199883175
mdgnc_edge_failures,MG LdWLOA + EW,10,0,225,f1_mass.interaction.graph_0_mg_ld_wloa_adsg_semantic_type_graph_1_edge_weight,0.0719674831702382
mdgnc_edge_failures,MG LdWLOA + EW,10,0,225,f1_mass.interaction.graph_0_mg_ld_wloa_adsg_semantic_type_sizing,0.0746206873474918
mdgnc_edge_failures,MG LdWLOA + EW,10,0,225,f1_mass.interaction.graph_1_edge_weight_sizing,0.3375456755916975
mdgnc_edge_failures,MG LdWLOA + EW,10,0,250,f0_failure_rate.graph_0.mg_ld_wloa_adsg_semantic_type,0.0035877578887581
mdgnc_edge_failures,MG LdWLOA + EW,10,0,250,f0_failure_rate.graph_1.edge_weight,0.1627356537103212
mdgnc_edge_failures,MG LdWLOA + EW,10,0,250,f0_failure_rate.sizing,0.1628431888923596
mdgnc_edge_failures,MG LdWLOA + EW,10,0,250,f0_failure_rate.interaction.graph_0_mg_ld_wloa_adsg_semantic_type_graph_1_edge_weight,0.2399169943222654
mdgnc_edge_failures,MG LdWLOA + EW,10,0,250,f0_failure_rate.interaction.graph_0_mg_ld_wloa_adsg_semantic_type_sizing,0.3238704725784942
mdgnc_edge_failures,MG LdWLOA + EW,10,0,250,f0_failure_rate.interaction.graph_1_edge_weight_sizing,0.1070459326078014
mdgnc_edge_failures,MG LdWLOA + EW,10,0,250,f1_mass.graph_0.mg_ld_wloa_adsg_semantic_type,0.0050415816802872
mdgnc_edge_failures,MG LdWLOA + EW,10,0,250,f1_mass.graph_1.edge_weight,0.1388212835888348
mdgnc_edge_failures,MG LdWLOA + EW,10,0,250,f1_mass.sizing,0.373433521668862
mdgnc_edge_failures,MG LdWLOA + EW,10,0,250,f1_mass.interaction.graph_0_mg_ld_wloa_adsg_semantic_type_graph_1_edge_weight,0.0750929879313134
mdgnc_edge_failures,MG LdWLOA + EW,10,0,250,f1_mass.interaction.graph_0_mg_ld_wloa_adsg_semantic_type_sizing,0.0726841181194145
mdgnc_edge_failures,MG LdWLOA + EW,10,0,250,f1_mass.interaction.graph_1_edge_weight_sizing,0.3349265070112879
mdgnc_edge_failures,MG LdWLOA + EW,10,0,275,f0_failure_rate.graph_0.mg_ld_wloa_adsg_semantic_type,0.0034618577835383
mdgnc_edge_failures,MG LdWLOA + EW,10,0,275,f0_failure_rate.graph_1.edge_weight,0.0130265195701471
mdgnc_edge_failures,MG LdWLOA + EW,10,0,275,f0_failure_rate.sizing,0.119278976024869
mdgnc_edge_failures,MG LdWLOA + EW,10,0,275,f0_failure_rate.interaction.graph_0_mg_ld_wloa_adsg_semantic_type_graph_1_edge_weight,0.3451221591191407
mdgnc_edge_failures,MG LdWLOA + EW,10,0,275,f0_failure_rate.interaction.graph_0_mg_ld_wloa_adsg_semantic_type_sizing,0.2533761112698557
mdgnc_edge_failures,MG LdWLOA + EW,10,0,275,f0_failure_rate.interaction.graph_1_edge_weight_sizing,0.2657343762324492
mdgnc_edge_failures,MG LdWLOA + EW,10,0,275,f1_mass.graph_0.mg_ld_wloa_adsg_semantic_type,0.0050932395475204
mdgnc_edge_failures,MG LdWLOA + EW,10,0,275,f1_mass.graph_1.edge_weight,0.1360359361876842
mdgnc_edge_failures,MG LdWLOA + EW,10,0,275,f1_mass.sizing,0.3769155271671434
mdgnc_edge_failures,MG LdWLOA + EW,10,0,275,f1_mass.interaction.graph_0_mg_ld_wloa_adsg_semantic_type_graph_1_edge_weight,0.0729623151542517
mdgnc_edge_failures,MG LdWLOA + EW,10,0,275,f1_mass.interaction.graph_0_mg_ld_wloa_adsg_semantic_type_sizing,0.0748139374030345
mdgnc_edge_failures,MG LdWLOA + EW,10,0,275,f1_mass.interaction.graph_1_edge_weight_sizing,0.3341790445403657
mdgnc_edge_failures,MG LdWLOA + EW,10,0,300,f0_failure_rate.graph_0.mg_ld_wloa_adsg_semantic_type,0.0033882243671324
mdgnc_edge_failures,MG LdWLOA + EW,10,0,300,f0_failure_rate.graph_1.edge_weight,0.3299208213748555
mdgnc_edge_failures,MG LdWLOA + EW,10,0,300,f0_failure_rate.sizing,0.0718398649656139
mdgnc_edge_failures,MG LdWLOA + EW,10,0,300,f0_failure_rate.interaction.graph_0_mg_ld_wloa_adsg_semantic_type_graph_1_edge_weight,0.2517698296852537
mdgnc_edge_failures,MG LdWLOA + EW,10,0,300,f0_failure_rate.interaction.graph_0_mg_ld_wloa_adsg_semantic_type_sizing,0.227117090603095
mdgnc_edge_failures,MG LdWLOA + EW,10,0,300,f0_failure_rate.interaction.graph_1_edge_weight_sizing,0.1159641690040494
mdgnc_edge_failures,MG LdWLOA + EW,10,0,300,f1_mass.graph_0.mg_ld_wloa_adsg_semantic_type,0.0050356101820468
mdgnc_edge_failures,MG LdWLOA + EW,10,0,300,f1_mass.graph_1.edge_weight,0.1357537041234333
mdgnc_edge_failures,MG LdWLOA + EW,10,0,300,f1_mass.sizing,0.3740216327210305
mdgnc_edge_failures,MG LdWLOA + EW,10,0,300,f1_mass.interaction.graph_0_mg_ld_wloa_adsg_semantic_type_graph_1_edge_weight,0.0751330372698585
mdgnc_edge_failures,MG LdWLOA + EW,10,0,300,f1_mass.interaction.graph_0_mg_ld_wloa_adsg_semantic_type_sizing,0.0749048805450883
mdgnc_edge_failures,MG LdWLOA + EW,10,0,300,f1_mass.interaction.graph_1_edge_weight_sizing,0.3351511351585423
mdgnc_edge_failures,MG LdWLOA + EW,10,1,25,f0_failure_rate.graph_0.mg_ld_wloa_adsg_semantic_type,0.003457905352307
mdgnc_edge_failures,MG LdWLOA + EW,10,1,25,f0_failure_rate.graph_1.edge_weight,0.0120370154599084
mdgnc_edge_failures,MG LdWLOA + EW,10,1,25,f0_failure_rate.sizing,0.1212868793948348
mdgnc_edge_failures,MG LdWLOA + EW,10,1,25,f0_failure_rate.interaction.graph_0_mg_ld_wloa_adsg_semantic_type_graph_1_edge_weight,0.3432465056200585
mdgnc_edge_failures,MG LdWLOA + EW,10,1,25,f0_failure_rate.interaction.graph_0_mg_ld_wloa_adsg_semantic_type_sizing,0.2563340023732274
mdgnc_edge_failures,MG LdWLOA + EW,10,1,25,f0_failure_rate.interaction.graph_1_edge_weight_sizing,0.2636376917996637
mdgnc_edge_failures,MG LdWLOA + EW,10,1,25,f1_mass.graph_0.mg_ld_wloa_adsg_semantic_type,0.0042767612082975
mdgnc_edge_failures,MG LdWLOA + EW,10,1,25,f1_mass.graph_1.edge_weight,0.3506833095115136
mdgnc_edge_failures,MG LdWLOA + EW,10,1,25,f1_mass.sizing,0.0642876830010375
mdgnc_edge_failures,MG LdWLOA + EW,10,1,25,f1_mass.interaction.graph_0_mg_ld_wloa_adsg_semantic_type_graph_1_edge_weight,0.2127302292508189
mdgnc_edge_failures,MG LdWLOA + EW,10,1,25,f1_mass.interaction.graph_0_mg_ld_wloa_adsg_semantic_type_sizing,0.1914518032622269
mdgnc_edge_failures,MG LdWLOA + EW,10,1,25,f1_mass.interaction.graph_1_edge_weight_sizing,0.1765702137661054
mdgnc_edge_failures,MG LdWLOA + EW,10,1,50,f0_failure_rate.graph_0.mg_ld_wloa_adsg_semantic_type,0.0042824743818554
mdgnc_edge_failures,MG LdWLOA + EW,10,1,50,f0_failure_rate.graph_1.edge_weight,0.3490519103120279
mdgnc_edge_failures,MG LdWLOA + EW,10,1,50,f0_failure_rate.sizing,0.0647558790535614
mdgnc_edge_failures,MG LdWLOA + EW,10,1,50,f0_failure_rate.interaction.graph_0_mg_ld_wloa_adsg_semantic_type_graph_1_edge_weight,0.2128696252474472
mdgnc_edge_failures,MG LdWLOA + EW,10,1,50,f0_failure_rate.interaction.graph_0_mg_ld_wloa_adsg_semantic_type_sizing,0.1922029401638449
mdgnc_edge_failures,MG LdWLOA + EW,10,1,50,f0_failure_rate.interaction.graph_1_edge_weight_sizing,0.1768371708412628
mdgnc_edge_failures,MG LdWLOA + EW,10,1,50,f1_mass.graph_0.mg_ld_wloa_adsg_semantic_type,0.0050179375749065
mdgnc_edge_failures,MG LdWLOA + EW,10,1,50,f1_mass.graph_1.edge_weight,0.1382074155123175
mdgnc_edge_failures,MG LdWLOA + EW,10,1,50,f1_mass.sizing,0.3671923709870096
mdgnc_edge_failures,MG LdWLOA + EW,10,1,50,f1_mass.interaction.graph_0_mg_ld_wloa_adsg_semantic_type_graph_1_edge_weight,0.0795646443704517
mdgnc_edge_failures,MG LdWLOA + EW,10,1,50,f1_mass.interaction.graph_0_mg_ld_wloa_adsg_semantic_type_sizing,0.0737525702904945
mdgnc_edge_failures,MG LdWLOA + EW,10,1,50,f1_mass.interaction.graph_1_edge_weight_sizing,0.3362650612648199
mdgnc_edge_failures,MG LdWLOA + EW,10,1,75,f0_failure_rate.graph_0.mg_ld_wloa_adsg_semantic_type,0.0035732364736412
mdgnc_edge_failures,MG LdWLOA + EW,10,1,75,f0_failure_rate.graph_1.edge_weight,0.1674932646834406
mdgnc_edge_failures,MG LdWLOA + EW,10,1,75,f0_failure_rate.sizing,0.1630850959486411
mdgnc_edge_failures,MG LdWLOA + EW,10,1,75,f0_failure_rate.interaction.graph_0_mg_ld_wloa_adsg_semantic_type_graph_1_edge_weight,0.2388705941629838
mdgnc_edge_failures,MG LdWLOA + EW,10,1,75,f0_failure_rate.interaction.graph_0_mg_ld_wloa_adsg_semantic_type_sizing,0.3229829423266177
mdgnc_edge_failures,MG LdWLOA + EW,10,1,75,f0_failure_rate.interaction.graph_1_edge_weight_sizing,0.1039948664046753
mdgnc_edge_failures,MG LdWLOA + EW,10,1,75,f1_mass.graph_0.mg_ld_wloa_adsg_semantic_type,0.0050814663434893
mdgnc_edge_failures,MG LdWLOA + EW,10,1,75,f1_mass.graph_1.edge_weight,0.1385704718557324
mdgnc_edge_failures,MG LdWLOA + EW,10,1,75,f1_mass.sizing,0.3705023858060365
mdgnc_edge_failures,MG LdWLOA + EW,10,1,75,f1_mass.interaction.graph_0_mg_ld_wloa_adsg_semantic_type_graph_1_edge_weight,0.0771584116884888
mdgnc_edge_failures,MG LdWLOA + EW,10,1,75,f1_mass.interaction.graph_0_mg_ld_wloa_adsg_semantic_type_sizing,0.0724441776208019
mdgnc_edge_failures,MG LdWLOA + EW,10,1,75,f1_mass.interaction.graph_1_edge_weight_sizing,0.3362430866854508
mdgnc_edge_failures,MG LdWLOA + EW,10,1,100,f0_failure_rate.graph_0.mg_ld_wloa_adsg_semantic_type,0.0035955714147412
mdgnc_edge_failures,MG LdWLOA + EW,10,1,100,f0_failure_rate.graph_1.edge_weight,0.1608280169196309
mdgnc_edge_failures,MG LdWLOA + EW,10,1,100,f0_failure_rate.sizing,0.163213658911392
mdgnc_edge_failures,MG LdWLOA + EW,10,1,100,f0_failure_rate.interaction.graph_0_mg_ld_wloa_adsg_semantic_type_graph_1_edge_weight,0.2416392104301902
mdgnc_edge_failures,MG LdWLOA + EW,10,1,100,f0_failure_rate.interaction.graph_0_mg_ld_wloa_adsg_semantic_type_sizing,0.3233529343186698
mdgnc_edge_failures,MG LdWLOA + EW,10,1,100,f0_failure_rate.interaction.graph_1_edge_weight_sizing,0.1073706080053756
mdgnc_edge_failures,MG LdWLOA + EW,10,1,100,f1_mass.graph_0.mg_ld_wloa_adsg_semantic_type,0.0050353988437899
mdgnc_edge_failures,MG LdWLOA + EW,10,1,100,f1_mass.graph_1.edge_weight,0.1419522598898677
mdgnc_edge_failures,MG LdWLOA + EW,10,1,100,f1_mass.sizing,0.3754109012953908
mdgnc_edge_failures,MG LdWLOA + EW,10,1,100,f1_mass.interaction.graph_0_mg_ld_wloa_adsg_semantic_type_graph_1_edge_weight,0.0728816812888376
mdgnc_edge_failures,MG LdWLOA + EW,10,1,100,f1_mass.interaction.graph_0_mg_ld_wloa_adsg_semantic_type_sizing,0.0709572268314676
mdgnc_edge_failures,MG LdWLOA + EW,10,1,100,f1_mass.interaction.graph_1_edge_weight_sizing,0.3337625318506463
mdgnc_edge_failures,MG LdWLOA + EW,10,1,125,f0_failure_rate.graph_0.mg_ld_wloa_adsg_semantic_type,0.1222858180535622
mdgnc_edge_failures,MG LdWLOA + EW,10,1,125,f0_failure_rate.graph_1.edge_weight,0.2339891900204661
mdgnc_edge_failures,MG LdWLOA + EW,10,1,125,f0_failure_rate.sizing,0.0736976513864218
mdgnc_edge_failures,MG LdWLOA + EW,10,1,125,f0_failure_rate.interaction.graph_0_mg_ld_wloa_adsg_semantic_type_graph_1_edge_weight,0.2412135601335475
mdgnc_edge_failures,MG LdWLOA + EW,10,1,125,f0_failure_rate.interaction.graph_0_mg_ld_wloa_adsg_semantic_type_sizing,0.2931104841025965
mdgnc_edge_failures,MG LdWLOA + EW,10,1,125,f0_failure_rate.interaction.graph_1_edge_weight_sizing,0.0357032963034057
mdgnc_edge_failures,MG LdWLOA + EW,10,1,125,f1_mass.graph_0.mg_ld_wloa_adsg_semantic_type,0.0049677518989991
mdgnc_edge_failures,MG LdWLOA + EW,10,1,125,f1_mass.graph_1.edge_weight,0.1394447857378331
mdgnc_edge_failures,MG LdWLOA + EW,10,1,125,f1_mass.sizing,0.3721760604475805
mdgnc_edge_failures,MG LdWLOA + EW,10,1,125,f1_mass.interaction.graph_0_mg_ld_wloa_adsg_semantic_type_graph_1_edge_weight,0.0764020726066863
mdgnc_edge_failures,MG LdWLOA + EW,10,1,125,f1_mass.interaction.graph_0_mg_ld_wloa_adsg_semantic_type_sizing,0.076559318436853
mdgnc_edge_failures,MG LdWLOA + EW,10,1,125,f1_mass.interaction.graph_1_edge_weight_sizing,0.3304500108720479
mdgnc_edge_failures,MG LdWLOA + EW,10,1,150,f0_failure_rate.graph_0.mg_ld_wloa_adsg_semantic_type,0.0033853724566579
mdgnc_edge_failures,MG LdWLOA + EW,10,1,150,f0_failure_rate.graph_1.edge_weight,0.3302228185887015
mdgnc_edge_failures,MG LdWLOA + EW,10,1,150,f0_failure_rate.sizing,0.0711613217783091
mdgnc_edge_failures,MG LdWLOA + EW,10,1,150,f0_failure_rate.interaction.graph_0_mg_ld_wloa_adsg_semantic_type_graph_1_edge_weight,0.2606318874993254
mdgnc_edge_failures,MG LdWLOA + EW,10,1,150,f0_failure_rate.interaction.graph_0_mg_ld_wloa_adsg_semantic_type_sizing,0.2225905836068493
mdgnc_edge_failures,MG LdWLOA + EW,10,1,150,f0_failure_rate.interaction.graph_1_edge_weight_sizing,0.1120080160701564
mdgnc_edge_failures,MG LdWLOA + EW,10,1,150,f1_mass.graph_0.mg_ld_wloa_adsg_semantic_type,0.0050078749007487
mdgnc_edge_failures,MG LdWLOA + EW,10,1,150,f1_mass.graph_1.edge_weight,0.1441135965150136
mdgnc_edge_failures,MG LdWLOA + EW,10,1,150,f1_mass.sizing,0.3718804728104267
mdgnc_edge_failures,MG LdWLOA + EW,10,1,150,f1_mass.interaction.graph_0_mg_ld_wloa_adsg_semantic_type_graph_1_edge_weight,0.0710676467147597
mdgnc_edge_failures,MG LdWLOA + EW,10,1,150,f1_mass.interaction.graph_0_mg_ld_wloa_adsg_semantic_type_sizing,0.0774071216824779
mdgnc_edge_failures,MG LdWLOA + EW,10,1,150,f1_mass.interaction.graph_1_edge_weight_sizing,0.3305232873765732
mdgnc_edge_failures,MG LdWLOA + EW,10,1,175,f0_failure_rate.graph_0.mg_ld_wloa_adsg_semantic_type,0.0036019547010469
mdgnc_edge_failures,MG LdWLOA + EW,10,1,175,f0_failure_rate.graph_1.edge_weight,0.1599193960406054
mdgnc_edge_failures,MG LdWLOA + EW,10,1,175,f0_failure_rate.sizing,0.1659237815135253
mdgnc_edge_failures,MG LdWLOA + EW,10,1,175,f0_failure_rate.interaction.graph_0_mg_ld_wloa_adsg_semantic_type_graph_1_edge_weight,0.2382491428119695
mdgnc_edge_failures,MG LdWLOA + EW,10,1,175,f0_failure_rate.interaction.graph_0_mg_ld_wloa_adsg_semantic_type_sizing,0.324489125681291
mdgnc_edge_failures,MG LdWLOA + EW,10,1,175,f0_failure_rate.interaction.graph_1_edge_weight_sizing,0.1078165992515617
mdgnc_edge_failures,MG LdWLOA + EW,10,1,175,f1_mass.graph_0.mg_ld_wloa_adsg_semantic_type,0.0050421238887862
mdgnc_edge_failures,MG LdWLOA + EW,10,1,175,f1_mass.graph_1.edge_weight,0.1391656875766739
mdgnc_edge_failures,MG LdWLOA + EW,10,1,175,f1_mass.sizing,0.3724285794392715
mdgnc_edge_failures,MG LdWLOA + EW,10,1,175,f1_mass.interaction.graph_0_mg_ld_wloa_adsg_semantic_type_graph_1_edge_weight,0.0750141133576858
mdgnc_edge_failures,MG LdWLOA + EW,10,1,175,f1_mass.interaction.graph_0_mg_ld_wloa_adsg_semantic_type_sizing,0.0758198608515199
mdgnc_edge_failures,MG LdWLOA + EW,10,1,175,f1_mass.interaction.graph_1_edge_weight_sizing,0.3325296348860626
mdgnc_edge_failures,MG LdWLOA + EW,10,1,200,f0_failure_rate.graph_0.mg_ld_wloa_adsg_semantic_type,0.0035762249339556
mdgnc_edge_failures,MG LdWLOA + EW,10,1,200,f0_failure_rate.graph_1.edge_weight,0.1625067124725418
mdgnc_edge_failures,MG LdWLOA + EW,10,1,200,f0_failure_rate.sizing,0.1620728255681938
mdgnc_edge_failures,MG LdWLOA + EW,10,1,200,f0_failure_rate.interaction.graph_0_mg_ld_wloa_adsg_semantic_type_graph_1_edge_weight,0.2396312015121183
mdgnc_edge_failures,MG LdWLOA + EW,10,1,200,f0_failure_rate.interaction.graph_0_mg_ld_wloa_adsg_semantic_type_sizing,0.3231162747878245
mdgnc_edge_failures,MG LdWLOA + EW,10,1,200,f0_failure_rate.interaction.graph_1_edge_weight_sizing,0.1090967607253658
mdgnc_edge_failures,MG LdWLOA + EW,10,1,200,f1_mass.graph_0.mg_ld_wloa_adsg_semantic_type,0.0052336803713228
mdgnc_edge_failures,MG LdWLOA + EW,10,1,200,f1_mass.graph_1.edge_weight,0.351023881297628
mdgnc_edge_failures,MG LdWLOA + EW,10,1,200,f1_mass.sizing,0.3522024522339632
mdgnc_edge_failures,MG LdWLOA + EW,10,1,200,f1_mass.interaction.graph_0_mg_ld_wloa_adsg_semantic_type_graph_1_edge_weight,0.003970674793427
mdgnc_edge_failures,MG LdWLOA + EW,10,1,200,f1_mass.interaction.graph_0_mg_ld_wloa_adsg_semantic_type_sizing,0.1799000065565588
mdgnc_edge_failures,MG LdWLOA + EW,10,1,200,f1_mass.interaction.graph_1_edge_weight_sizing,0.1076693047470999
mdgnc_edge_failures,MG LdWLOA + EW,10,1,225,f0_failure_rate.graph_0.mg_ld_wloa_adsg_semantic_type,0.0057777032072432
mdgnc_edge_failures,MG LdWLOA + EW,10,1,225,f0_failure_rate.graph_1.edge_weight,0.2930494447572079
mdgnc_edge_failures,MG LdWLOA + EW,10,1,225,f0_failure_rate.sizing,0.0358536311068049
mdgnc_edge_failures,MG LdWLOA + EW,10,1,225,f0_failure_rate.interaction.graph_0_mg_ld_wloa_adsg_semantic_type_graph_1_edge_weight,0.17332736951121
mdgnc_edge_failures,MG LdWLOA + EW,10,1,225,f0_failure_rate.interaction.graph_0_mg_ld_wloa_adsg_semantic_type_sizing,0.1568463273838324
mdgnc_edge_failures,MG LdWLOA + EW,10,1,225,f0_failure_rate.interaction.graph_1_edge_weight_sizing,0.3351455240337015
mdgnc_edge_failures,MG LdWLOA + EW,10,1,225,f1_mass.graph_0.mg_ld_wloa_adsg_semantic_type,0.0050674269207031
mdgnc_edge_failures,MG LdWLOA + EW,10,1,225,f1_mass.graph_1.edge_weight,0.1432828886110782
mdgnc_edge_failures,MG LdWLOA + EW,10,1,225,f1_mass.sizing,0.3779344331864874
mdgnc_edge_failures,MG LdWLOA + EW,10,1,225,f1_mass.interaction.graph_0_mg_ld_wloa_adsg_semantic_type_graph_1_edge_weight,0.0691333029144549
mdgnc_edge_failures,MG LdWLOA + EW,10,1,225,f1_mass.interaction.graph_0_mg_ld_wloa_adsg_semantic_type_sizing,0.0717789797406829
mdgnc_edge_failures,MG LdWLOA + EW,10,1,225,f1_mass.interaction.graph_1_edge_weight_sizing,0.3328029686265931
mdgnc_edge_failures,MG LdWLOA + EW,10,1,250,f0_failure_rate.graph_0.mg_ld_wloa_adsg_semantic_type,0.003471722473776
mdgnc_edge_failures,MG LdWLOA + EW,10,1,250,f0_failure_rate.graph_1.edge_weight,0.0118903992060665
mdgnc_edge_failures,MG LdWLOA + EW,10,1,250,f0_failure_rate.sizing,0.1196488746382136
mdgnc_edge_failures,MG LdWLOA + EW,10,1,250,f0_failure_rate.interaction.graph_0_mg_ld_wloa_adsg_semantic_type_graph_1_edge_weight,0.344347147703343
mdgnc_edge_failures,MG LdWLOA + EW,10,1,250,f0_failure_rate.interaction.graph_0_mg_ld_wloa_adsg_semantic_type_sizing,0.2543050750126626
mdgnc_edge_failures,MG LdWLOA + EW,10,1,250,f0_failure_rate.interaction.graph_1_edge_weight_sizing,0.2663367809659381
mdgnc_edge_failures,MG LdWLOA + EW,10,1,250,f1_mass.graph_0.mg_ld_wloa_adsg_semantic_type,0.0050601377038671
mdgnc_edge_failures,MG LdWLOA + EW,10,1,250,f1_mass.graph_1.edge_weight,0.1366455435194938
mdgnc_edge_failures,MG LdWLOA + EW,10,1,250,f1_mass.sizing,0.3790736030907776
mdgnc_edge_failures,MG LdWLOA + EW,10,1,250,f1_mass.interaction.graph_0_mg_ld_wloa_adsg_semantic_type_graph_1_edge_weight,0.0701505369062564
mdgnc_edge_failures,MG LdWLOA + EW,10,1,250,f1_mass.interaction.graph_0_mg_ld_wloa_adsg_semantic_type_sizing,0.0751505210120784
mdgnc_edge_failures,MG LdWLOA + EW,10,1,250,f1_mass.interaction.graph_1_edge_weight_sizing,0.3339196577675266
mdgnc_edge_failures,MG LdWLOA + EW,10,1,275,f0_failure_rate.graph_0.mg_ld_wloa_adsg_semantic_type,0.230302895562154
mdgnc_edge_failures,MG LdWLOA + EW,10,1,275,f0_failure_rate.graph_1.edge_weight,0.4185306361040254
mdgnc_edge_failures,MG LdWLOA + EW,10,1,275,f0_failure_rate.sizing,0.0023030289556215
mdgnc_edge_failures,MG LdWLOA + EW,10,1,275,f0_failure_rate.interaction.graph_0_mg_ld_wloa_adsg_semantic_type_graph_1_edge_weight,0.2857743230996197
mdgnc_edge_failures,MG LdWLOA + EW,10,1,275,f0_failure_rate.interaction.graph_0_mg_ld_wloa_adsg_semantic_type_sizing,0.0607860873229576
mdgnc_edge_failures,MG LdWLOA + EW,10,1,275,f0_failure_rate.interaction.graph_1_edge_weight_sizing,0.0023030289556215
mdgnc_edge_failures,MG LdWLOA + EW,10,1,275,f1_mass.graph_0.mg_ld_wloa_adsg_semantic_type,0.1180748585337965
mdgnc_edge_failures,MG LdWLOA + EW,10,1,275,f1_mass.graph_1.edge_weight,0.3688083491025221
mdgnc_edge_failures,MG LdWLOA + EW,10,1,275,f1_mass.sizing,0.2407591354904799
mdgnc_edge_failures,MG LdWLOA + EW,10,1,275,f1_mass.interaction.graph_0_mg_ld_wloa_adsg_semantic_type_graph_1_edge_weight,0.1368270472440348
mdgnc_edge_failures,MG LdWLOA + EW,10,1,275,f1_mass.interaction.graph_0_mg_ld_wloa_adsg_semantic_type_sizing,0.0011807485853379
mdgnc_edge_failures,MG LdWLOA + EW,10,1,275,f1_mass.interaction.graph_1_edge_weight_sizing,0.1343498610438284
mdgnc_edge_failures,MG LdWLOA + EW,10,1,300,f0_failure_rate.graph_0.mg_ld_wloa_adsg_semantic_type,0.0022808375490101
mdgnc_edge_failures,MG LdWLOA + EW,10,1,300,f0_failure_rate.graph_1.edge_weight,0.162936544044555
mdgnc_edge_failures,MG LdWLOA + EW,10,1,300,f0_failure_rate.sizing,0.2111759450912909
mdgnc_edge_failures,MG LdWLOA + EW,10,1,300,f0_failure_rate.interaction.graph_0_mg_ld_wloa_adsg_semantic_type_graph_1_edge_weight,0.1913621967195783
mdgnc_edge_failures,MG LdWLOA + EW,10,1,300,f0_failure_rate.interaction.graph_0_mg_ld_wloa_adsg_semantic_type_sizing,0.2261778338203148
mdgnc_edge_failures,MG LdWLOA + EW,10,1,300,f0_failure_rate.interaction.graph_1_edge_weight_sizing,0.2060666427752507
mdgnc_edge_failures,MG LdWLOA + EW,10,1,300,f1_mass.graph_0.mg_ld_wloa_adsg_semantic_type,0.0049987155385861
mdgnc_edge_failures,MG LdWLOA + EW,10,1,300,f1_mass.graph_1.edge_weight,0.1406193805557379
mdgnc_edge_failures,MG LdWLOA + EW,10,1,300,f1_mass.sizing,0.370672773467309
mdgnc_edge_failures,MG LdWLOA + EW,10,1,300,f1_mass.interaction.graph_0_mg_ld_wloa_adsg_semantic_type_graph_1_edge_weight,0.074392211506161
mdgnc_edge_failures,MG LdWLOA + EW,10,1,300,f1_mass.interaction.graph_0_mg_ld_wloa_adsg_semantic_type_sizing,0.0764105430691881
mdgnc_edge_failures,MG LdWLOA + EW,10,1,300,f1_mass.interaction.graph_1_edge_weight_sizing,0.3329063758630177
mdgnc_edge_failures,MG LdWLOA + EW,10,2,25,f0_failure_rate.graph_0.mg_ld_wloa_adsg_semantic_type,0.0042809459683765
mdgnc_edge_failures,MG LdWLOA + EW,10,2,25,f0_failure_rate.graph_1.edge_weight,0.3485669011177769
mdgnc_edge_failures,MG LdWLOA + EW,10,2,25,f0_failure_rate.sizing,0.064381668515306
mdgnc_edge_failures,MG LdWLOA + EW,10,2,25,f0_failure_rate.interaction.graph_0_mg_ld_wloa_adsg_semantic_type_graph_1_edge_weight,0.2121254897668743
mdgnc_edge_failures,MG LdWLOA + EW,10,2,25,f0_failure_rate.interaction.graph_0_mg_ld_wloa_adsg_semantic_type_sizing,0.1942084033504569
mdgnc_edge_failures,MG LdWLOA + EW,10,2,25,f0_failure_rate.interaction.graph_1_edge_weight_sizing,0.1764365912812092
mdgnc_edge_failures,MG LdWLOA + EW,10,2,25,f1_mass.graph_0.mg_ld_wloa_adsg_semantic_type,0.0042271443592069
mdgnc_edge_failures,MG LdWLOA + EW,10,2,25,f1_mass.graph_1.edge_weight,0.3477735680771369
mdgnc_edge_failures,MG LdWLOA + EW,10,2,25,f1_mass.sizing,0.0639719663365111
mdgnc_edge_failures,MG LdWLOA + EW,10,2,25,f1_mass.interaction.graph_0_mg_ld_wloa_adsg_semantic_type_graph_1_edge_weight,0.2133914680952575
mdgnc_edge_failures,MG LdWLOA + EW,10,2,25,f1_mass.interaction.graph_0_mg_ld_wloa_adsg_semantic_type_sizing,0.1923129641344586
mdgnc_edge_failures,MG LdWLOA + EW,10,2,25,f1_mass.interaction.graph_1_edge_weight_sizing,0.1783228889974288
mdgnc_edge_failures,MG LdWLOA + EW,10,2,50,f0_failure_rate.graph_0.mg_ld_wloa_adsg_semantic_type,0.0034897002278572
mdgnc_edge_failures,MG LdWLOA + EW,10,2,50,f0_failure_rate.graph_1.edge_weight,0.0086290534023449
mdgnc_edge_failures,MG LdWLOA + EW,10,2,50,f0_failure_rate.sizing,0.1198135839426258
mdgnc_edge_failures,MG LdWLOA + EW,10,2,50,f0_failure_rate.interaction.graph_0_mg_ld_wloa_adsg_semantic_type_graph_1_edge_weight,0.3435924611169632
mdgnc_edge_failures,MG LdWLOA + EW,10,2,50,f0_failure_rate.interaction.graph_0_mg_ld_wloa_adsg_semantic_type_sizing,0.2566267318031079
mdgnc_edge_failures,MG LdWLOA + EW,10,2,50,f0_failure_rate.interaction.graph_1_edge_weight_sizing,0.267848469507101
mdgnc_edge_failures,MG LdWLOA + EW,10,2,50,f1_mass.graph_0.mg_ld_wloa_adsg_semantic_type,0.0050504248413156
mdgnc_edge_failures,MG LdWLOA + EW,10,2,50,f1_mass.graph_1.edge_weight,0.140433047630501
mdgnc_edge_failures,MG LdWLOA + EW,10,2,50,f1_mass.sizing,0.3732240875841807
mdgnc_edge_failures,MG LdWLOA + EW,10,2,50,f1_mass.interaction.graph_0_mg_ld_wloa_adsg_semantic_type_graph_1_edge_weight,0.0711768827543495
mdgnc_edge_failures,MG LdWLOA + EW,10,2,50,f1_mass.interaction.graph_0_mg_ld_wloa_adsg_semantic_type_sizing,0.0761431685392466
mdgnc_edge_failures,MG LdWLOA + EW,10,2,50,f1_mass.interaction.graph_1_edge_weight_sizing,0.3339723886504063
mdgnc_edge_failures,MG LdWLOA + EW,10,2,75,f0_failure_rate.graph_0.mg_ld_wloa_adsg_semantic_type,0.2714677318404153
mdgnc_edge_failures,MG LdWLOA + EW,10,2,75,f0_failure_rate.graph_1.edge_weight,0.45877277120205
mdgnc_edge_failures,MG LdWLOA + EW,10,2,75,f0_failure_rate.sizing,0.0027146773184041
mdgnc_edge_failures,MG LdWLOA + EW,10,2,75,f0_failure_rate.interaction.graph_0_mg_ld_wloa_adsg_semantic_type_graph_1_edge_weight,0.2616154650023224
mdgnc_edge_failures,MG LdWLOA + EW,10,2,75,f0_failure_rate.interaction.graph_0_mg_ld_wloa_adsg_semantic_type_sizing,0.0027146773184041
mdgnc_edge_failures,MG LdWLOA + EW,10,2,75,f0_failure_rate.interaction.graph_1_edge_weight_sizing,0.0027146773184041
mdgnc_edge_failures,MG LdWLOA + EW,10,2,75,f1_mass.graph_0.mg_ld_wloa_adsg_semantic_type,0.1091549290671581
mdgnc_edge_failures,MG LdWLOA + EW,10,2,75,f1_mass.graph_1.edge_weight,0.3666247397986921
mdgnc_edge_failures,MG LdWLOA + EW,10,2,75,f1_mass.sizing,0.1612472391044473
mdgnc_edge_failures,MG LdWLOA + EW,10,2,75,f1_mass.interaction.graph_0_mg_ld_wloa_adsg_semantic_type_graph_1_edge_weight,0.0768830216362171
mdgnc_edge_failures,MG LdWLOA + EW,10,2,75,f1_mass.interaction.graph_0_mg_ld_wloa_adsg_semantic_type_sizing,0.146182327124815
mdgnc_edge_failures,MG LdWLOA + EW,10,2,75,f1_mass.interaction.graph_1_edge_weight_sizing,0.1399077432686703
mdgnc_edge_failures,MG LdWLOA + EW,10,2,100,f0_failure_rate.graph_0.mg_ld_wloa_adsg_semantic_type,0.0052747718061277
mdgnc_edge_failures,MG LdWLOA + EW,10,2,100,f0_failure_rate.graph_1.edge_weight,0.3551818265987451
mdgnc_edge_failures,MG LdWLOA + EW,10,2,100,f0_failure_rate.sizing,0.3470224573852187
mdgnc_edge_failures,MG LdWLOA + EW,10,2,100,f0_failure_rate.interaction.graph_0_mg_ld_wloa_adsg_semantic_type_graph_1_edge_weight,0.001221304340796
mdgnc_edge_failures,MG LdWLOA + EW,10,2,100,f0_failure_rate.interaction.graph_0_mg_ld_wloa_adsg_semantic_type_sizing,0.1851228080822629
mdgnc_edge_failures,MG LdWLOA + EW,10,2,100,f0_failure_rate.interaction.graph_1_edge_weight_sizing,0.1061768317868493
mdgnc_edge_failures,MG LdWLOA + EW,10,2,100,f1_mass.graph_0.mg_ld_wloa_adsg_semantic_type,0.0050115406340179
mdgnc_edge_failures,MG LdWLOA + EW,10,2,100,f1_mass.graph_1.edge_weight,0.1390261319592649
mdgnc_edge_failures,MG LdWLOA + EW,10,2,100,f1_mass.sizing,0.3742817328777935
mdgnc_edge_failures,MG LdWLOA + EW,10,2,100,f1_mass.interaction.graph_0_mg_ld_wloa_adsg_semantic_type_graph_1_edge_weight,0.0722137268180031
mdgnc_edge_failures,MG LdWLOA + EW,10,2,100,f1_mass.interaction.graph_0_mg_ld_wloa_adsg_semantic_type_sizing,0.0797650268655407
mdgnc_edge_failures,MG LdWLOA + EW,10,2,100,f1_mass.interaction.graph_1_edge_weight_sizing,0.3297018408453797
mdgnc_edge_failures,MG LdWLOA + EW,10,2,125,f0_failure_rate.graph_0.mg_ld_wloa_adsg_semantic_type,0.0035109040205349
mdgnc_edge_failures,MG LdWLOA + EW,10,2,125,f0_failure_rate.graph_1.edge_weight,0.0072906842557284
mdgnc_edge_failures,MG LdWLOA + EW,10,2,125,f0_failure_rate.sizing,0.1203712454582518
mdgnc_edge_failures,MG LdWLOA + EW,10,2,125,f0_failure_rate.interaction.graph_0_mg_ld_wloa_adsg_semantic_type_graph_1_edge_weight,0.3467920021711976
mdgnc_edge_failures,MG LdWLOA + EW,10,2,125,f0_failure_rate.interaction.graph_0_mg_ld_wloa_adsg_semantic_type_sizing,0.2550262416673726
mdgnc_edge_failures,MG LdWLOA + EW,10,2,125,f0_failure_rate.interaction.graph_1_edge_weight_sizing,0.2670089224269144
mdgnc_edge_failures,MG LdWLOA + EW,10,2,125,f1_mass.graph_0.mg_ld_wloa_adsg_semantic_type,0.0050236618400096
mdgnc_edge_failures,MG LdWLOA + EW,10,2,125,f1_mass.graph_1.edge_weight,0.141461435726213
mdgnc_edge_failures,MG LdWLOA + EW,10,2,125,f1_mass.sizing,0.3789555060856895
mdgnc_edge_failures,MG LdWLOA + EW,10,2,125,f1_mass.interaction.graph_0_mg_ld_wloa_adsg_semantic_type_graph_1_edge_weight,0.0720210450296644
mdgnc_edge_failures,MG LdWLOA + EW,10,2,125,f1_mass.interaction.graph_0_mg_ld_wloa_adsg_semantic_type_sizing,0.0703178983287483
mdgnc_edge_failures,MG LdWLOA + EW,10,2,125,f1_mass.interaction.graph_1_edge_weight_sizing,0.3322204529896749
mdgnc_edge_failures,MG LdWLOA + EW,10,2,150,f0_failure_rate.graph_0.mg_ld_wloa_adsg_semantic_type,0.2069656082855927
mdgnc_edge_failures,MG LdWLOA + EW,10,2,150,f0_failure_rate.graph_1.edge_weight,0.4739257304167104
mdgnc_edge_failures,MG LdWLOA + EW,10,2,150,f0_failure_rate.sizing,0.0020696560828559
mdgnc_edge_failures,MG LdWLOA + EW,10,2,150,f0_failure_rate.interaction.graph_0_mg_ld_wloa_adsg_semantic_type_graph_1_edge_weight,0.3003555193746055
mdgnc_edge_failures,MG LdWLOA + EW,10,2,150,f0_failure_rate.interaction.graph_0_mg_ld_wloa_adsg_semantic_type_sizing,0.0146138297573795
mdgnc_edge_failures,MG LdWLOA + EW,10,2,150,f0_failure_rate.interaction.graph_1_edge_weight_sizing,0.0020696560828559
mdgnc_edge_failures,MG LdWLOA + EW,10,2,150,f1_mass.graph_0.mg_ld_wloa_adsg_semantic_type,0.0049778262077123
mdgnc_edge_failures,MG LdWLOA + EW,10,2,150,f1_mass.graph_1.edge_weight,0.1394742104166336
mdgnc_edge_failures,MG LdWLOA + EW,10,2,150,f1_mass.sizing,0.3694269622364839
mdgnc_edge_failures,MG LdWLOA + EW,10,2,150,f1_mass.interaction.graph_0_mg_ld_wloa_adsg_semantic_type_graph_1_edge_weight,0.0767708539951417
mdgnc_edge_failures,MG LdWLOA + EW,10,2,150,f1_mass.interaction.graph_0_mg_ld_wloa_adsg_semantic_type_sizing,0.0752715747773893
mdgnc_edge_failures,MG LdWLOA + EW,10,2,150,f1_mass.interaction.graph_1_edge_weight_sizing,0.3340785723666388
mdgnc_edge_failures,MG LdWLOA + EW,10,2,175,f0_failure_rate.graph_0.mg_ld_wloa_adsg_semantic_type,0.0036108042720993
mdgnc_edge_failures,MG LdWLOA + EW,10,2,175,f0_failure_rate.graph_1.edge_weight,0.1612763136058849
mdgnc_edge_failures,MG LdWLOA + EW,10,2,175,f0_failure_rate.sizing,0.1613143730893295
mdgnc_edge_failures,MG LdWLOA + EW,10,2,175,f0_failure_rate.interaction.graph_0_mg_ld_wloa_adsg_semantic_type_graph_1_edge_weight,0.2413655131281697
mdgnc_edge_failures,MG LdWLOA + EW,10,2,175,f0_failure_rate.interaction.graph_0_mg_ld_wloa_adsg_semantic_type_sizing,0.3245739972016155
mdgnc_edge_failures,MG LdWLOA + EW,10,2,175,f0_failure_rate.interaction.graph_1_edge_weight_sizing,0.1078589987029007
mdgnc_edge_failures,MG LdWLOA + EW,10,2,175,f1_mass.graph_0.mg_ld_wloa_adsg_semantic_type,0.005027089717901
mdgnc_edge_failures,MG LdWLOA + EW,10,2,175,f1_mass.graph_1.edge_weight,0.1417365083364156
mdgnc_edge_failures,MG LdWLOA + EW,10,2,175,f1_mass.sizing,0.3708552944042239
mdgnc_edge_failures,MG LdWLOA + EW,10,2,175,f1_mass.interaction.graph_0_mg_ld_wloa_adsg_semantic_type_graph_1_edge_weight,0.076390822293915
mdgnc_edge_failures,MG LdWLOA + EW,10,2,175,f1_mass.interaction.graph_0_mg_ld_wloa_adsg_semantic_type_sizing,0.0743770892264442
mdgnc_edge_failures,MG LdWLOA + EW,10,2,175,f1_mass.interaction.graph_1_edge_weight_sizing,0.3316131960210999
mdgnc_edge_failures,MG LdWLOA + EW,10,2,200,f0_failure_rate.graph_0.mg_ld_wloa_adsg_semantic_type,0.0035996710386921
mdgnc_edge_failures,MG LdWLOA + EW,10,2,200,f0_failure_rate.graph_1.edge_weight,0.1611035838644664
mdgnc_edge_failures,MG LdWLOA + EW,10,2,200,f0_failure_rate.sizing,0.1653470077028122
mdgnc_edge_failures,MG LdWLOA + EW,10,2,200,f0_failure_rate.interaction.graph_0_mg_ld_wloa_adsg_semantic_type_graph_1_edge_weight,0.240034271538155
mdgnc_edge_failures,MG LdWLOA + EW,10,2,200,f0_failure_rate.interaction.graph_0_mg_ld_wloa_adsg_semantic_type_sizing,0.3241850663410059
mdgnc_edge_failures,MG LdWLOA + EW,10,2,200,f0_failure_rate.interaction.graph_1_edge_weight_sizing,0.1057303995148681
mdgnc_edge_failures,MG LdWLOA + EW,10,2,200,f1_mass.graph_0.mg_ld_wloa_adsg_semantic_type,0.0050196539687482
mdgnc_edge_failures,MG LdWLOA + EW,10,2,200,f1_mass.graph_1.edge_weight,0.1391076986649078
mdgnc_edge_failures,MG LdWLOA + EW,10,2,200,f1_mass.sizing,0.3736818971646498
mdgnc_edge_failures,MG LdWLOA + EW,10,2,200,f1_mass.interaction.graph_0_mg_ld_wloa_adsg_semantic_type_graph_1_edge_weight,0.0752303933157049
mdgnc_edge_failures,MG LdWLOA + EW,10,2,200,f1_mass.interaction.graph_0_mg_ld_wloa_adsg_semantic_type_sizing,0.073149486720547
mdgnc_edge_failures,MG LdWLOA + EW,10,2,200,f1_mass.interaction.graph_1_edge_weight_sizing,0.3338108701654421
mdgnc_edge_failures,MG LdWLOA + EW,10,2,225,f0_failure_rate.graph_0.mg_ld_wloa_adsg_semantic_type,0.0022867556874594
mdgnc_edge_failures,MG LdWLOA + EW,10,2,225,f0_failure_rate.graph_1.edge_weight,0.1609739188565178
mdgnc_edge_failures,MG LdWLOA + EW,10,2,225,f0_failure_rate.sizing,0.210558886599356
mdgnc_edge_failures,MG LdWLOA + EW,10,2,225,f0_failure_rate.interaction.graph_0_mg_ld_wloa_adsg_semantic_type_graph_1_edge_weight,0.1928480087563867
mdgnc_edge_failures,MG LdWLOA + EW,10,2,225,f0_failure_rate.interaction.graph_0_mg_ld_wloa_adsg_semantic_type_sizing,0.2249948890652532
mdgnc_edge_failures,MG LdWLOA + EW,10,2,225,f0_failure_rate.interaction.graph_1_edge_weight_sizing,0.2083375410350265
mdgnc_edge_failures,MG LdWLOA + EW,10,2,225,f1_mass.graph_0.mg_ld_wloa_adsg_semantic_type,0.0050308207700667
mdgnc_edge_failures,MG LdWLOA + EW,10,2,225,f1_mass.graph_1.edge_weight,0.1411872506350337
mdgnc_edge_failures,MG LdWLOA + EW,10,2,225,f1_mass.sizing,0.3747024417312608
mdgnc_edge_failures,MG LdWLOA + EW,10,2,225,f1_mass.interaction.graph_0_mg_ld_wloa_adsg_semantic_type_graph_1_edge_weight,0.0715931057597919
mdgnc_edge_failures,MG LdWLOA + EW,10,2,225,f1_mass.interaction.graph_0_mg_ld_wloa_adsg_semantic_type_sizing,0.0752194230576872
mdgnc_edge_failures,MG LdWLOA + EW,10,2,225,f1_mass.interaction.graph_1_edge_weight_sizing,0.3322669580461594
mdgnc_edge_failures,MG LdWLOA + EW,10,2,250,f0_failure_rate.graph_0.mg_ld_wloa_adsg_semantic_type,0.2013644392558616
mdgnc_edge_failures,MG LdWLOA + EW,10,2,250,f0_failure_rate.graph_1.edge_weight,0.3936972588311713
mdgnc_edge_failures,MG LdWLOA + EW,10,2,250,f0_failure_rate.sizing,0.0020136443925586
mdgnc_edge_failures,MG LdWLOA + EW,10,2,250,f0_failure_rate.interaction.graph_0_mg_ld_wloa_adsg_semantic_type_graph_1_edge_weight,0.2972824661243034
mdgnc_edge_failures,MG LdWLOA + EW,10,2,250,f0_failure_rate.interaction.graph_0_mg_ld_wloa_adsg_semantic_type_sizing,0.1036285470035466
mdgnc_edge_failures,MG LdWLOA + EW,10,2,250,f0_failure_rate.interaction.graph_1_edge_weight_sizing,0.0020136443925586
mdgnc_edge_failures,MG LdWLOA + EW,10,2,250,f1_mass.graph_0.mg_ld_wloa_adsg_semantic_type,0.1358577510239262
mdgnc_edge_failures,MG LdWLOA + EW,10,2,250,f1_mass.graph_1.edge_weight,0.4096285008279887
mdgnc_edge_failures,MG LdWLOA + EW,10,2,250,f1_mass.sizing,0.2162744337093351
mdgnc_edge_failures,MG LdWLOA + EW,10,2,250,f1_mass.interaction.graph_0_mg_ld_wloa_adsg_semantic_type_graph_1_edge_weight,0.0013585775102392
mdgnc_edge_failures,MG LdWLOA + EW,10,2,250,f1_mass.interaction.graph_0_mg_ld_wloa_adsg_semantic_type_sizing,0.0013585775102392
mdgnc_edge_failures,MG LdWLOA + EW,10,2,250,f1_mass.interaction.graph_1_edge_weight_sizing,0.2355221594182715
mdgnc_edge_failures,MG LdWLOA + EW,10,2,275,f0_failure_rate.graph_0.mg_ld_wloa_adsg_semantic_type,0.002270386142458
mdgnc_edge_failures,MG LdWLOA + EW,10,2,275,f0_failure_rate.graph_1.edge_weight,0.1611816808886963
mdgnc_edge_failures,MG LdWLOA + EW,10,2,275,f0_failure_rate.sizing,0.2103300520498454
mdgnc_edge_failures,MG LdWLOA + EW,10,2,275,f0_failure_rate.interaction.graph_0_mg_ld_wloa_adsg_semantic_type_graph_1_edge_weight,0.1931622153117037
mdgnc_edge_failures,MG LdWLOA + EW,10,2,275,f0_failure_rate.interaction.graph_0_mg_ld_wloa_adsg_semantic_type_sizing,0.2262420048080577
mdgnc_edge_failures,MG LdWLOA + EW,10,2,275,f0_failure_rate.interaction.graph_1_edge_weight_sizing,0.2068136607992386
mdgnc_edge_failures,MG LdWLOA + EW,10,2,275,f1_mass.graph_0.mg_ld_wloa_adsg_semantic_type,0.0050027703941779
mdgnc_edge_failures,MG LdWLOA + EW,10,2,275,f1_mass.graph_1.edge_weight,0.1431035575158509
mdgnc_edge_failures,MG LdWLOA + EW,10,2,275,f1_mass.sizing,0.3747232781558366
mdgnc_edge_failures,MG LdWLOA + EW,10,2,275,f1_mass.interaction.graph_0_mg_ld_wloa_adsg_semantic_type_graph_1_edge_weight,0.0698772697619834
mdgnc_edge_failures,MG LdWLOA + EW,10,2,275,f1_mass.interaction.graph_0_mg_ld_wloa_adsg_semantic_type_sizing,0.0718538723164988
mdgnc_edge_failures,MG LdWLOA + EW,10,2,275,f1_mass.interaction.graph_1_edge_weight_sizing,0.3354392518556521
mdgnc_edge_failures,MG LdWLOA + EW,10,2,300,f0_failure_rate.graph_0.mg_ld_wloa_adsg_semantic_type,0.0035946861712725
mdgnc_edge_failures,MG LdWLOA + EW,10,2,300,f0_failure_rate.graph_1.edge_weight,0.1637049854443067
mdgnc_edge_failures,MG LdWLOA + EW,10,2,300,f0_failure_rate.sizing,0.162157308338868
mdgnc_edge_failures,MG LdWLOA + EW,10,2,300,f0_failure_rate.interaction.graph_0_mg_ld_wloa_adsg_semantic_type_graph_1_edge_weight,0.2400385521424576
mdgnc_edge_failures,MG LdWLOA + EW,10,2,300,f0_failure_rate.interaction.graph_0_mg_ld_wloa_adsg_semantic_type_sizing,0.3218393495143669
mdgnc_edge_failures,MG LdWLOA + EW,10,2,300,f0_failure_rate.interaction.graph_1_edge_weight_sizing,0.1086651183887281
mdgnc_edge_failures,MG LdWLOA + EW,10,2,300,f1_mass.graph_0.mg_ld_wloa_adsg_semantic_type,0.0050265589204107
mdgnc_edge_failures,MG LdWLOA + EW,10,2,300,f1_mass.graph_1.edge_weight,0.1412704130146683
mdgnc_edge_failures,MG LdWLOA + EW,10,2,300,f1_mass.sizing,0.3737726568517784
mdgnc_edge_failures,MG LdWLOA + EW,10,2,300,f1_mass.interaction.graph_0_mg_ld_wloa_adsg_semantic_type_graph_1_edge_weight,0.0729575819774212
mdgnc_edge_failures,MG LdWLOA + EW,10,2,300,f1_mass.interaction.graph_0_mg_ld_wloa_adsg_semantic_type_sizing,0.0755036669385373
mdgnc_edge_failures,MG LdWLOA + EW,10,2,300,f1_mass.interaction.graph_1_edge_weight_sizing,0.331469122297184
mdgnc_edge_failures,MG LdWLOA + EW,10,3,25,f0_failure_rate.graph_0.mg_ld_wloa_adsg_semantic_type,0.0034127560834248
mdgnc_edge_failures,MG LdWLOA + EW,10,3,25,f0_failure_rate.graph_1.edge_weight,0.3272083542096163
mdgnc_edge_failures,MG LdWLOA + EW,10,3,25,f0_failure_rate.sizing,0.0686275434112969
mdgnc_edge_failures,MG LdWLOA + EW,10,3,25,f0_failure_rate.interaction.graph_0_mg_ld_wloa_adsg_semantic_type_graph_1_edge_weight,0.2536551215407479
mdgnc_edge_failures,MG LdWLOA + EW,10,3,25,f0_failure_rate.interaction.graph_0_mg_ld_wloa_adsg_semantic_type_sizing,0.2312314773281511
mdgnc_edge_failures,MG LdWLOA + EW,10,3,25,f0_failure_rate.interaction.graph_1_edge_weight_sizing,0.1158647474267628
mdgnc_edge_failures,MG LdWLOA + EW,10,3,25,f1_mass.graph_0.mg_ld_wloa_adsg_semantic_type,0.0090403724201627
mdgnc_edge_failures,MG LdWLOA + EW,10,3,25,f1_mass.graph_1.edge_weight,0.1195196622579877
mdgnc_edge_failures,MG LdWLOA + EW,10,3,25,f1_mass.sizing,0.462974092179245
mdgnc_edge_failures,MG LdWLOA + EW,10,3,25,f1_mass.interaction.graph_0_mg_ld_wloa_adsg_semantic_type_graph_1_edge_weight,0.3313898993494424
mdgnc_edge_failures,MG LdWLOA + EW,10,3,25,f1_mass.interaction.graph_0_mg_ld_wloa_adsg_semantic_type_sizing,0.0094340201536524
mdgnc_edge_failures,MG LdWLOA + EW,10,3,25,f1_mass.interaction.graph_1_edge_weight_sizing,0.0676419536395094
mdgnc_edge_failures,MG LdWLOA + EW,10,3,50,f0_failure_rate.graph_0.mg_ld_wloa_adsg_semantic_type,0.0036032046143816
mdgnc_edge_failures,MG LdWLOA + EW,10,3,50,f0_failure_rate.graph_1.edge_weight,0.1619208910168348
mdgnc_edge_failures,MG LdWLOA + EW,10,3,50,f0_failure_rate.sizing,0.1621764717880522
mdgnc_edge_failures,MG LdWLOA + EW,10,3,50,f0_failure_rate.interaction.graph_0_mg_ld_wloa_adsg_semantic_type_graph_1_edge_weight,0.2412198267569852
mdgnc_edge_failures,MG LdWLOA + EW,10,3,50,f0_failure_rate.interaction.graph_0_mg_ld_wloa_adsg_semantic_type_sizing,0.3241869954685517
mdgnc_edge_failures,MG LdWLOA + EW,10,3,50,f0_failure_rate.interaction.graph_1_edge_weight_sizing,0.1068926103551941
mdgnc_edge_failures,MG LdWLOA + EW,10,3,50,f1_mass.graph_0.mg_ld_wloa_adsg_semantic_type,0.0050585199167895
mdgnc_edge_failures,MG LdWLOA + EW,10,3,50,f1_mass.graph_1.edge_weight,0.1432301482052697
mdgnc_edge_failures,MG LdWLOA + EW,10,3,50,f1_mass.sizing,0.3677732620071096
mdgnc_edge_failures,MG LdWLOA + EW,10,3,50,f1_mass.interaction.graph_0_mg_ld_wloa_adsg_semantic_type_graph_1_edge_weight,0.0755025536229166
mdgnc_edge_failures,MG LdWLOA + EW,10,3,50,f1_mass.interaction.graph_0_mg_ld_wloa_adsg_semantic_type_sizing,0.0738297427705126
mdgnc_edge_failures,MG LdWLOA + EW,10,3,50,f1_mass.interaction.graph_1_edge_weight_sizing,0.3346057734774017
mdgnc_edge_failures,MG LdWLOA + EW,10,3,75,f0_failure_rate.graph_0.mg_ld_wloa_adsg_semantic_type,0.0058642667578511
mdgnc_edge_failures,MG LdWLOA + EW,10,3,75,f0_failure_rate.graph_1.edge_weight,0.2951514838213356
mdgnc_edge_failures,MG LdWLOA + EW,10,3,75,f0_failure_rate.sizing,0.0323669719282474
mdgnc_edge_failures,MG LdWLOA + EW,10,3,75,f0_failure_rate.interaction.graph_0_mg_ld_wloa_adsg_semantic_type_graph_1_edge_weight,0.1633086718084843
mdgnc_edge_failures,MG LdWLOA + EW,10,3,75,f0_failure_rate.interaction.graph_0_mg_ld_wloa_adsg_semantic_type_sizing,0.1601141381406384
mdgnc_edge_failures,MG LdWLOA + EW,10,3,75,f0_failure_rate.interaction.graph_1_edge_weight_sizing,0.3431944675434428
mdgnc_edge_failures,MG LdWLOA + EW,10,3,75,f1_mass.graph_0.mg_ld_wloa_adsg_semantic_type,0.0049901887093572
mdgnc_edge_failures,MG LdWLOA + EW,10,3,75,f1_mass.graph_1.edge_weight,0.1445013248577103
mdgnc_edge_failures,MG LdWLOA + EW,10,3,75,f1_mass.sizing,0.3742054334797275
mdgnc_edge_failures,MG LdWLOA + EW,10,3,75,f1_mass.interaction.graph_0_mg_ld_wloa_adsg_semantic_type_graph_1_edge_weight,0.0716784731847013
mdgnc_edge_failures,MG LdWLOA + EW,10,3,75,f1_mass.interaction.graph_0_mg_ld_wloa_adsg_semantic_type_sizing,0.0710744432392085
mdgnc_edge_failures,MG LdWLOA + EW,10,3,75,f1_mass.interaction.graph_1_edge_weight_sizing,0.333550136529295
mdgnc_edge_failures,MG LdWLOA + EW,10,3,100,f0_failure_rate.graph_0.mg_ld_wloa_adsg_semantic_type,0.0035903862619002
mdgnc_edge_failures,MG LdWLOA + EW,10,3,100,f0_failure_rate.graph_1.edge_weight,0.1624532104625739
mdgnc_edge_failures,MG LdWLOA + EW,10,3,100,f0_failure_rate.sizing,0.1654940548426349
mdgnc_edge_failures,MG LdWLOA + EW,10,3,100,f0_failure_rate.interaction.graph_0_mg_ld_wloa_adsg_semantic_type_graph_1_edge_weight,0.2382570575828463
mdgnc_edge_failures,MG LdWLOA + EW,10,3,100,f0_failure_rate.interaction.graph_0_mg_ld_wloa_adsg_semantic_type_sizing,0.3237849287768772
mdgnc_edge_failures,MG LdWLOA + EW,10,3,100,f0_failure_rate.interaction.graph_1_edge_weight_sizing,0.1064203620731674
mdgnc_edge_failures,MG LdWLOA + EW,10,3,100,f1_mass.graph_0.mg_ld_wloa_adsg_semantic_type,0.0035568472660722
mdgnc_edge_failures,MG LdWLOA + EW,10,3,100,f1_mass.graph_1.edge_weight,0.1631189892091196
mdgnc_edge_failures,MG LdWLOA + EW,10,3,100,f1_mass.sizing,0.1682845059440749
mdgnc_edge_failures,MG LdWLOA + EW,10,3,100,f1_mass.interaction.graph_0_mg_ld_wloa_adsg_semantic_type_graph_1_edge_weight,0.2375457996721972
mdgnc_edge_failures,MG LdWLOA + EW,10,3,100,f1_mass.interaction.graph_0_mg_ld_wloa_adsg_semantic_type_sizing,0.31828027337562
mdgnc_edge_failures,MG LdWLOA + EW,10,3,100,f1_mass.interaction.graph_1_edge_weight_sizing,0.1092135845329158
mdgnc_edge_failures,MG LdWLOA + EW,10,3,125,f0_failure_rate.graph_0.mg_ld_wloa_adsg_semantic_type,0.0036078902081394
mdgnc_edge_failures,MG LdWLOA + EW,10,3,125,f0_failure_rate.graph_1.edge_weight,0.1621904914896939
mdgnc_edge_failures,MG LdWLOA + EW,10,3,125,f0_failure_rate.sizing,0.1634456069627108
mdgnc_edge_failures,MG LdWLOA + EW,10,3,125,f0_failure_rate.interaction.graph_0_mg_ld_wloa_adsg_semantic_type_graph_1_edge_weight,0.2408241262468732
mdgnc_edge_failures,MG LdWLOA + EW,10,3,125,f0_failure_rate.interaction.graph_0_mg_ld_wloa_adsg_semantic_type_sizing,0.3236208284314061
mdgnc_edge_failures,MG LdWLOA + EW,10,3,125,f0_failure_rate.interaction.graph_1_edge_weight_sizing,0.1063110566611765
mdgnc_edge_failures,MG LdWLOA + EW,10,3,125,f1_mass.graph_0.mg_ld_wloa_adsg_semantic_type,0.003044972548153
mdgnc_edge_failures,MG LdWLOA + EW,10,3,125,f1_mass.graph_1.edge_weight,0.116403321825709
mdgnc_edge_failures,MG LdWLOA + EW,10,3,125,f1_mass.sizing,0.272693227682242
mdgnc_edge_failures,MG LdWLOA + EW,10,3,125,f1_mass.interaction.graph_0_mg_ld_wloa_adsg_semantic_type_graph_1_edge_weight,0.1868711238374055
mdgnc_edge_failures,MG LdWLOA + EW,10,3,125,f1_mass.interaction.graph_0_mg_ld_wloa_adsg_semantic_type_sizing,0.1760567356039124
mdgnc_edge_failures,MG LdWLOA + EW,10,3,125,f1_mass.interaction.graph_1_edge_weight_sizing,0.244930618502578
mdgnc_edge_failures,MG LdWLOA + EW,10,3,150,f0_failure_rate.graph_0.mg_ld_wloa_adsg_semantic_type,0.0028408845706011
mdgnc_edge_failures,MG LdWLOA + EW,10,3,150,f0_failure_rate.graph_1.edge_weight,0.2704041069762821
mdgnc_edge_failures,MG LdWLOA + EW,10,3,150,f0_failure_rate.sizing,0.2155467652856025
mdgnc_edge_failures,MG LdWLOA + EW,10,3,150,f0_failure_rate.interaction.graph_0_mg_ld_wloa_adsg_semantic_type_graph_1_edge_weight,0.0323149484508455
mdgnc_edge_failures,MG LdWLOA + EW,10,3,150,f0_failure_rate.interaction.graph_0_mg_ld_wloa_adsg_semantic_type_sizing,0.2357834895353832
mdgnc_edge_failures,MG LdWLOA + EW,10,3,150,f0_failure_rate.interaction.graph_1_edge_weight_sizing,0.2431098051812854
mdgnc_edge_failures,MG LdWLOA + EW,10,3,150,f1_mass.graph_0.mg_ld_wloa_adsg_semantic_type,0.0052546930702881
mdgnc_edge_failures,MG LdWLOA + EW,10,3,150,f1_mass.graph_1.edge_weight,0.352474931630848
mdgnc_edge_failures,MG LdWLOA + EW,10,3,150,f1_mass.sizing,0.3542445952839075
mdgnc_edge_failures,MG LdWLOA + EW,10,3,150,f1_mass.interaction.graph_0_mg_ld_wloa_adsg_semantic_type_graph_1_edge_weight,0.0059144251583778
mdgnc_edge_failures,MG LdWLOA + EW,10,3,150,f1_mass.interaction.graph_0_mg_ld_wloa_adsg_semantic_type_sizing,0.1817410537364361
mdgnc_edge_failures,MG LdWLOA + EW,10,3,150,f1_mass.interaction.graph_1_edge_weight_sizing,0.1003703011201423
mdgnc_edge_failures,MG LdWLOA + EW,10,3,175,f0_failure_rate.graph_0.mg_ld_wloa_adsg_semantic_type,0.0034581301088964
mdgnc_edge_failures,MG LdWLOA + EW,10,3,175,f0_failure_rate.graph_1.edge_weight,0.0102289135600406
mdgnc_edge_failures,MG LdWLOA + EW,10,3,175,f0_failure_rate.sizing,0.1213214377668072
mdgnc_edge_failures,MG LdWLOA + EW,10,3,175,f0_failure_rate.interaction.graph_0_mg_ld_wloa_adsg_semantic_type_graph_1_edge_weight,0.3424178677607401
mdgnc_edge_failures,MG LdWLOA + EW,10,3,175,f0_failure_rate.interaction.graph_0_mg_ld_wloa_adsg_semantic_type_sizing,0.2552260291057104
mdgnc_edge_failures,MG LdWLOA + EW,10,3,175,f0_failure_rate.interaction.graph_1_edge_weight_sizing,0.267347621697805
mdgnc_edge_failures,MG LdWLOA + EW,10,3,175,f1_mass.graph_0.mg_ld_wloa_adsg_semantic_type,0.0050841860152641
mdgnc_edge_failures,MG LdWLOA + EW,10,3,175,f1_mass.graph_1.edge_weight,0.1430158953564484
mdgnc_edge_failures,MG LdWLOA + EW,10,3,175,f1_mass.sizing,0.3744610083142488
mdgnc_edge_failures,MG LdWLOA + EW,10,3,175,f1_mass.interaction.graph_0_mg_ld_wloa_adsg_semantic_type_graph_1_edge_weight,0.0697852674660489
mdgnc_edge_failures,MG LdWLOA + EW,10,3,175,f1_mass.interaction.graph_0_mg_ld_wloa_adsg_semantic_type_sizing,0.0741144638342002
mdgnc_edge_failures,MG LdWLOA + EW,10,3,175,f1_mass.interaction.graph_1_edge_weight_sizing,0.3335391790137893
mdgnc_edge_failures,MG LdWLOA + EW,10,3,200,f0_failure_rate.graph_0.mg_ld_wloa_adsg_semantic_type,0.0028326642251423
mdgnc_edge_failures,MG LdWLOA + EW,10,3,200,f0_failure_rate.graph_1.edge_weight,0.2741851377207736
mdgnc_edge_failures,MG LdWLOA + EW,10,3,200,f0_failure_rate.sizing,0.2181819657889284
mdgnc_edge_failures,MG LdWLOA + EW,10,3,200,f0_failure_rate.interaction.graph_0_mg_ld_wloa_adsg_semantic_type_graph_1_edge_weight,0.033755548860477
mdgnc_edge_failures,MG LdWLOA + EW,10,3,200,f0_failure_rate.interaction.graph_0_mg_ld_wloa_adsg_semantic_type_sizing,0.2355491603084695
mdgnc_edge_failures,MG LdWLOA + EW,10,3,200,f0_failure_rate.interaction.graph_1_edge_weight_sizing,0.2354955230962088
mdgnc_edge_failures,MG LdWLOA + EW,10,3,200,f1_mass.graph_0.mg_ld_wloa_adsg_semantic_type,0.0049932622122278
mdgnc_edge_failures,MG LdWLOA + EW,10,3,200,f1_mass.graph_1.edge_weight,0.1410294093580402
mdgnc_edge_failures,MG LdWLOA + EW,10,3,200,f1_mass.sizing,0.3718869791633914
mdgnc_edge_failures,MG LdWLOA + EW,10,3,200,f1_mass.interaction.graph_0_mg_ld_wloa_adsg_semantic_type_graph_1_edge_weight,0.0718714171868646
mdgnc_edge_failures,MG LdWLOA + EW,10,3,200,f1_mass.interaction.graph_0_mg_ld_wloa_adsg_semantic_type_sizing,0.0794398747810707
mdgnc_edge_failures,MG LdWLOA + EW,10,3,200,f1_mass.interaction.graph_1_edge_weight_sizing,0.3307790572984051
mdgnc_edge_failures,MG LdWLOA + EW,10,3,225,f0_failure_rate.graph_0.mg_ld_wloa_adsg_semantic_type,0.0034436335934714
mdgnc_edge_failures,MG LdWLOA + EW,10,3,225,f0_failure_rate.graph_1.edge_weight,0.0143408010896305
mdgnc_edge_failures,MG LdWLOA + EW,10,3,225,f0_failure_rate.sizing,0.1181914891529446
mdgnc_edge_failures,MG LdWLOA + EW,10,3,225,f0_failure_rate.interaction.graph_0_mg_ld_wloa_adsg_semantic_type_graph_1_edge_weight,0.340707315236617
mdgnc_edge_failures,MG LdWLOA + EW,10,3,225,f0_failure_rate.interaction.graph_0_mg_ld_wloa_adsg_semantic_type_sizing,0.2537247183803382
mdgnc_edge_failures,MG LdWLOA + EW,10,3,225,f0_failure_rate.interaction.graph_1_edge_weight_sizing,0.2695920425469981
mdgnc_edge_failures,MG LdWLOA + EW,10,3,225,f1_mass.graph_0.mg_ld_wloa_adsg_semantic_type,0.0050289106886919
mdgnc_edge_failures,MG LdWLOA + EW,10,3,225,f1_mass.graph_1.edge_weight,0.1414513351047542
mdgnc_edge_failures,MG LdWLOA + EW,10,3,225,f1_mass.sizing,0.3731310492575392
mdgnc_edge_failures,MG LdWLOA + EW,10,3,225,f1_mass.interaction.graph_0_mg_ld_wloa_adsg_semantic_type_graph_1_edge_weight,0.0740613880136579
mdgnc_edge_failures,MG LdWLOA + EW,10,3,225,f1_mass.interaction.graph_0_mg_ld_wloa_adsg_semantic_type_sizing,0.0733843837245313
mdgnc_edge_failures,MG LdWLOA + EW,10,3,225,f1_mass.interaction.graph_1_edge_weight_sizing,0.3329429332108254
mdgnc_edge_failures,MG LdWLOA + EW,10,3,250,f0_failure_rate.graph_0.mg_ld_wloa_adsg_semantic_type,0.0022745114679466
mdgnc_edge_failures,MG LdWLOA + EW,10,3,250,f0_failure_rate.graph_1.edge_weight,0.1640095986714213
mdgnc_edge_failures,MG LdWLOA + EW,10,3,250,f0_failure_rate.sizing,0.2118690533805214
mdgnc_edge_failures,MG LdWLOA + EW,10,3,250,f0_failure_rate.interaction.graph_0_mg_ld_wloa_adsg_semantic_type_graph_1_edge_weight,0.1912327625015299
mdgnc_edge_failures,MG LdWLOA + EW,10,3,250,f0_failure_rate.interaction.graph_0_mg_ld_wloa_adsg_semantic_type_sizing,0.2261176000876605
mdgnc_edge_failures,MG LdWLOA + EW,10,3,250,f0_failure_rate.interaction.graph_1_edge_weight_sizing,0.2044964738909199
mdgnc_edge_failures,MG LdWLOA + EW,10,3,250,f1_mass.graph_0.mg_ld_wloa_adsg_semantic_type,0.0050146394237258
mdgnc_edge_failures,MG LdWLOA + EW,10,3,250,f1_mass.graph_1.edge_weight,0.1429766341671222
mdgnc_edge_failures,MG LdWLOA + EW,10,3,250,f1_mass.sizing,0.3731418162392745
mdgnc_edge_failures,MG LdWLOA + EW,10,3,250,f1_mass.interaction.graph_0_mg_ld_wloa_adsg_semantic_type_graph_1_edge_weight,0.0732485162094508
mdgnc_edge_failures,MG LdWLOA + EW,10,3,250,f1_mass.interaction.graph_0_mg_ld_wloa_adsg_semantic_type_sizing,0.0742858826242198
mdgnc_edge_failures,MG LdWLOA + EW,10,3,250,f1_mass.interaction.graph_1_edge_weight_sizing,0.3313325113362066
mdgnc_edge_failures,MG LdWLOA + EW,10,3,275,f0_failure_rate.graph_0.mg_ld_wloa_adsg_semantic_type,0.0022753152565866
mdgnc_edge_failures,MG LdWLOA + EW,10,3,275,f0_failure_rate.graph_1.edge_weight,0.1618334389182349
mdgnc_edge_failures,MG LdWLOA + EW,10,3,275,f0_failure_rate.sizing,0.2109650933100224
mdgnc_edge_failures,MG LdWLOA + EW,10,3,275,f0_failure_rate.interaction.graph_0_mg_ld_wloa_adsg_semantic_type_graph_1_edge_weight,0.1942856825457001
mdgnc_edge_failures,MG LdWLOA + EW,10,3,275,f0_failure_rate.interaction.graph_0_mg_ld_wloa_adsg_semantic_type_sizing,0.2252315015422576
mdgnc_edge_failures,MG LdWLOA + EW,10,3,275,f0_failure_rate.interaction.graph_1_edge_weight_sizing,0.2054089684271981
mdgnc_edge_failures,MG LdWLOA + EW,10,3,275,f1_mass.graph_0.mg_ld_wloa_adsg_semantic_type,0.0022719443417195
mdgnc_edge_failures,MG LdWLOA + EW,10,3,275,f1_mass.graph_1.edge_weight,0.1608527337295673
mdgnc_edge_failures,MG LdWLOA + EW,10,3,275,f1_mass.sizing,0.2121702497358232
mdgnc_edge_failures,MG LdWLOA + EW,10,3,275,f1_mass.interaction.graph_0_mg_ld_wloa_adsg_semantic_type_graph_1_edge_weight,0.1938561550932862
mdgnc_edge_failures,MG LdWLOA + EW,10,3,275,f1_mass.interaction.graph_0_mg_ld_wloa_adsg_semantic_type_sizing,0.2230590923464195
mdgnc_edge_failures,MG LdWLOA + EW,10,3,275,f1_mass.interaction.graph_1_edge_weight_sizing,0.207789824753184
mdgnc_edge_failures,MG LdWLOA + EW,10,3,300,f0_failure_rate.graph_0.mg_ld_wloa_adsg_semantic_type,0.2196052084664999
mdgnc_edge_failures,MG LdWLOA + EW,10,3,300,f0_failure_rate.graph_1.edge_weight,0.4360783388551368
mdgnc_edge_failures,MG LdWLOA + EW,10,3,300,f0_failure_rate.sizing,0.0021960520846649
mdgnc_edge_failures,MG LdWLOA + EW,10,3,300,f0_failure_rate.interaction.graph_0_mg_ld_wloa_adsg_semantic_type_graph_1_edge_weight,0.2955978869760837
mdgnc_edge_failures,MG LdWLOA + EW,10,3,300,f0_failure_rate.interaction.graph_0_mg_ld_wloa_adsg_semantic_type_sizing,0.0443264615329497
mdgnc_edge_failures,MG LdWLOA + EW,10,3,300,f0_failure_rate.interaction.graph_1_edge_weight_sizing,0.0021960520846649
mdgnc_edge_failures,MG LdWLOA + EW,10,3,300,f1_mass.graph_0.mg_ld_wloa_adsg_semantic_type,0.1126856735636758
mdgnc_edge_failures,MG LdWLOA + EW,10,3,300,f1_mass.graph_1.edge_weight,0.3849243409484567
mdgnc_edge_failures,MG LdWLOA + EW,10,3,300,f1_mass.sizing,0.2173658568583838
mdgnc_edge_failures,MG LdWLOA + EW,10,3,300,f1_mass.interaction.graph_0_mg_ld_wloa_adsg_semantic_type_graph_1_edge_weight,0.137705655540981
mdgnc_edge_failures,MG LdWLOA + EW,10,3,300,f1_mass.interaction.graph_0_mg_ld_wloa_adsg_semantic_type_sizing,0.0011283645705015
mdgnc_edge_failures,MG LdWLOA + EW,10,3,300,f1_mass.interaction.graph_1_edge_weight_sizing,0.1461901085180009
mdgnc_edge_failures,MG LdWLOA + EW,10,4,25,f0_failure_rate.graph_0.mg_ld_wloa_adsg_semantic_type,0.0043108175948169
mdgnc_edge_failures,MG LdWLOA + EW,10,4,25,f0_failure_rate.graph_1.edge_weight,0.3499213426970599
mdgnc_edge_failures,MG LdWLOA + EW,10,4,25,f0_failure_rate.sizing,0.0616198619283804
mdgnc_edge_failures,MG LdWLOA + EW,10,4,25,f0_failure_rate.interaction.graph_0_mg_ld_wloa_adsg_semantic_type_graph_1_edge_weight,0.2158185354618094
mdgnc_edge_failures,MG LdWLOA + EW,10,4,25,f0_failure_rate.interaction.graph_0_mg_ld_wloa_adsg_semantic_type_sizing,0.1916992412923013
mdgnc_edge_failures,MG LdWLOA + EW,10,4,25,f0_failure_rate.interaction.graph_1_edge_weight_sizing,0.176630201025632
mdgnc_edge_failures,MG LdWLOA + EW,10,4,25,f1_mass.graph_0.mg_ld_wloa_adsg_semantic_type,0.004999567589241
mdgnc_edge_failures,MG LdWLOA + EW,10,4,25,f1_mass.graph_1.edge_weight,0.1382044294827231
mdgnc_edge_failures,MG LdWLOA + EW,10,4,25,f1_mass.sizing,0.3686220782863202
mdgnc_edge_failures,MG LdWLOA + EW,10,4,25,f1_mass.interaction.graph_0_mg_ld_wloa_adsg_semantic_type_graph_1_edge_weight,0.077709272723806
mdgnc_edge_failures,MG LdWLOA + EW,10,4,25,f1_mass.interaction.graph_0_mg_ld_wloa_adsg_semantic_type_sizing,0.078948049600114
mdgnc_edge_failures,MG LdWLOA + EW,10,4,25,f1_mass.interaction.graph_1_edge_weight_sizing,0.3315166023177954
mdgnc_edge_failures,MG LdWLOA + EW,10,4,50,f0_failure_rate.graph_0.mg_ld_wloa_adsg_semantic_type,0.0035984643944537
mdgnc_edge_failures,MG LdWLOA + EW,10,4,50,f0_failure_rate.graph_1.edge_weight,0.1633214337883976
mdgnc_edge_failures,MG LdWLOA + EW,10,4,50,f0_failure_rate.sizing,0.1614231555532366
mdgnc_edge_failures,MG LdWLOA + EW,10,4,50,f0_failure_rate.interaction.graph_0_mg_ld_wloa_adsg_semantic_type_graph_1_edge_weight,0.2414543329286047
mdgnc_edge_failures,MG LdWLOA + EW,10,4,50,f0_failure_rate.interaction.graph_0_mg_ld_wloa_adsg_semantic_type_sizing,0.3249495529502685
mdgnc_edge_failures,MG LdWLOA + EW,10,4,50,f0_failure_rate.interaction.graph_1_edge_weight_sizing,0.1052530603850385
mdgnc_edge_failures,MG LdWLOA + EW,10,4,50,f1_mass.graph_0.mg_ld_wloa_adsg_semantic_type,0.0050716520633809
mdgnc_edge_failures,MG LdWLOA + EW,10,4,50,f1_mass.graph_1.edge_weight,0.1415307153249793
mdgnc_edge_failures,MG LdWLOA + EW,10,4,50,f1_mass.sizing,0.374112305396666
mdgnc_edge_failures,MG LdWLOA + EW,10,4,50,f1_mass.interaction.graph_0_mg_ld_wloa_adsg_semantic_type_graph_1_edge_weight,0.0733445932423353
mdgnc_edge_failures,MG LdWLOA + EW,10,4,50,f1_mass.interaction.graph_0_mg_ld_wloa_adsg_semantic_type_sizing,0.0762019949540091
mdgnc_edge_failures,MG LdWLOA + EW,10,4,50,f1_mass.interaction.graph_1_edge_weight_sizing,0.3297387390186292
mdgnc_edge_failures,MG LdWLOA + EW,10,4,75,f0_failure_rate.graph_0.mg_ld_wloa_adsg_semantic_type,0.0042808832301882
mdgnc_edge_failures,MG LdWLOA + EW,10,4,75,f0_failure_rate.graph_1.edge_weight,0.3512792537630966
mdgnc_edge_failures,MG LdWLOA + EW,10,4,75,f0_failure_rate.sizing,0.0654082410849322
mdgnc_edge_failures,MG LdWLOA + EW,10,4,75,f0_failure_rate.interaction.graph_0_mg_ld_wloa_adsg_semantic_type_graph_1_edge_weight,0.2127741191651203
mdgnc_edge_failures,MG LdWLOA + EW,10,4,75,f0_failure_rate.interaction.graph_0_mg_ld_wloa_adsg_semantic_type_sizing,0.1907518743752888
mdgnc_edge_failures,MG LdWLOA + EW,10,4,75,f0_failure_rate.interaction.graph_1_edge_weight_sizing,0.1755056283813739
mdgnc_edge_failures,MG LdWLOA + EW,10,4,75,f1_mass.graph_0.mg_ld_wloa_adsg_semantic_type,0.0050230085806614
mdgnc_edge_failures,MG LdWLOA + EW,10,4,75,f1_mass.graph_1.edge_weight,0.1343916071531441
mdgnc_edge_failures,MG LdWLOA + EW,10,4,75,f1_mass.sizing,0.3770671256803201
mdgnc_edge_failures,MG LdWLOA + EW,10,4,75,f1_mass.interaction.graph_0_mg_ld_wloa_adsg_semantic_type_graph_1_edge_weight,0.0771667938640807
mdgnc_edge_failures,MG LdWLOA + EW,10,4,75,f1_mass.interaction.graph_0_mg_ld_wloa_adsg_semantic_type_sizing,0.0745978170060006
mdgnc_edge_failures,MG LdWLOA + EW,10,4,75,f1_mass.interaction.graph_1_edge_weight_sizing,0.3317536477157929
mdgnc_edge_failures,MG LdWLOA + EW,10,4,100,f0_failure_rate.graph_0.mg_ld_wloa_adsg_semantic_type,0.0043081259687727
mdgnc_edge_failures,MG LdWLOA + EW,10,4,100,f0_failure_rate.graph_1.edge_weight,0.3532597618091067
mdgnc_edge_failures,MG LdWLOA + EW,10,4,100,f0_failure_rate.sizing,0.0627197360989807
mdgnc_edge_failures,MG LdWLOA + EW,10,4,100,f0_failure_rate.interaction.graph_0_mg_ld_wloa_adsg_semantic_type_graph_1_edge_weight,0.213814635100862
mdgnc_edge_failures,MG LdWLOA + EW,10,4,100,f0_failure_rate.interaction.graph_0_mg_ld_wloa_adsg_semantic_type_sizing,0.1906567140805857
mdgnc_edge_failures,MG LdWLOA + EW,10,4,100,f0_failure_rate.interaction.graph_1_edge_weight_sizing,0.1752410269416922
mdgnc_edge_failures,MG LdWLOA + EW,10,4,100,f1_mass.graph_0.mg_ld_wloa_adsg_semantic_type,0.0049999501134186
mdgnc_edge_failures,MG LdWLOA + EW,10,4,100,f1_mass.graph_1.edge_weight,0.1415089393316536
mdgnc_edge_failures,MG LdWLOA + EW,10,4,100,f1_mass.sizing,0.3726028917822834
mdgnc_edge_failures,MG LdWLOA + EW,10,4,100,f1_mass.interaction.graph_0_mg_ld_wloa_adsg_semantic_type_graph_1_edge_weight,0.077754733595336
mdgnc_edge_failures,MG LdWLOA + EW,10,4,100,f1_mass.interaction.graph_0_mg_ld_wloa_adsg_semantic_type_sizing,0.0753353185964184
mdgnc_edge_failures,MG LdWLOA + EW,10,4,100,f1_mass.interaction.graph_1_edge_weight_sizing,0.3277981665808898
mdgnc_edge_failures,MG LdWLOA + EW,10,4,125,f0_failure_rate.graph_0.mg_ld_wloa_adsg_semantic_type,0.0052890631344075
mdgnc_edge_failures,MG LdWLOA + EW,10,4,125,f0_failure_rate.graph_1.edge_weight,0.3551984358408134
mdgnc_edge_failures,MG LdWLOA + EW,10,4,125,f0_failure_rate.sizing,0.3522743800525473
mdgnc_edge_failures,MG LdWLOA + EW,10,4,125,f0_failure_rate.interaction.graph_0_mg_ld_wloa_adsg_semantic_type_graph_1_edge_weight,0.003324527716987
mdgnc_edge_failures,MG LdWLOA + EW,10,4,125,f0_failure_rate.interaction.graph_0_mg_ld_wloa_adsg_semantic_type_sizing,0.1810047488555212
mdgnc_edge_failures,MG LdWLOA + EW,10,4,125,f0_failure_rate.interaction.graph_1_edge_weight_sizing,0.1029088443997233
mdgnc_edge_failures,MG LdWLOA + EW,10,4,125,f1_mass.graph_0.mg_ld_wloa_adsg_semantic_type,0.0052096345218293
mdgnc_edge_failures,MG LdWLOA + EW,10,4,125,f1_mass.graph_1.edge_weight,0.3515939517393285
mdgnc_edge_failures,MG LdWLOA + EW,10,4,125,f1_mass.sizing,0.3510452480574508
mdgnc_edge_failures,MG LdWLOA + EW,10,4,125,f1_mass.interaction.graph_0_mg_ld_wloa_adsg_semantic_type_graph_1_edge_weight,0.0045732014294656
mdgnc_edge_failures,MG LdWLOA + EW,10,4,125,f1_mass.interaction.graph_0_mg_ld_wloa_adsg_semantic_type_sizing,0.1803981159602594
mdgnc_edge_failures,MG LdWLOA + EW,10,4,125,f1_mass.interaction.graph_1_edge_weight_sizing,0.107179848291666
mdgnc_edge_failures,MG LdWLOA + EW,10,4,150,f0_failure_rate.graph_0.mg_ld_wloa_adsg_semantic_type,0.0022715102535812
mdgnc_edge_failures,MG LdWLOA + EW,10,4,150,f0_failure_rate.graph_1.edge_weight,0.1632056112477194
mdgnc_edge_failures,MG LdWLOA + EW,10,4,150,f0_failure_rate.sizing,0.2093244655490415
mdgnc_edge_failures,MG LdWLOA + EW,10,4,150,f0_failure_rate.interaction.graph_0_mg_ld_wloa_adsg_semantic_type_graph_1_edge_weight,0.1923334513710605
mdgnc_edge_failures,MG LdWLOA + EW,10,4,150,f0_failure_rate.interaction.graph_0_mg_ld_wloa_adsg_semantic_type_sizing,0.2267501223549955
mdgnc_edge_failures,MG LdWLOA + EW,10,4,150,f0_failure_rate.interaction.graph_1_edge_weight_sizing,0.2061148392236016
mdgnc_edge_failures,MG LdWLOA + EW,10,4,150,f1_mass.graph_0.mg_ld_wloa_adsg_semantic_type,0.0050089289677425
mdgnc_edge_failures,MG LdWLOA + EW,10,4,150,f1_mass.graph_1.edge_weight,0.1418590673182744
mdgnc_edge_failures,MG LdWLOA + EW,10,4,150,f1_mass.sizing,0.3716710698287012
mdgnc_edge_failures,MG LdWLOA + EW,10,4,150,f1_mass.interaction.graph_0_mg_ld_wloa_adsg_semantic_type_graph_1_edge_weight,0.0748828825874736
mdgnc_edge_failures,MG LdWLOA + EW,10,4,150,f1_mass.interaction.graph_0_mg_ld_wloa_adsg_semantic_type_sizing,0.0730072479131108
mdgnc_edge_failures,MG LdWLOA + EW,10,4,150,f1_mass.interaction.graph_1_edge_weight_sizing,0.3335708033846972
mdgnc_edge_failures,MG LdWLOA + EW,10,4,175,f0_failure_rate.graph_0.mg_ld_wloa_adsg_semantic_type,0.0035959313220717
mdgnc_edge_failures,MG LdWLOA + EW,10,4,175,f0_failure_rate.graph_1.edge_weight,0.1623492331102808
mdgnc_edge_failures,MG LdWLOA + EW,10,4,175,f0_failure_rate.sizing,0.163109477770882
mdgnc_edge_failures,MG LdWLOA + EW,10,4,175,f0_failure_rate.interaction.graph_0_mg_ld_wloa_adsg_semantic_type_graph_1_edge_weight,0.2401988205765456
mdgnc_edge_failures,MG LdWLOA + EW,10,4,175,f0_failure_rate.interaction.graph_0_mg_ld_wloa_adsg_semantic_type_sizing,0.3235112891632408
mdgnc_edge_failures,MG LdWLOA + EW,10,4,175,f0_failure_rate.interaction.graph_1_edge_weight_sizing,0.1072352480569788
mdgnc_edge_failures,MG LdWLOA + EW,10,4,175,f1_mass.graph_0.mg_ld_wloa_adsg_semantic_type,0.0050047158165645
mdgnc_edge_failures,MG LdWLOA + EW,10,4,175,f1_mass.graph_1.edge_weight,0.1413783411184411
mdgnc_edge_failures,MG LdWLOA + EW,10,4,175,f1_mass.sizing,0.3721377750057067
mdgnc_edge_failures,MG LdWLOA + EW,10,4,175,f1_mass.interaction.graph_0_mg_ld_wloa_adsg_semantic_type_graph_1_edge_weight,0.0769843406992259
mdgnc_edge_failures,MG LdWLOA + EW,10,4,175,f1_mass.interaction.graph_0_mg_ld_wloa_adsg_semantic_type_sizing,0.0750500828718907
mdgnc_edge_failures,MG LdWLOA + EW,10,4,175,f1_mass.interaction.graph_1_edge_weight_sizing,0.3294447444881709
mdgnc_edge_failures,MG LdWLOA + EW,10,4,200,f0_failure_rate.graph_0.mg_ld_wloa_adsg_semantic_type,0.2674494944023838
mdgnc_edge_failures,MG LdWLOA + EW,10,4,200,f0_failure_rate.graph_1.edge_weight,0.5008530669161473
mdgnc_edge_failures,MG LdWLOA + EW,10,4,200,f0_failure_rate.sizing,0.0026744949440238
mdgnc_edge_failures,MG LdWLOA + EW,10,4,200,f0_failure_rate.interaction.graph_0_mg_ld_wloa_adsg_semantic_type_graph_1_edge_weight,0.1894435074306931
mdgnc_edge_failures,MG LdWLOA + EW,10,4,200,f0_failure_rate.interaction.graph_0_mg_ld_wloa_adsg_semantic_type_sizing,0.0369049413627281
mdgnc_edge_failures,MG LdWLOA + EW,10,4,200,f0_failure_rate.interaction.graph_1_edge_weight_sizing,0.0026744949440238
mdgnc_edge_failures,MG LdWLOA + EW,10,4,200,f1_mass.graph_0.mg_ld_wloa_adsg_semantic_type,0.005090963618718
mdgnc_edge_failures,MG LdWLOA + EW,10,4,200,f1_mass.graph_1.edge_weight,0.1350958373253774
mdgnc_edge_failures,MG LdWLOA + EW,10,4,200,f1_mass.sizing,0.3768000385189913
mdgnc_edge_failures,MG LdWLOA + EW,10,4,200,f1_mass.interaction.graph_0_mg_ld_wloa_adsg_semantic_type_graph_1_edge_weight,0.0728038384480002
mdgnc_edge_failures,MG LdWLOA + EW,10,4,200,f1_mass.interaction.graph_0_mg_ld_wloa_adsg_semantic_type_sizing,0.0757429862701424
mdgnc_edge_failures,MG LdWLOA + EW,10,4,200,f1_mass.interaction.graph_1_edge_weight_sizing,0.3344663358187704
mdgnc_edge_failures,MG LdWLOA + EW,10,4,225,f0_failure_rate.graph_0.mg_ld_wloa_adsg_semantic_type,0.0050410205017792
mdgnc_edge_failures,MG LdWLOA + EW,10,4,225,f0_failure_rate.graph_1.edge_weight,0.1430270803542152
mdgnc_edge_failures,MG LdWLOA + EW,10,4,225,f0_failure_rate.sizing,0.3687191890311002
mdgnc_edge_failures,MG LdWLOA + EW,10,4,225,f0_failure_rate.interaction.graph_0_mg_ld_wloa_adsg_semantic_type_graph_1_edge_weight,0.071636150968072
mdgnc_edge_failures,MG LdWLOA + EW,10,4,225,f0_failure_rate.interaction.graph_0_mg_ld_wloa_adsg_semantic_type_sizing,0.081480460575783
mdgnc_edge_failures,MG LdWLOA + EW,10,4,225,f0_failure_rate.interaction.graph_1_edge_weight_sizing,0.3300960985690503
mdgnc_edge_failures,MG LdWLOA + EW,10,4,225,f1_mass.graph_0.mg_ld_wloa_adsg_semantic_type,0.004984393659198
mdgnc_edge_failures,MG LdWLOA + EW,10,4,225,f1_mass.graph_1.edge_weight,0.1439623346881399
mdgnc_edge_failures,MG LdWLOA + EW,10,4,225,f1_mass.sizing,0.3671108025137639
mdgnc_edge_failures,MG LdWLOA + EW,10,4,225,f1_mass.interaction.graph_0_mg_ld_wloa_adsg_semantic_type_graph_1_edge_weight,0.0707429792260794
mdgnc_edge_failures,MG LdWLOA + EW,10,4,225,f1_mass.interaction.graph_0_mg_ld_wloa_adsg_semantic_type_sizing,0.0810494983635754
mdgnc_edge_failures,MG LdWLOA + EW,10,4,225,f1_mass.interaction.graph_1_edge_weight_sizing,0.3321499915492432
mdgnc_edge_failures,MG LdWLOA + EW,10,4,250,f0_failure_rate.graph_0.mg_ld_wloa_adsg_semantic_type,0.0035897463226189
mdgnc_edge_failures,MG LdWLOA + EW,10,4,250,f0_failure_rate.graph_1.edge_weight,0.1634470096322703
mdgnc_edge_failures,MG LdWLOA + EW,10,4,250,f0_failure_rate.sizing,0.164656231776954
mdgnc_edge_failures,MG LdWLOA + EW,10,4,250,f0_failure_rate.interaction.graph_0_mg_ld_wloa_adsg_semantic_type_graph_1_edge_weight,0.2411726625081288
mdgnc_edge_failures,MG LdWLOA + EW,10,4,250,f0_failure_rate.interaction.graph_0_mg_ld_wloa_adsg_semantic_type_sizing,0.3215795736700828
mdgnc_edge_failures,MG LdWLOA + EW,10,4,250,f0_failure_rate.interaction.graph_1_edge_weight_sizing,0.1055547760899449
mdgnc_edge_failures,MG LdWLOA + EW,10,4,250,f1_mass.graph_0.mg_ld_wloa_adsg_semantic_type,0.0050851304752804
mdgnc_edge_failures,MG LdWLOA + EW,10,4,250,f1_mass.graph_1.edge_weight,0.1342806736538983
mdgnc_edge_failures,MG LdWLOA + EW,10,4,250,f1_mass.sizing,0.375147551773063
mdgnc_edge_failures,MG LdWLOA + EW,10,4,250,f1_mass.interaction.graph_0_mg_ld_wloa_adsg_semantic_type_graph_1_edge_weight,0.0723987039211637
mdgnc_edge_failures,MG LdWLOA + EW,10,4,250,f1_mass.interaction.graph_0_mg_ld_wloa_adsg_semantic_type_sizing,0.075870315798636
mdgnc_edge_failures,MG LdWLOA + EW,10,4,250,f1_mass.interaction.graph_1_edge_weight_sizing,0.3372176243779584
mdgnc_edge_failures,MG LdWLOA + EW,10,4,275,f0_failure_rate.graph_0.mg_ld_wloa_adsg_semantic_type,0.0058297503936613
mdgnc_edge_failures,MG LdWLOA + EW,10,4,275,f0_failure_rate.graph_1.edge_weight,0.2953970673579051
mdgnc_edge_failures,MG LdWLOA + EW,10,4,275,f0_failure_rate.sizing,0.0334278121890549
mdgnc_edge_failures,MG LdWLOA + EW,10,4,275,f0_failure_rate.interaction.graph_0_mg_ld_wloa_adsg_semantic_type_graph_1_edge_weight,0.1699833304261059
mdgnc_edge_failures,MG LdWLOA + EW,10,4,275,f0_failure_rate.interaction.graph_0_mg_ld_wloa_adsg_semantic_type_sizing,0.1576192656382676
mdgnc_edge_failures,MG LdWLOA + EW,10,4,275,f0_failure_rate.interaction.graph_1_edge_weight_sizing,0.337742773995005
mdgnc_edge_failures,MG LdWLOA + EW,10,4,275,f1_mass.graph_0.mg_ld_wloa_adsg_semantic_type,0.0049948337496408
mdgnc_edge_failures,MG LdWLOA + EW,10,4,275,f1_mass.graph_1.edge_weight,0.1376626692506979
mdgnc_edge_failures,MG LdWLOA + EW,10,4,275,f1_mass.sizing,0.3717288846564811
mdgnc_edge_failures,MG LdWLOA + EW,10,4,275,f1_mass.interaction.graph_0_mg_ld_wloa_adsg_semantic_type_graph_1_edge_weight,0.0714470416461944
mdgnc_edge_failures,MG LdWLOA + EW,10,4,275,f1_mass.interaction.graph_0_mg_ld_wloa_adsg_semantic_type_sizing,0.0776585050588774
mdgnc_edge_failures,MG LdWLOA + EW,10,4,275,f1_mass.interaction.graph_1_edge_weight_sizing,0.3365080656381082
mdgnc_edge_failures,MG LdWLOA + EW,10,4,300,f0_failure_rate.graph_0.mg_ld_wloa_adsg_semantic_type,0.0022591278910172
mdgnc_edge_failures,MG LdWLOA + EW,10,4,300,f0_failure_rate.graph_1.edge_weight,0.1622364179316136
mdgnc_edge_failures,MG LdWLOA + EW,10,4,300,f0_failure_rate.sizing,0.2095371944710529
mdgnc_edge_failures,MG LdWLOA + EW,10,4,300,f0_failure_rate.interaction.graph_0_mg_ld_wloa_adsg_semantic_type_graph_1_edge_weight,0.1925782048751984
mdgnc_edge_failures,MG LdWLOA + EW,10,4,300,f0_failure_rate.interaction.graph_0_mg_ld_wloa_adsg_semantic_type_sizing,0.2258891311065426
mdgnc_edge_failures,MG LdWLOA + EW,10,4,300,f0_failure_rate.interaction.graph_1_edge_weight_sizing,0.2074999237245751
mdgnc_edge_failures,MG LdWLOA + EW,10,4,300,f1_mass.graph_0.mg_ld_wloa_adsg_semantic_type,0.0051251831520427
mdgnc_edge_failures,MG LdWLOA + EW,10,4,300,f1_mass.graph_1.edge_weight,0.1378345895775005
mdgnc_edge_failures,MG LdWLOA + EW,10,4,300,f1_mass.sizing,0.372830503485397
mdgnc_edge_failures,MG LdWLOA + EW,10,4,300,f1_mass.interaction.graph_0_mg_ld_wloa_adsg_semantic_type_graph_1_edge_weight,0.0733204248759972
mdgnc_edge_failures,MG LdWLOA + EW,10,4,300,f1_mass.interaction.graph_0_mg_ld_wloa_adsg_semantic_type_sizing,0.0730217504024815
mdgnc_edge_failures,MG LdWLOA + EW,10,4,300,f1_mass.interaction.graph_1_edge_weight_sizing,0.3378675485065807
mdgnc_edge_failures,MG LdWLOA + EW,10,5,25,f0_failure_rate.graph_0.mg_ld_wloa_adsg_semantic_type,0.0058412599554442
mdgnc_edge_failures,MG LdWLOA + EW,10,5,25,f0_failure_rate.graph_1.edge_weight,0.2941022586641612
mdgnc_edge_failures,MG LdWLOA + EW,10,5,25,f0_failure_rate.sizing,0.0386452358709855
mdgnc_edge_failures,MG LdWLOA + EW,10,5,25,f0_failure_rate.interaction.graph_0_mg_ld_wloa_adsg_semantic_type_graph_1_edge_weight,0.1774966517919243
mdgnc_edge_failures,MG LdWLOA + EW,10,5,25,f0_failure_rate.interaction.graph_0_mg_ld_wloa_adsg_semantic_type_sizing,0.1546408455747547
mdgnc_edge_failures,MG LdWLOA + EW,10,5,25,f0_failure_rate.interaction.graph_1_edge_weight_sizing,0.3292737481427301
mdgnc_edge_failures,MG LdWLOA + EW,10,5,25,f1_mass.graph_0.mg_ld_wloa_adsg_semantic_type,0.0042770436057161
mdgnc_edge_failures,MG LdWLOA + EW,10,5,25,f1_mass.graph_1.edge_weight,0.3506048721926884
mdgnc_edge_failures,MG LdWLOA + EW,10,5,25,f1_mass.sizing,0.0666142795880047
mdgnc_edge_failures,MG LdWLOA + EW,10,5,25,f1_mass.interaction.graph_0_mg_ld_wloa_adsg_semantic_type_graph_1_edge_weight,0.2104630735007965
mdgnc_edge_failures,MG LdWLOA + EW,10,5,25,f1_mass.interaction.graph_0_mg_ld_wloa_adsg_semantic_type_sizing,0.1884066817960857
mdgnc_edge_failures,MG LdWLOA + EW,10,5,25,f1_mass.interaction.graph_1_edge_weight_sizing,0.1796340493167084
mdgnc_edge_failures,MG LdWLOA + EW,10,5,50,f0_failure_rate.graph_0.mg_ld_wloa_adsg_semantic_type,0.0034671628428849
mdgnc_edge_failures,MG LdWLOA + EW,10,5,50,f0_failure_rate.graph_1.edge_weight,0.011696207892421
mdgnc_edge_failures,MG LdWLOA + EW,10,5,50,f0_failure_rate.sizing,0.1195222117443303
mdgnc_edge_failures,MG LdWLOA + EW,10,5,50,f0_failure_rate.interaction.graph_0_mg_ld_wloa_adsg_semantic_type_graph_1_edge_weight,0.343697644219194
mdgnc_edge_failures,MG LdWLOA + EW,10,5,50,f0_failure_rate.interaction.graph_0_mg_ld_wloa_adsg_semantic_type_sizing,0.2554642147676179
mdgnc_edge_failures,MG LdWLOA + EW,10,5,50,f0_failure_rate.interaction.graph_1_edge_weight_sizing,0.2661525585335516
mdgnc_edge_failures,MG LdWLOA + EW,10,5,50,f1_mass.graph_0.mg_ld_wloa_adsg_semantic_type,0.0050436768266439
mdgnc_edge_failures,MG LdWLOA + EW,10,5,50,f1_mass.graph_1.edge_weight,0.141328630458424
mdgnc_edge_failures,MG LdWLOA + EW,10,5,50,f1_mass.sizing,0.3687399152871399
mdgnc_edge_failures,MG LdWLOA + EW,10,5,50,f1_mass.interaction.graph_0_mg_ld_wloa_adsg_semantic_type_graph_1_edge_weight,0.0742615426420813
mdgnc_edge_failures,MG LdWLOA + EW,10,5,50,f1_mass.interaction.graph_0_mg_ld_wloa_adsg_semantic_type_sizing,0.0765563609350146
mdgnc_edge_failures,MG LdWLOA + EW,10,5,50,f1_mass.interaction.graph_1_edge_weight_sizing,0.334069873850696
mdgnc_edge_failures,MG LdWLOA + EW,10,5,75,f0_failure_rate.graph_0.mg_ld_wloa_adsg_semantic_type,0.0030582031305773
mdgnc_edge_failures,MG LdWLOA + EW,10,5,75,f0_failure_rate.graph_1.edge_weight,0.11798359592274
mdgnc_edge_failures,MG LdWLOA + EW,10,5,75,f0_failure_rate.sizing,0.2667525828675189
mdgnc_edge_failures,MG LdWLOA + EW,10,5,75,f0_failure_rate.interaction.graph_0_mg_ld_wloa_adsg_semantic_type_graph_1_edge_weight,0.1880563383488238
mdgnc_edge_failures,MG LdWLOA + EW,10,5,75,f0_failure_rate.interaction.graph_0_mg_ld_wloa_adsg_semantic_type_sizing,0.1738224663861037
mdgnc_edge_failures,MG LdWLOA + EW,10,5,75,f0_failure_rate.interaction.graph_1_edge_weight_sizing,0.2503268133442362
mdgnc_edge_failures,MG LdWLOA + EW,10,5,75,f1_mass.graph_0.mg_ld_wloa_adsg_semantic_type,0.0030392417938755
mdgnc_edge_failures,MG LdWLOA + EW,10,5,75,f1_mass.graph_1.edge_weight,0.1183752488966823
mdgnc_edge_failures,MG LdWLOA + EW,10,5,75,f1_mass.sizing,0.2691298668919403
mdgnc_edge_failures,MG LdWLOA + EW,10,5,75,f1_mass.interaction.graph_0_mg_ld_wloa_adsg_semantic_type_graph_1_edge_weight,0.1856673028224985
mdgnc_edge_failures,MG LdWLOA + EW,10,5,75,f1_mass.interaction.graph_0_mg_ld_wloa_adsg_semantic_type_sizing,0.1733410343627438
mdgnc_edge_failures,MG LdWLOA + EW,10,5,75,f1_mass.interaction.graph_1_edge_weight_sizing,0.2504473052322594
mdgnc_edge_failures,MG LdWLOA + EW,10,5,100,f0_failure_rate.graph_0.mg_ld_wloa_adsg_semantic_type,0.0034570461720628
mdgnc_edge_failures,MG LdWLOA + EW,10,5,100,f0_failure_rate.graph_1.edge_weight,0.0113007573907547
mdgnc_edge_failures,MG LdWLOA + EW,10,5,100,f0_failure_rate.sizing,0.1208234978745336
mdgnc_edge_failures,MG LdWLOA + EW,10,5,100,f0_failure_rate.interaction.graph_0_mg_ld_wloa_adsg_semantic_type_graph_1_edge_weight,0.3397443701783972
mdgnc_edge_failures,MG LdWLOA + EW,10,5,100,f0_failure_rate.interaction.graph_0_mg_ld_wloa_adsg_semantic_type_sizing,0.2559769012822841
mdgnc_edge_failures,MG LdWLOA + EW,10,5,100,f0_failure_rate.interaction.graph_1_edge_weight_sizing,0.2686974271019673
mdgnc_edge_failures,MG LdWLOA + EW,10,5,100,f1_mass.graph_0.mg_ld_wloa_adsg_semantic_type,0.0050493660479874
mdgnc_edge_failures,MG LdWLOA + EW,10,5,100,f1_mass.graph_1.edge_weight,0.1365289019099506
mdgnc_edge_failures,MG LdWLOA + EW,10,5,100,f1_mass.sizing,0.3777885570432393
mdgnc_edge_failures,MG LdWLOA + EW,10,5,100,f1_mass.interaction.graph_0_mg_ld_wloa_adsg_semantic_type_graph_1_edge_weight,0.0728493447653853
mdgnc_edge_failures,MG LdWLOA + EW,10,5,100,f1_mass.interaction.graph_0_mg_ld_wloa_adsg_semantic_type_sizing,0.0745378784921625
mdgnc_edge_failures,MG LdWLOA + EW,10,5,100,f1_mass.interaction.graph_1_edge_weight_sizing,0.3332459517412747
mdgnc_edge_failures,MG LdWLOA + EW,10,5,125,f0_failure_rate.graph_0.mg_ld_wloa_adsg_semantic_type,0.0058427897325631
mdgnc_edge_failures,MG LdWLOA + EW,10,5,125,f0_failure_rate.graph_1.edge_weight,0.293416907282386
mdgnc_edge_failures,MG LdWLOA + EW,10,5,125,f0_failure_rate.sizing,0.0333395927920551
mdgnc_edge_failures,MG LdWLOA + EW,10,5,125,f0_failure_rate.interaction.graph_0_mg_ld_wloa_adsg_semantic_type_graph_1_edge_weight,0.1634407337323795
mdgnc_edge_failures,MG LdWLOA + EW,10,5,125,f0_failure_rate.interaction.graph_0_mg_ld_wloa_adsg_semantic_type_sizing,0.166541041447583
mdgnc_edge_failures,MG LdWLOA + EW,10,5,125,f0_failure_rate.interaction.graph_1_edge_weight_sizing,0.3374189350130331
mdgnc_edge_failures,MG LdWLOA + EW,10,5,125,f1_mass.graph_0.mg_ld_wloa_adsg_semantic_type,0.0050054881826157
mdgnc_edge_failures,MG LdWLOA + EW,10,5,125,f1_mass.graph_1.edge_weight,0.1377590381511201
mdgnc_edge_failures,MG LdWLOA + EW,10,5,125,f1_mass.sizing,0.3752074214983767
mdgnc_edge_failures,MG LdWLOA + EW,10,5,125,f1_mass.interaction.graph_0_mg_ld_wloa_adsg_semantic_type_graph_1_edge_weight,0.0767116078188753
mdgnc_edge_failures,MG LdWLOA + EW,10,5,125,f1_mass.interaction.graph_0_mg_ld_wloa_adsg_semantic_type_sizing,0.0742996831788759
mdgnc_edge_failures,MG LdWLOA + EW,10,5,125,f1_mass.interaction.graph_1_edge_weight_sizing,0.331016761170136
mdgnc_edge_failures,MG LdWLOA + EW,10,5,150,f0_failure_rate.graph_0.mg_ld_wloa_adsg_semantic_type,0.2346077313444878
mdgnc_edge_failures,MG LdWLOA + EW,10,5,150,f0_failure_rate.graph_1.edge_weight,0.4078389748519246
mdgnc_edge_failures,MG LdWLOA + EW,10,5,150,f0_failure_rate.sizing,0.0023460773134448
mdgnc_edge_failures,MG LdWLOA + EW,10,5,150,f0_failure_rate.interaction.graph_0_mg_ld_wloa_adsg_semantic_type_graph_1_edge_weight,0.3428920868971369
mdgnc_edge_failures,MG LdWLOA + EW,10,5,150,f0_failure_rate.interaction.graph_0_mg_ld_wloa_adsg_semantic_type_sizing,0.0099690522795609
mdgnc_edge_failures,MG LdWLOA + EW,10,5,150,f0_failure_rate.interaction.graph_1_edge_weight_sizing,0.0023460773134448
mdgnc_edge_failures,MG LdWLOA + EW,10,5,150,f1_mass.graph_0.mg_ld_wloa_adsg_semantic_type,0.1029104819098563
mdgnc_edge_failures,MG LdWLOA + EW,10,5,150,f1_mass.graph_1.edge_weight,0.3244907411076079
mdgnc_edge_failures,MG LdWLOA + EW,10,5,150,f1_mass.sizing,0.2771449869187888
mdgnc_edge_failures,MG LdWLOA + EW,10,5,150,f1_mass.interaction.graph_0_mg_ld_wloa_adsg_semantic_type_graph_1_edge_weight,0.1057302022398016
mdgnc_edge_failures,MG LdWLOA + EW,10,5,150,f1_mass.interaction.graph_0_mg_ld_wloa_adsg_semantic_type_sizing,0.0010291048190985
mdgnc_edge_failures,MG LdWLOA + EW,10,5,150,f1_mass.interaction.graph_1_edge_weight_sizing,0.1886944830048466
mdgnc_edge_failures,MG LdWLOA + EW,10,5,175,f0_failure_rate.graph_0.mg_ld_wloa_adsg_semantic_type,0.1825258869496278
mdgnc_edge_failures,MG LdWLOA + EW,10,5,175,f0_failure_rate.graph_1.edge_weight,0.1385654510610182
mdgnc_edge_failures,MG LdWLOA + EW,10,5,175,f0_failure_rate.sizing,0.0467915882672477
mdgnc_edge_failures,MG LdWLOA + EW,10,5,175,f0_failure_rate.interaction.graph_0_mg_ld_wloa_adsg_semantic_type_graph_1_edge_weight,0.2932751405397463
mdgnc_edge_failures,MG LdWLOA + EW,10,5,175,f0_failure_rate.interaction.graph_0_mg_ld_wloa_adsg_semantic_type_sizing,0.1542980479992932
mdgnc_edge_failures,MG LdWLOA + EW,10,5,175,f0_failure_rate.interaction.graph_1_edge_weight_sizing,0.1845438851830664
mdgnc_edge_failures,MG LdWLOA + EW,10,5,175,f1_mass.graph_0.mg_ld_wloa_adsg_semantic_type,0.151014496683925
mdgnc_edge_failures,MG LdWLOA + EW,10,5,175,f1_mass.graph_1.edge_weight,0.1798602811278092
mdgnc_edge_failures,MG LdWLOA + EW,10,5,175,f1_mass.sizing,0.1828563910622903
mdgnc_edge_failures,MG LdWLOA + EW,10,5,175,f1_mass.interaction.graph_0_mg_ld_wloa_adsg_semantic_type_graph_1_edge_weight,0.2032913875573667
mdgnc_edge_failures,MG LdWLOA + EW,10,5,175,f1_mass.interaction.graph_0_mg_ld_wloa_adsg_semantic_type_sizing,0.0231070013498341
mdgnc_edge_failures,MG LdWLOA + EW,10,5,175,f1_mass.interaction.graph_1_edge_weight_sizing,0.2598704422187745
mdgnc_edge_failures,MG LdWLOA + EW,10,5,200,f0_failure_rate.graph_0.mg_ld_wloa_adsg_semantic_type,0.005901879394449
mdgnc_edge_failures,MG LdWLOA + EW,10,5,200,f0_failure_rate.graph_1.edge_weight,0.3006904362631512
mdgnc_edge_failures,MG LdWLOA + EW,10,5,200,f0_failure_rate.sizing,0.0302569363641526
mdgnc_edge_failures,MG LdWLOA + EW,10,5,200,f0_failure_rate.interaction.graph_0_mg_ld_wloa_adsg_semantic_type_graph_1_edge_weight,0.1661585607140308
mdgnc_edge_failures,MG LdWLOA + EW,10,5,200,f0_failure_rate.interaction.graph_0_mg_ld_wloa_adsg_semantic_type_sizing,0.1611232739392208
mdgnc_edge_failures,MG LdWLOA + EW,10,5,200,f0_failure_rate.interaction.graph_1_edge_weight_sizing,0.3358689133249954
mdgnc_edge_failures,MG LdWLOA + EW,10,5,200,f1_mass.graph_0.mg_ld_wloa_adsg_semantic_type,0.0050337881655145
mdgnc_edge_failures,MG LdWLOA + EW,10,5,200,f1_mass.graph_1.edge_weight,0.141844151259231
mdgnc_edge_failures,MG LdWLOA + EW,10,5,200,f1_mass.sizing,0.3723967543869835
mdgnc_edge_failures,MG LdWLOA + EW,10,5,200,f1_mass.interaction.graph_0_mg_ld_wloa_adsg_semantic_type_graph_1_edge_weight,0.075052192373549
mdgnc_edge_failures,MG LdWLOA + EW,10,5,200,f1_mass.interaction.graph_0_mg_ld_wloa_adsg_semantic_type_sizing,0.0725892438455054
mdgnc_edge_failures,MG LdWLOA + EW,10,5,200,f1_mass.interaction.graph_1_edge_weight_sizing,0.3330838699692163
mdgnc_edge_failures,MG LdWLOA + EW,10,5,225,f0_failure_rate.graph_0.mg_ld_wloa_adsg_semantic_type,0.0022708172748848
mdgnc_edge_failures,MG LdWLOA + EW,10,5,225,f0_failure_rate.graph_1.edge_weight,0.1622178311890101
mdgnc_edge_failures,MG LdWLOA + EW,10,5,225,f0_failure_rate.sizing,0.2115694383602375
mdgnc_edge_failures,MG LdWLOA + EW,10,5,225,f0_failure_rate.interaction.graph_0_mg_ld_wloa_adsg_semantic_type_graph_1_edge_weight,0.1933626312998012
mdgnc_edge_failures,MG LdWLOA + EW,10,5,225,f0_failure_rate.interaction.graph_0_mg_ld_wloa_adsg_semantic_type_sizing,0.2254865236555924
mdgnc_edge_failures,MG LdWLOA + EW,10,5,225,f0_failure_rate.interaction.graph_1_edge_weight_sizing,0.2050927582204738
mdgnc_edge_failures,MG LdWLOA + EW,10,5,225,f1_mass.graph_0.mg_ld_wloa_adsg_semantic_type,0.0050232115862235
mdgnc_edge_failures,MG LdWLOA + EW,10,5,225,f1_mass.graph_1.edge_weight,0.141205490011619
mdgnc_edge_failures,MG LdWLOA + EW,10,5,225,f1_mass.sizing,0.3717058700199599
mdgnc_edge_failures,MG LdWLOA + EW,10,5,225,f1_mass.interaction.graph_0_mg_ld_wloa_adsg_semantic_type_graph_1_edge_weight,0.0735355408688282
mdgnc_edge_failures,MG LdWLOA + EW,10,5,225,f1_mass.interaction.graph_0_mg_ld_wloa_adsg_semantic_type_sizing,0.07585748560339
mdgnc_edge_failures,MG LdWLOA + EW,10,5,225,f1_mass.interaction.graph_1_edge_weight_sizing,0.3326724019099793
mdgnc_edge_failures,MG LdWLOA + EW,10,5,250,f0_failure_rate.graph_0.mg_ld_wloa_adsg_semantic_type,0.2086393354722039
mdgnc_edge_failures,MG LdWLOA + EW,10,5,250,f0_failure_rate.graph_1.edge_weight,0.5306714986731276
mdgnc_edge_failures,MG LdWLOA + EW,10,5,250,f0_failure_rate.sizing,0.002086393354722
mdgnc_edge_failures,MG LdWLOA + EW,10,5,250,f0_failure_rate.interaction.graph_0_mg_ld_wloa_adsg_semantic_type_graph_1_edge_weight,0.1016482539593038
mdgnc_edge_failures,MG LdWLOA + EW,10,5,250,f0_failure_rate.interaction.graph_0_mg_ld_wloa_adsg_semantic_type_sizing,0.1377082193190337
mdgnc_edge_failures,MG LdWLOA + EW,10,5,250,f0_failure_rate.interaction.graph_1_edge_weight_sizing,0.0192462992216089
mdgnc_edge_failures,MG LdWLOA + EW,10,5,250,f1_mass.graph_0.mg_ld_wloa_adsg_semantic_type,0.1218280011721881
mdgnc_edge_failures,MG LdWLOA + EW,10,5,250,f1_mass.graph_1.edge_weight,0.4033681849958752
mdgnc_edge_failures,MG LdWLOA + EW,10,5,250,f1_mass.sizing,0.340728072744375
mdgnc_edge_failures,MG LdWLOA + EW,10,5,250,f1_mass.interaction.graph_0_mg_ld_wloa_adsg_semantic_type_graph_1_edge_weight,0.0013359853653014
mdgnc_edge_failures,MG LdWLOA + EW,10,5,250,f1_mass.interaction.graph_0_mg_ld_wloa_adsg_semantic_type_sizing,0.0012182792441103
mdgnc_edge_failures,MG LdWLOA + EW,10,5,250,f1_mass.interaction.graph_1_edge_weight_sizing,0.1315214764781498
mdgnc_edge_failures,MG LdWLOA + EW,10,5,275,f0_failure_rate.graph_0.mg_ld_wloa_adsg_semantic_type,0.181851900328688
mdgnc_edge_failures,MG LdWLOA + EW,10,5,275,f0_failure_rate.graph_1.edge_weight,0.0979791658549029
mdgnc_edge_failures,MG LdWLOA + EW,10,5,275,f0_failure_rate.sizing,0.0453818926773211
mdgnc_edge_failures,MG LdWLOA + EW,10,5,275,f0_failure_rate.interaction.graph_0_mg_ld_wloa_adsg_semantic_type_graph_1_edge_weight,0.3599970317278314
mdgnc_edge_failures,MG LdWLOA + EW,10,5,275,f0_failure_rate.interaction.graph_0_mg_ld_wloa_adsg_semantic_type_sizing,0.235991173705242
mdgnc_edge_failures,MG LdWLOA + EW,10,5,275,f0_failure_rate.interaction.graph_1_edge_weight_sizing,0.0787988357060143
mdgnc_edge_failures,MG LdWLOA + EW,10,5,275,f1_mass.graph_0.mg_ld_wloa_adsg_semantic_type,0.1282602037068911
mdgnc_edge_failures,MG LdWLOA + EW,10,5,275,f1_mass.graph_1.edge_weight,0.151506542311709
mdgnc_edge_failures,MG LdWLOA + EW,10,5,275,f1_mass.sizing,0.1150560039728888
mdgnc_edge_failures,MG LdWLOA + EW,10,5,275,f1_mass.interaction.graph_0_mg_ld_wloa_adsg_semantic_type_graph_1_edge_weight,0.2817618574851213
mdgnc_edge_failures,MG LdWLOA + EW,10,5,275,f1_mass.interaction.graph_0_mg_ld_wloa_adsg_semantic_type_sizing,0.0802721270173184
mdgnc_edge_failures,MG LdWLOA + EW,10,5,275,f1_mass.interaction.graph_1_edge_weight_sizing,0.2431432655060711
mdgnc_edge_failures,MG LdWLOA + EW,10,5,300,f0_failure_rate.graph_0.mg_ld_wloa_adsg_semantic_type,0.0034532019748675
mdgnc_edge_failures,MG LdWLOA + EW,10,5,300,f0_failure_rate.graph_1.edge_weight,0.012110320745739
mdgnc_edge_failures,MG LdWLOA + EW,10,5,300,f0_failure_rate.sizing,0.1203851698268615
mdgnc_edge_failures,MG LdWLOA + EW,10,5,300,f0_failure_rate.interaction.graph_0_mg_ld_wloa_adsg_semantic_type_graph_1_edge_weight,0.3424937422621287
mdgnc_edge_failures,MG LdWLOA + EW,10,5,300,f0_failure_rate.interaction.graph_0_mg_ld_wloa_adsg_semantic_type_sizing,0.2537598304079121
mdgnc_edge_failures,MG LdWLOA + EW,10,5,300,f0_failure_rate.interaction.graph_1_edge_weight_sizing,0.2677977347824909
mdgnc_edge_failures,MG LdWLOA + EW,10,5,300,f1_mass.graph_0.mg_ld_wloa_adsg_semantic_type,0.0022695174197989
mdgnc_edge_failures,MG LdWLOA + EW,10,5,300,f1_mass.graph_1.edge_weight,0.1615271766914098
mdgnc_edge_failures,MG LdWLOA + EW,10,5,300,f1_mass.sizing,0.2106476616617102
mdgnc_edge_failures,MG LdWLOA + EW,10,5,300,f1_mass.interaction.graph_0_mg_ld_wloa_adsg_semantic_type_graph_1_edge_weight,0.1927212807937262
mdgnc_edge_failures,MG LdWLOA + EW,10,5,300,f1_mass.interaction.graph_0_mg_ld_wloa_adsg_semantic_type_sizing,0.2257534737569597
mdgnc_edge_failures,MG LdWLOA + EW,10,5,300,f1_mass.interaction.graph_1_edge_weight_sizing,0.207080889676395
mdgnc_edge_failures,MG LdWLOA + EW,10,6,25,f0_failure_rate.graph_0.mg_ld_wloa_adsg_semantic_type,0.003415688861761
mdgnc_edge_failures,MG LdWLOA + EW,10,6,25,f0_failure_rate.graph_1.edge_weight,0.3298357063021683
mdgnc_edge_failures,MG LdWLOA + EW,10,6,25,f0_failure_rate.sizing,0.0695397304937024
mdgnc_edge_failures,MG LdWLOA + EW,10,6,25,f0_failure_rate.interaction.graph_0_mg_ld_wloa_adsg_semantic_type_graph_1_edge_weight,0.2542091385190601
mdgnc_edge_failures,MG LdWLOA + EW,10,6,25,f0_failure_rate.interaction.graph_0_mg_ld_wloa_adsg_semantic_type_sizing,0.2273017047389146
mdgnc_edge_failures,MG LdWLOA + EW,10,6,25,f0_failure_rate.interaction.graph_1_edge_weight_sizing,0.1156980310843932
mdgnc_edge_failures,MG LdWLOA + EW,10,6,25,f1_mass.graph_0.mg_ld_wloa_adsg_semantic_type,0.004956533834822
mdgnc_edge_failures,MG LdWLOA + EW,10,6,25,f1_mass.graph_1.edge_weight,0.1390734420847114
mdgnc_edge_failures,MG LdWLOA + EW,10,6,25,f1_mass.sizing,0.3674585419852627
mdgnc_edge_failures,MG LdWLOA + EW,10,6,25,f1_mass.interaction.graph_0_mg_ld_wloa_adsg_semantic_type_graph_1_edge_weight,0.0793567004315897
mdgnc_edge_failures,MG LdWLOA + EW,10,6,25,f1_mass.interaction.graph_0_mg_ld_wloa_adsg_semantic_type_sizing,0.0785049011660597
mdgnc_edge_failures,MG LdWLOA + EW,10,6,25,f1_mass.interaction.graph_1_edge_weight_sizing,0.3306498804975543
mdgnc_edge_failures,MG LdWLOA + EW,10,6,50,f0_failure_rate.graph_0.mg_ld_wloa_adsg_semantic_type,0.0035841131781162
mdgnc_edge_failures,MG LdWLOA + EW,10,6,50,f0_failure_rate.graph_1.edge_weight,0.1593209783397927
mdgnc_edge_failures,MG LdWLOA + EW,10,6,50,f0_failure_rate.sizing,0.1640466283877715
mdgnc_edge_failures,MG LdWLOA + EW,10,6,50,f0_failure_rate.interaction.graph_0_mg_ld_wloa_adsg_semantic_type_graph_1_edge_weight,0.2402099415738188
mdgnc_edge_failures,MG LdWLOA + EW,10,6,50,f0_failure_rate.interaction.graph_0_mg_ld_wloa_adsg_semantic_type_sizing,0.3249718114384645
mdgnc_edge_failures,MG LdWLOA + EW,10,6,50,f0_failure_rate.interaction.graph_1_edge_weight_sizing,0.1078665270820362
mdgnc_edge_failures,MG LdWLOA + EW,10,6,50,f1_mass.graph_0.mg_ld_wloa_adsg_semantic_type,0.0050192135159762
mdgnc_edge_failures,MG LdWLOA + EW,10,6,50,f1_mass.graph_1.edge_weight,0.1398841224195909
mdgnc_edge_failures,MG LdWLOA + EW,10,6,50,f1_mass.sizing,0.3688521377036142
mdgnc_edge_failures,MG LdWLOA + EW,10,6,50,f1_mass.interaction.graph_0_mg_ld_wloa_adsg_semantic_type_graph_1_edge_weight,0.0756925325510764
mdgnc_edge_failures,MG LdWLOA + EW,10,6,50,f1_mass.interaction.graph_0_mg_ld_wloa_adsg_semantic_type_sizing,0.0766805950444514
mdgnc_edge_failures,MG LdWLOA + EW,10,6,50,f1_mass.interaction.graph_1_edge_weight_sizing,0.3338713987652907
mdgnc_edge_failures,MG LdWLOA + EW,10,6,75,f0_failure_rate.graph_0.mg_ld_wloa_adsg_semantic_type,0.003472411413252
mdgnc_edge_failures,MG LdWLOA + EW,10,6,75,f0_failure_rate.graph_1.edge_weight,0.0105136727201961
mdgnc_edge_failures,MG LdWLOA + EW,10,6,75,f0_failure_rate.sizing,0.1212093388004425
mdgnc_edge_failures,MG LdWLOA + EW,10,6,75,f0_failure_rate.interaction.graph_0_mg_ld_wloa_adsg_semantic_type_graph_1_edge_weight,0.3464747739386231
mdgnc_edge_failures,MG LdWLOA + EW,10,6,75,f0_failure_rate.interaction.graph_0_mg_ld_wloa_adsg_semantic_type_sizing,0.252996135681187
mdgnc_edge_failures,MG LdWLOA + EW,10,6,75,f0_failure_rate.interaction.graph_1_edge_weight_sizing,0.2653336674462991
mdgnc_edge_failures,MG LdWLOA + EW,10,6,75,f1_mass.graph_0.mg_ld_wloa_adsg_semantic_type,0.0049666232695949
mdgnc_edge_failures,MG LdWLOA + EW,10,6,75,f1_mass.graph_1.edge_weight,0.1405102382232924
mdgnc_edge_failures,MG LdWLOA + EW,10,6,75,f1_mass.sizing,0.3697484364157949
mdgnc_edge_failures,MG LdWLOA + EW,10,6,75,f1_mass.interaction.graph_0_mg_ld_wloa_adsg_semantic_type_graph_1_edge_weight,0.078408444311209
mdgnc_edge_failures,MG LdWLOA + EW,10,6,75,f1_mass.interaction.graph_0_mg_ld_wloa_adsg_semantic_type_sizing,0.0736804201197341
mdgnc_edge_failures,MG LdWLOA + EW,10,6,75,f1_mass.interaction.graph_1_edge_weight_sizing,0.3326858376603744
mdgnc_edge_failures,MG LdWLOA + EW,10,6,100,f0_failure_rate.graph_0.mg_ld_wloa_adsg_semantic_type,0.0035069932876821
mdgnc_edge_failures,MG LdWLOA + EW,10,6,100,f0_failure_rate.graph_1.edge_weight,0.008242499410828
mdgnc_edge_failures,MG LdWLOA + EW,10,6,100,f0_failure_rate.sizing,0.1142458981011339
mdgnc_edge_failures,MG LdWLOA + EW,10,6,100,f0_failure_rate.interaction.graph_0_mg_ld_wloa_adsg_semantic_type_graph_1_edge_weight,0.3462313477160353
mdgnc_edge_failures,MG LdWLOA + EW,10,6,100,f0_failure_rate.interaction.graph_0_mg_ld_wloa_adsg_semantic_type_sizing,0.2568499856567272
mdgnc_edge_failures,MG LdWLOA + EW,10,6,100,f0_failure_rate.interaction.graph_1_edge_weight_sizing,0.2709232758275933
mdgnc_edge_failures,MG LdWLOA + EW,10,6,100,f1_mass.graph_0.mg_ld_wloa_adsg_semantic_type,0.0051295310316082
mdgnc_edge_failures,MG LdWLOA + EW,10,6,100,f1_mass.graph_1.edge_weight,0.1390146051584038
mdgnc_edge_failures,MG LdWLOA + EW,10,6,100,f1_mass.sizing,0.3748434755734814
mdgnc_edge_failures,MG LdWLOA + EW,10,6,100,f1_mass.interaction.graph_0_mg_ld_wloa_adsg_semantic_type_graph_1_edge_weight,0.0704934547118107
mdgnc_edge_failures,MG LdWLOA + EW,10,6,100,f1_mass.interaction.graph_0_mg_ld_wloa_adsg_semantic_type_sizing,0.0742823741000261
mdgnc_edge_failures,MG LdWLOA + EW,10,6,100,f1_mass.interaction.graph_1_edge_weight_sizing,0.3362365594246694
mdgnc_edge_failures,MG LdWLOA + EW,10,6,125,f0_failure_rate.graph_0.mg_ld_wloa_adsg_semantic_type,0.0058447684655409
mdgnc_edge_failures,MG LdWLOA + EW,10,6,125,f0_failure_rate.graph_1.edge_weight,0.2956737777460584
mdgnc_edge_failures,MG LdWLOA + EW,10,6,125,f0_failure_rate.sizing,0.0346742871536512
mdgnc_edge_failures,MG LdWLOA + EW,10,6,125,f0_failure_rate.interaction.graph_0_mg_ld_wloa_adsg_semantic_type_graph_1_edge_weight,0.1676977495951369
mdgnc_edge_failures,MG LdWLOA + EW,10,6,125,f0_failure_rate.interaction.graph_0_mg_ld_wloa_adsg_semantic_type_sizing,0.1601812889745051
mdgnc_edge_failures,MG LdWLOA + EW,10,6,125,f0_failure_rate.interaction.graph_1_edge_weight_sizing,0.3359281280651075
mdgnc_edge_failures,MG LdWLOA + EW,10,6,125,f1_mass.graph_0.mg_ld_wloa_adsg_semantic_type,0.005007084262548
mdgnc_edge_failures,MG LdWLOA + EW,10,6,125,f1_mass.graph_1.edge_weight,0.1374141317494077
mdgnc_edge_failures,MG LdWLOA + EW,10,6,125,f1_mass.sizing,0.3686431447653129
mdgnc_edge_failures,MG LdWLOA + EW,10,6,125,f1_mass.interaction.graph_0_mg_ld_wloa_adsg_semantic_type_graph_1_edge_weight,0.0768506072444586
mdgnc_edge_failures,MG LdWLOA + EW,10,6,125,f1_mass.interaction.graph_0_mg_ld_wloa_adsg_semantic_type_sizing,0.0770853766115697
mdgnc_edge_failures,MG LdWLOA + EW,10,6,125,f1_mass.interaction.graph_1_edge_weight_sizing,0.3349996553667029
mdgnc_edge_failures,MG LdWLOA + EW,10,6,150,f0_failure_rate.graph_0.mg_ld_wloa_adsg_semantic_type,0.005806535721918
mdgnc_edge_failures,MG LdWLOA + EW,10,6,150,f0_failure_rate.graph_1.edge_weight,0.2932693033635891
mdgnc_edge_failures,MG LdWLOA + EW,10,6,150,f0_failure_rate.sizing,0.0323614603152186
mdgnc_edge_failures,MG LdWLOA + EW,10,6,150,f0_failure_rate.interaction.graph_0_mg_ld_wloa_adsg_semantic_type_graph_1_edge_weight,0.1701911268402055
mdgnc_edge_failures,MG LdWLOA + EW,10,6,150,f0_failure_rate.interaction.graph_0_mg_ld_wloa_adsg_semantic_type_sizing,0.1559740314524322
mdgnc_edge_failures,MG LdWLOA + EW,10,6,150,f0_failure_rate.interaction.graph_1_edge_weight_sizing,0.3423975423066365
mdgnc_edge_failures,MG LdWLOA + EW,10,6,150,f1_mass.graph_0.mg_ld_wloa_adsg_semantic_type,0.0050357207083348
mdgnc_edge_failures,MG LdWLOA + EW,10,6,150,f1_mass.graph_1.edge_weight,0.1314870773974802
mdgnc_edge_failures,MG LdWLOA + EW,10,6,150,f1_mass.sizing,0.3752819268066099
mdgnc_edge_failures,MG LdWLOA + EW,10,6,150,f1_mass.interaction.graph_0_mg_ld_wloa_adsg_semantic_type_graph_1_edge_weight,0.076004026815283
mdgnc_edge_failures,MG LdWLOA + EW,10,6,150,f1_mass.interaction.graph_0_mg_ld_wloa_adsg_semantic_type_sizing,0.0797854568976284
mdgnc_edge_failures,MG LdWLOA + EW,10,6,150,f1_mass.interaction.graph_1_edge_weight_sizing,0.3324057913746637
mdgnc_edge_failures,MG LdWLOA + EW,10,6,175,f0_failure_rate.graph_0.mg_ld_wloa_adsg_semantic_type,0.1813724375775952
mdgnc_edge_failures,MG LdWLOA + EW,10,6,175,f0_failure_rate.graph_1.edge_weight,0.3803984438030763
mdgnc_edge_failures,MG LdWLOA + EW,10,6,175,f0_failure_rate.sizing,0.0018137243757759
mdgnc_edge_failures,MG LdWLOA + EW,10,6,175,f0_failure_rate.interaction.graph_0_mg_ld_wloa_adsg_semantic_type_graph_1_edge_weight,0.3775146564664506
mdgnc_edge_failures,MG LdWLOA + EW,10,6,175,f0_failure_rate.interaction.graph_0_mg_ld_wloa_adsg_semantic_type_sizing,0.0566230089450102
mdgnc_edge_failures,MG LdWLOA + EW,10,6,175,f0_failure_rate.interaction.graph_1_edge_weight_sizing,0.0022777288320916
mdgnc_edge_failures,MG LdWLOA + EW,10,6,175,f1_mass.graph_0.mg_ld_wloa_adsg_semantic_type,0.1201595656100672
mdgnc_edge_failures,MG LdWLOA + EW,10,6,175,f1_mass.graph_1.edge_weight,0.4326095953144201
mdgnc_edge_failures,MG LdWLOA + EW,10,6,175,f1_mass.sizing,0.1376624100806779
mdgnc_edge_failures,MG LdWLOA + EW,10,6,175,f1_mass.interaction.graph_0_mg_ld_wloa_adsg_semantic_type_graph_1_edge_weight,0.1799925181287027
mdgnc_edge_failures,MG LdWLOA + EW,10,6,175,f1_mass.interaction.graph_0_mg_ld_wloa_adsg_semantic_type_sizing,0.0012015956561006
mdgnc_edge_failures,MG LdWLOA + EW,10,6,175,f1_mass.interaction.graph_1_edge_weight_sizing,0.1283743152100313
mdgnc_edge_failures,MG LdWLOA + EW,10,6,200,f0_failure_rate.graph_0.mg_ld_wloa_adsg_semantic_type,0.0035943599302049
mdgnc_edge_failures,MG LdWLOA + EW,10,6,200,f0_failure_rate.graph_1.edge_weight,0.1628790583992641
mdgnc_edge_failures,MG LdWLOA + EW,10,6,200,f0_failure_rate.sizing,0.1638170550660758
mdgnc_edge_failures,MG LdWLOA + EW,10,6,200,f0_failure_rate.interaction.graph_0_mg_ld_wloa_adsg_semantic_type_graph_1_edge_weight,0.2390025925323551
mdgnc_edge_failures,MG LdWLOA + EW,10,6,200,f0_failure_rate.interaction.graph_0_mg_ld_wloa_adsg_semantic_type_sizing,0.3238903980911896
mdgnc_edge_failures,MG LdWLOA + EW,10,6,200,f0_failure_rate.interaction.graph_1_edge_weight_sizing,0.1068165359809103
mdgnc_edge_failures,MG LdWLOA + EW,10,6,200,f1_mass.graph_0.mg_ld_wloa_adsg_semantic_type,0.0053051020723815
mdgnc_edge_failures,MG LdWLOA + EW,10,6,200,f1_mass.graph_1.edge_weight,0.3521102625723227
mdgnc_edge_failures,MG LdWLOA + EW,10,6,200,f1_mass.sizing,0.3545791549148465
mdgnc_edge_failures,MG LdWLOA + EW,10,6,200,f1_mass.interaction.graph_0_mg_ld_wloa_adsg_semantic_type_graph_1_edge_weight,0.0035300970051908
mdgnc_edge_failures,MG LdWLOA + EW,10,6,200,f1_mass.interaction.graph_0_mg_ld_wloa_adsg_semantic_type_sizing,0.1803391877084354
mdgnc_edge_failures,MG LdWLOA + EW,10,6,200,f1_mass.interaction.graph_1_edge_weight_sizing,0.1041361957268229
mdgnc_edge_failures,MG LdWLOA + EW,10,6,225,f0_failure_rate.graph_0.mg_ld_wloa_adsg_semantic_type,0.002261713662244
mdgnc_edge_failures,MG LdWLOA + EW,10,6,225,f0_failure_rate.graph_1.edge_weight,0.1635126192040237
mdgnc_edge_failures,MG LdWLOA + EW,10,6,225,f0_failure_rate.sizing,0.2088167370284451
mdgnc_edge_failures,MG LdWLOA + EW,10,6,225,f0_failure_rate.interaction.graph_0_mg_ld_wloa_adsg_semantic_type_graph_1_edge_weight,0.1939597310744565
mdgnc_edge_failures,MG LdWLOA + EW,10,6,225,f0_failure_rate.interaction.graph_0_mg_ld_wloa_adsg_semantic_type_sizing,0.2244115984482441
mdgnc_edge_failures,MG LdWLOA + EW,10,6,225,f0_failure_rate.interaction.graph_1_edge_weight_sizing,0.2070376005825863
mdgnc_edge_failures,MG LdWLOA + EW,10,6,225,f1_mass.graph_0.mg_ld_wloa_adsg_semantic_type,0.0050299014255136
mdgnc_edge_failures,MG LdWLOA + EW,10,6,225,f1_mass.graph_1.edge_weight,0.143536092616771
mdgnc_edge_failures,MG LdWLOA + EW,10,6,225,f1_mass.sizing,0.372371116821433
mdgnc_edge_failures,MG LdWLOA + EW,10,6,225,f1_mass.interaction.graph_0_mg_ld_wloa_adsg_semantic_type_graph_1_edge_weight,0.0692971492849665
mdgnc_edge_failures,MG LdWLOA + EW,10,6,225,f1_mass.interaction.graph_0_mg_ld_wloa_adsg_semantic_type_sizing,0.0737955321991195
mdgnc_edge_failures,MG LdWLOA + EW,10,6,225,f1_mass.interaction.graph_1_edge_weight_sizing,0.3359702076521961
mdgnc_edge_failures,MG LdWLOA + EW,10,6,250,f0_failure_rate.graph_0.mg_ld_wloa_adsg_semantic_type,0.0022632973554581
mdgnc_edge_failures,MG LdWLOA + EW,10,6,250,f0_failure_rate.graph_1.edge_weight,0.1626765556472323
mdgnc_edge_failures,MG LdWLOA + EW,10,6,250,f0_failure_rate.sizing,0.2112924643490198
mdgnc_edge_failures,MG LdWLOA + EW,10,6,250,f0_failure_rate.interaction.graph_0_mg_ld_wloa_adsg_semantic_type_graph_1_edge_weight,0.1925971018958431
mdgnc_edge_failures,MG LdWLOA + EW,10,6,250,f0_failure_rate.interaction.graph_0_mg_ld_wloa_adsg_semantic_type_sizing,0.2255282502530601
mdgnc_edge_failures,MG LdWLOA + EW,10,6,250,f0_failure_rate.interaction.graph_1_edge_weight_sizing,0.2056423304993865
mdgnc_edge_failures,MG LdWLOA + EW,10,6,250,f1_mass.graph_0.mg_ld_wloa_adsg_semantic_type,0.0050296651265707
mdgnc_edge_failures,MG LdWLOA + EW,10,6,250,f1_mass.graph_1.edge_weight,0.1377035015838837
mdgnc_edge_failures,MG LdWLOA + EW,10,6,250,f1_mass.sizing,0.3750944870470158
mdgnc_edge_failures,MG LdWLOA + EW,10,6,250,f1_mass.interaction.graph_0_mg_ld_wloa_adsg_semantic_type_graph_1_edge_weight,0.0733351411986277
mdgnc_edge_failures,MG LdWLOA + EW,10,6,250,f1_mass.interaction.graph_0_mg_ld_wloa_adsg_semantic_type_sizing,0.0752367245554153
mdgnc_edge_failures,MG LdWLOA + EW,10,6,250,f1_mass.interaction.graph_1_edge_weight_sizing,0.3336004804884865
mdgnc_edge_failures,MG LdWLOA + EW,10,6,275,f0_failure_rate.graph_0.mg_ld_wloa_adsg_semantic_type,0.0022620398628327
mdgnc_edge_failures,MG LdWLOA + EW,10,6,275,f0_failure_rate.graph_1.edge_weight,0.1624694199839079
mdgnc_edge_failures,MG LdWLOA + EW,10,6,275,f0_failure_rate.sizing,0.2107463520488146
mdgnc_edge_failures,MG LdWLOA + EW,10,6,275,f0_failure_rate.interaction.graph_0_mg_ld_wloa_adsg_semantic_type_graph_1_edge_weight,0.1917142201349583
mdgnc_edge_failures,MG LdWLOA + EW,10,6,275,f0_failure_rate.interaction.graph_0_mg_ld_wloa_adsg_semantic_type_sizing,0.2261053077160251
mdgnc_edge_failures,MG LdWLOA + EW,10,6,275,f0_failure_rate.interaction.graph_1_edge_weight_sizing,0.2067026602534612
mdgnc_edge_failures,MG LdWLOA + EW,10,6,275,f1_mass.graph_0.mg_ld_wloa_adsg_semantic_type,0.0050205732288299
mdgnc_edge_failures,MG LdWLOA + EW,10,6,275,f1_mass.graph_1.edge_weight,0.1362335087005162
mdgnc_edge_failures,MG LdWLOA + EW,10,6,275,f1_mass.sizing,0.3733225747990895
mdgnc_edge_failures,MG LdWLOA + EW,10,6,275,f1_mass.interaction.graph_0_mg_ld_wloa_adsg_semantic_type_graph_1_edge_weight,0.0723157516388544
mdgnc_edge_failures,MG LdWLOA + EW,10,6,275,f1_mass.interaction.graph_0_mg_ld_wloa_adsg_semantic_type_sizing,0.0748082410304011
mdgnc_edge_failures,MG LdWLOA + EW,10,6,275,f1_mass.interaction.graph_1_edge_weight_sizing,0.3382993506023087
mdgnc_edge_failures,MG LdWLOA + EW,10,6,300,f0_failure_rate.graph_0.mg_ld_wloa_adsg_semantic_type,0.0022712833432158
mdgnc_edge_failures,MG LdWLOA + EW,10,6,300,f0_failure_rate.graph_1.edge_weight,0.1632791291835855
mdgnc_edge_failures,MG LdWLOA + EW,10,6,300,f0_failure_rate.sizing,0.2104490963123894
mdgnc_edge_failures,MG LdWLOA + EW,10,6,300,f0_failure_rate.interaction.graph_0_mg_ld_wloa_adsg_semantic_type_graph_1_edge_weight,0.1937052187274414
mdgnc_edge_failures,MG LdWLOA + EW,10,6,300,f0_failure_rate.interaction.graph_0_mg_ld_wloa_adsg_semantic_type_sizing,0.2253001908571069
mdgnc_edge_failures,MG LdWLOA + EW,10,6,300,f0_failure_rate.interaction.graph_1_edge_weight_sizing,0.2049950815762607
mdgnc_edge_failures,MG LdWLOA + EW,10,6,300,f1_mass.graph_0.mg_ld_wloa_adsg_semantic_type,0.0051251262533007
mdgnc_edge_failures,MG LdWLOA + EW,10,6,300,f1_mass.graph_1.edge_weight,0.3490169265590696
mdgnc_edge_failures,MG LdWLOA + EW,10,6,300,f1_mass.sizing,0.3413906677812847
mdgnc_edge_failures,MG LdWLOA + EW,10,6,300,f1_mass.interaction.graph_0_mg_ld_wloa_adsg_semantic_type_graph_1_edge_weight,0.0154414558874766
mdgnc_edge_failures,MG LdWLOA + EW,10,6,300,f1_mass.interaction.graph_0_mg_ld_wloa_adsg_semantic_type_sizing,0.1799395045035201
mdgnc_edge_failures,MG LdWLOA + EW,10,6,300,f1_mass.interaction.graph_1_edge_weight_sizing,0.1090863190153481
mdgnc_edge_failures,MG LdWLOA + EW,10,7,25,f0_failure_rate.graph_0.mg_ld_wloa_adsg_semantic_type,0.002264977083786
mdgnc_edge_failures,MG LdWLOA + EW,10,7,25,f0_failure_rate.graph_1.edge_weight,0.1631403807758534
mdgnc_edge_failures,MG LdWLOA + EW,10,7,25,f0_failure_rate.sizing,0.2107335928206862
mdgnc_edge_failures,MG LdWLOA + EW,10,7,25,f0_failure_rate.interaction.graph_0_mg_ld_wloa_adsg_semantic_type_graph_1_edge_weight,0.1910843436723268
mdgnc_edge_failures,MG LdWLOA + EW,10,7,25,f0_failure_rate.interaction.graph_0_mg_ld_wloa_adsg_semantic_type_sizing,0.2230365553897867
mdgnc_edge_failures,MG LdWLOA + EW,10,7,25,f0_failure_rate.interaction.graph_1_edge_weight_sizing,0.2097401502575605
mdgnc_edge_failures,MG LdWLOA + EW,10,7,25,f1_mass.graph_0.mg_ld_wloa_adsg_semantic_type,0.0094429384282244
mdgnc_edge_failures,MG LdWLOA + EW,10,7,25,f1_mass.graph_1.edge_weight,0.1340994090530549
mdgnc_edge_failures,MG LdWLOA + EW,10,7,25,f1_mass.sizing,0.4647978463538998
mdgnc_edge_failures,MG LdWLOA + EW,10,7,25,f1_mass.interaction.graph_0_mg_ld_wloa_adsg_semantic_type_graph_1_edge_weight,0.3232584261974269
mdgnc_edge_failures,MG LdWLOA + EW,10,7,25,f1_mass.interaction.graph_0_mg_ld_wloa_adsg_semantic_type_sizing,0.0103424641027194
mdgnc_edge_failures,MG LdWLOA + EW,10,7,25,f1_mass.interaction.graph_1_edge_weight_sizing,0.0580589158646746
mdgnc_edge_failures,MG LdWLOA + EW,10,7,50,f0_failure_rate.graph_0.mg_ld_wloa_adsg_semantic_type,0.0052097433807273
mdgnc_edge_failures,MG LdWLOA + EW,10,7,50,f0_failure_rate.graph_1.edge_weight,0.3527003856203216
mdgnc_edge_failures,MG LdWLOA + EW,10,7,50,f0_failure_rate.sizing,0.3446687047184731
mdgnc_edge_failures,MG LdWLOA + EW,10,7,50,f0_failure_rate.interaction.graph_0_mg_ld_wloa_adsg_semantic_type_graph_1_edge_weight,0.0031864062484343
mdgnc_edge_failures,MG LdWLOA + EW,10,7,50,f0_failure_rate.interaction.graph_0_mg_ld_wloa_adsg_semantic_type_sizing,0.1809323229254313
mdgnc_edge_failures,MG LdWLOA + EW,10,7,50,f0_failure_rate.interaction.graph_1_edge_weight_sizing,0.1133024371066122
mdgnc_edge_failures,MG LdWLOA + EW,10,7,50,f1_mass.graph_0.mg_ld_wloa_adsg_semantic_type,0.0050179527513854
mdgnc_edge_failures,MG LdWLOA + EW,10,7,50,f1_mass.graph_1.edge_weight,0.1384715185268731
mdgnc_edge_failures,MG LdWLOA + EW,10,7,50,f1_mass.sizing,0.3739898464793837
mdgnc_edge_failures,MG LdWLOA + EW,10,7,50,f1_mass.interaction.graph_0_mg_ld_wloa_adsg_semantic_type_graph_1_edge_weight,0.0762514892321826
mdgnc_edge_failures,MG LdWLOA + EW,10,7,50,f1_mass.interaction.graph_0_mg_ld_wloa_adsg_semantic_type_sizing,0.0701699951129296
mdgnc_edge_failures,MG LdWLOA + EW,10,7,50,f1_mass.interaction.graph_1_edge_weight_sizing,0.3360991978972454
mdgnc_edge_failures,MG LdWLOA + EW,10,7,75,f0_failure_rate.graph_0.mg_ld_wloa_adsg_semantic_type,0.1633465645731759
mdgnc_edge_failures,MG LdWLOA + EW,10,7,75,f0_failure_rate.graph_1.edge_weight,0.3898150079989874
mdgnc_edge_failures,MG LdWLOA + EW,10,7,75,f0_failure_rate.sizing,0.0682733474059553
mdgnc_edge_failures,MG LdWLOA + EW,10,7,75,f0_failure_rate.interaction.graph_0_mg_ld_wloa_adsg_semantic_type_graph_1_edge_weight,0.141716365603908
mdgnc_edge_failures,MG LdWLOA + EW,10,7,75,f0_failure_rate.interaction.graph_0_mg_ld_wloa_adsg_semantic_type_sizing,0.2237431507407383
mdgnc_edge_failures,MG LdWLOA + EW,10,7,75,f0_failure_rate.interaction.graph_1_edge_weight_sizing,0.0131055636772348
mdgnc_edge_failures,MG LdWLOA + EW,10,7,75,f1_mass.graph_0.mg_ld_wloa_adsg_semantic_type,0.005027413456124
mdgnc_edge_failures,MG LdWLOA + EW,10,7,75,f1_mass.graph_1.edge_weight,0.1434689605302201
mdgnc_edge_failures,MG LdWLOA + EW,10,7,75,f1_mass.sizing,0.3719440793542201
mdgnc_edge_failures,MG LdWLOA + EW,10,7,75,f1_mass.interaction.graph_0_mg_ld_wloa_adsg_semantic_type_graph_1_edge_weight,0.0709518689162388
mdgnc_edge_failures,MG LdWLOA + EW,10,7,75,f1_mass.interaction.graph_0_mg_ld_wloa_adsg_semantic_type_sizing,0.075463760815552
mdgnc_edge_failures,MG LdWLOA + EW,10,7,75,f1_mass.interaction.graph_1_edge_weight_sizing,0.3331439169276448
mdgnc_edge_failures,MG LdWLOA + EW,10,7,100,f0_failure_rate.graph_0.mg_ld_wloa_adsg_semantic_type,0.0036125660167312
mdgnc_edge_failures,MG LdWLOA + EW,10,7,100,f0_failure_rate.graph_1.edge_weight,0.159638976133946
mdgnc_edge_failures,MG LdWLOA + EW,10,7,100,f0_failure_rate.sizing,0.164499566314165
mdgnc_edge_failures,MG LdWLOA + EW,10,7,100,f0_failure_rate.interaction.graph_0_mg_ld_wloa_adsg_semantic_type_graph_1_edge_weight,0.2409382491109273
mdgnc_edge_failures,MG LdWLOA + EW,10,7,100,f0_failure_rate.interaction.graph_0_mg_ld_wloa_adsg_semantic_type_sizing,0.323982615043049
mdgnc_edge_failures,MG LdWLOA + EW,10,7,100,f0_failure_rate.interaction.graph_1_edge_weight_sizing,0.1073280273811814
mdgnc_edge_failures,MG LdWLOA + EW,10,7,100,f1_mass.graph_0.mg_ld_wloa_adsg_semantic_type,0.0050500244858909
mdgnc_edge_failures,MG LdWLOA + EW,10,7,100,f1_mass.graph_1.edge_weight,0.1357383559210353
mdgnc_edge_failures,MG LdWLOA + EW,10,7,100,f1_mass.sizing,0.3732926963262381
mdgnc_edge_failures,MG LdWLOA + EW,10,7,100,f1_mass.interaction.graph_0_mg_ld_wloa_adsg_semantic_type_graph_1_edge_weight,0.0816414676141776
mdgnc_edge_failures,MG LdWLOA + EW,10,7,100,f1_mass.interaction.graph_0_mg_ld_wloa_adsg_semantic_type_sizing,0.0739691192580462
mdgnc_edge_failures,MG LdWLOA + EW,10,7,100,f1_mass.interaction.graph_1_edge_weight_sizing,0.3303083363946118
mdgnc_edge_failures,MG LdWLOA + EW,10,7,125,f0_failure_rate.graph_0.mg_ld_wloa_adsg_semantic_type,0.0034662665644611
mdgnc_edge_failures,MG LdWLOA + EW,10,7,125,f0_failure_rate.graph_1.edge_weight,0.0113494963249718
mdgnc_edge_failures,MG LdWLOA + EW,10,7,125,f0_failure_rate.sizing,0.1212067258687479
mdgnc_edge_failures,MG LdWLOA + EW,10,7,125,f0_failure_rate.interaction.graph_0_mg_ld_wloa_adsg_semantic_type_graph_1_edge_weight,0.3426938071495784
mdgnc_edge_failures,MG LdWLOA + EW,10,7,125,f0_failure_rate.interaction.graph_0_mg_ld_wloa_adsg_semantic_type_sizing,0.2542090679636271
mdgnc_edge_failures,MG LdWLOA + EW,10,7,125,f0_failure_rate.interaction.graph_1_edge_weight_sizing,0.2670746361286136
mdgnc_edge_failures,MG LdWLOA + EW,10,7,125,f1_mass.graph_0.mg_ld_wloa_adsg_semantic_type,0.0050701635524676
mdgnc_edge_failures,MG LdWLOA + EW,10,7,125,f1_mass.graph_1.edge_weight,0.1422175626316832
mdgnc_edge_failures,MG LdWLOA + EW,10,7,125,f1_mass.sizing,0.3753867597467596
mdgnc_edge_failures,MG LdWLOA + EW,10,7,125,f1_mass.interaction.graph_0_mg_ld_wloa_adsg_semantic_type_graph_1_edge_weight,0.0699043368138035
mdgnc_edge_failures,MG LdWLOA + EW,10,7,125,f1_mass.interaction.graph_0_mg_ld_wloa_adsg_semantic_type_sizing,0.072533812560414
mdgnc_edge_failures,MG LdWLOA + EW,10,7,125,f1_mass.interaction.graph_1_edge_weight_sizing,0.334887364694872
mdgnc_edge_failures,MG LdWLOA + EW,10,7,150,f0_failure_rate.graph_0.mg_ld_wloa_adsg_semantic_type,0.0058333244215611
mdgnc_edge_failures,MG LdWLOA + EW,10,7,150,f0_failure_rate.graph_1.edge_weight,0.2898114391198091
mdgnc_edge_failures,MG LdWLOA + EW,10,7,150,f0_failure_rate.sizing,0.0303493244633176
mdgnc_edge_failures,MG LdWLOA + EW,10,7,150,f0_failure_rate.interaction.graph_0_mg_ld_wloa_adsg_semantic_type_graph_1_edge_weight,0.168686829311499
mdgnc_edge_failures,MG LdWLOA + EW,10,7,150,f0_failure_rate.interaction.graph_0_mg_ld_wloa_adsg_semantic_type_sizing,0.1649701375929302
mdgnc_edge_failures,MG LdWLOA + EW,10,7,150,f0_failure_rate.interaction.graph_1_edge_weight_sizing,0.3403489450908828
mdgnc_edge_failures,MG LdWLOA + EW,10,7,150,f1_mass.graph_0.mg_ld_wloa_adsg_semantic_type,0.0057323241077747
mdgnc_edge_failures,MG LdWLOA + EW,10,7,150,f1_mass.graph_1.edge_weight,0.2921125516938112
mdgnc_edge_failures,MG LdWLOA + EW,10,7,150,f1_mass.sizing,0.0341781004577248
mdgnc_edge_failures,MG LdWLOA + EW,10,7,150,f1_mass.interaction.graph_0_mg_ld_wloa_adsg_semantic_type_graph_1_edge_weight,0.1659823316156365
mdgnc_edge_failures,MG LdWLOA + EW,10,7,150,f1_mass.interaction.graph_0_mg_ld_wloa_adsg_semantic_type_sizing,0.1647876783302059
mdgnc_edge_failures,MG LdWLOA + EW,10,7,150,f1_mass.interaction.graph_1_edge_weight_sizing,0.3372070137948467
mdgnc_edge_failures,MG LdWLOA + EW,10,7,175,f0_failure_rate.graph_0.mg_ld_wloa_adsg_semantic_type,0.0035762641306462
mdgnc_edge_failures,MG LdWLOA + EW,10,7,175,f0_failure_rate.graph_1.edge_weight,0.1616952736254254
mdgnc_edge_failures,MG LdWLOA + EW,10,7,175,f0_failure_rate.sizing,0.1624136705138563
mdgnc_edge_failures,MG LdWLOA + EW,10,7,175,f0_failure_rate.interaction.graph_0_mg_ld_wloa_adsg_semantic_type_graph_1_edge_weight,0.2402968958029824
mdgnc_edge_failures,MG LdWLOA + EW,10,7,175,f0_failure_rate.interaction.graph_0_mg_ld_wloa_adsg_semantic_type_sizing,0.3239694289158422
mdgnc_edge_failures,MG LdWLOA + EW,10,7,175,f0_failure_rate.interaction.graph_1_edge_weight_sizing,0.1080484670112472
mdgnc_edge_failures,MG LdWLOA + EW,10,7,175,f1_mass.graph_0.mg_ld_wloa_adsg_semantic_type,0.0050601830584936
mdgnc_edge_failures,MG LdWLOA + EW,10,7,175,f1_mass.graph_1.edge_weight,0.1371925291789026
mdgnc_edge_failures,MG LdWLOA + EW,10,7,175,f1_mass.sizing,0.3749876520855508
mdgnc_edge_failures,MG LdWLOA + EW,10,7,175,f1_mass.interaction.graph_0_mg_ld_wloa_adsg_semantic_type_graph_1_edge_weight,0.0728315121829401
mdgnc_edge_failures,MG LdWLOA + EW,10,7,175,f1_mass.interaction.graph_0_mg_ld_wloa_adsg_semantic_type_sizing,0.0752615453138774
mdgnc_edge_failures,MG LdWLOA + EW,10,7,175,f1_mass.interaction.graph_1_edge_weight_sizing,0.3346665781802354
mdgnc_edge_failures,MG LdWLOA + EW,10,7,200,f0_failure_rate.graph_0.mg_ld_wloa_adsg_semantic_type,0.0022641865886412
mdgnc_edge_failures,MG LdWLOA + EW,10,7,200,f0_failure_rate.graph_1.edge_weight,0.1634714140578889
mdgnc_edge_failures,MG LdWLOA + EW,10,7,200,f0_failure_rate.sizing,0.2115941511280654
mdgnc_edge_failures,MG LdWLOA + EW,10,7,200,f0_failure_rate.interaction.graph_0_mg_ld_wloa_adsg_semantic_type_graph_1_edge_weight,0.1922380128852221
mdgnc_edge_failures,MG LdWLOA + EW,10,7,200,f0_failure_rate.interaction.graph_0_mg_ld_wloa_adsg_semantic_type_sizing,0.2247545065217592
mdgnc_edge_failures,MG LdWLOA + EW,10,7,200,f0_failure_rate.interaction.graph_1_edge_weight_sizing,0.205677728818423
mdgnc_edge_failures,MG LdWLOA + EW,10,7,200,f1_mass.graph_0.mg_ld_wloa_adsg_semantic_type,0.005036271196176
mdgnc_edge_failures,MG LdWLOA + EW,10,7,200,f1_mass.graph_1.edge_weight,0.1419274633136463
mdgnc_edge_failures,MG LdWLOA + EW,10,7,200,f1_mass.sizing,0.3720651077559215
mdgnc_edge_failures,MG LdWLOA + EW,10,7,200,f1_mass.interaction.graph_0_mg_ld_wloa_adsg_semantic_type_graph_1_edge_weight,0.0772207150136653
mdgnc_edge_failures,MG LdWLOA + EW,10,7,200,f1_mass.interaction.graph_0_mg_ld_wloa_adsg_semantic_type_sizing,0.071485236986833
mdgnc_edge_failures,MG LdWLOA + EW,10,7,200,f1_mass.interaction.graph_1_edge_weight_sizing,0.3322652057337578
mdgnc_edge_failures,MG LdWLOA + EW,10,7,225,f0_failure_rate.graph_0.mg_ld_wloa_adsg_semantic_type,0.18539184507088
mdgnc_edge_failures,MG LdWLOA + EW,10,7,225,f0_failure_rate.graph_1.edge_weight,0.3824136370091406
mdgnc_edge_failures,MG LdWLOA + EW,10,7,225,f0_failure_rate.sizing,0.0465329774351118
mdgnc_edge_failures,MG LdWLOA + EW,10,7,225,f0_failure_rate.interaction.graph_0_mg_ld_wloa_adsg_semantic_type_graph_1_edge_weight,0.299421749710867
mdgnc_edge_failures,MG LdWLOA + EW,10,7,225,f0_failure_rate.interaction.graph_0_mg_ld_wloa_adsg_semantic_type_sizing,0.0843858723232917
mdgnc_edge_failures,MG LdWLOA + EW,10,7,225,f0_failure_rate.interaction.graph_1_edge_weight_sizing,0.0018539184507088
mdgnc_edge_failures,MG LdWLOA + EW,10,7,225,f1_mass.graph_0.mg_ld_wloa_adsg_semantic_type,0.1400459203300217
mdgnc_edge_failures,MG LdWLOA + EW,10,7,225,f1_mass.graph_1.edge_weight,0.3220832700730533
mdgnc_edge_failures,MG LdWLOA + EW,10,7,225,f1_mass.sizing,0.1767277923650517
mdgnc_edge_failures,MG LdWLOA + EW,10,7,225,f1_mass.interaction.graph_0_mg_ld_wloa_adsg_semantic_type_graph_1_edge_weight,0.1806894877850982
mdgnc_edge_failures,MG LdWLOA + EW,10,7,225,f1_mass.interaction.graph_0_mg_ld_wloa_adsg_semantic_type_sizing,0.0014004592033002
mdgnc_edge_failures,MG LdWLOA + EW,10,7,225,f1_mass.interaction.graph_1_edge_weight_sizing,0.1790530702434748
mdgnc_edge_failures,MG LdWLOA + EW,10,7,250,f0_failure_rate.graph_0.mg_ld_wloa_adsg_semantic_type,0.0022779882569729
mdgnc_edge_failures,MG LdWLOA + EW,10,7,250,f0_failure_rate.graph_1.edge_weight,0.1613529125485106
mdgnc_edge_failures,MG LdWLOA + EW,10,7,250,f0_failure_rate.sizing,0.2103181519054191
mdgnc_edge_failures,MG LdWLOA + EW,10,7,250,f0_failure_rate.interaction.graph_0_mg_ld_wloa_adsg_semantic_type_graph_1_edge_weight,0.1929288858443902
mdgnc_edge_failures,MG LdWLOA + EW,10,7,250,f0_failure_rate.interaction.graph_0_mg_ld_wloa_adsg_semantic_type_sizing,0.2251008655955801
mdgnc_edge_failures,MG LdWLOA + EW,10,7,250,f0_failure_rate.interaction.graph_1_edge_weight_sizing,0.2080211958491269
mdgnc_edge_failures,MG LdWLOA + EW,10,7,250,f1_mass.graph_0.mg_ld_wloa_adsg_semantic_type,0.0052749098823216
mdgnc_edge_failures,MG LdWLOA + EW,10,7,250,f1_mass.graph_1.edge_weight,0.3573783306326877
mdgnc_edge_failures,MG LdWLOA + EW,10,7,250,f1_mass.sizing,0.3522156722576062
mdgnc_edge_failures,MG LdWLOA + EW,10,7,250,f1_mass.interaction.graph_0_mg_ld_wloa_adsg_semantic_type_graph_1_edge_weight,0.0012645903203005
mdgnc_edge_failures,MG LdWLOA + EW,10,7,250,f1_mass.interaction.graph_0_mg_ld_wloa_adsg_semantic_type_sizing,0.1814975243890543
mdgnc_edge_failures,MG LdWLOA + EW,10,7,250,f1_mass.interaction.graph_1_edge_weight_sizing,0.1023689725180297
mdgnc_edge_failures,MG LdWLOA + EW,10,7,275,f0_failure_rate.graph_0.mg_ld_wloa_adsg_semantic_type,0.2066559712608962
mdgnc_edge_failures,MG LdWLOA + EW,10,7,275,f0_failure_rate.graph_1.edge_weight,0.220116732126532
mdgnc_edge_failures,MG LdWLOA + EW,10,7,275,f0_failure_rate.sizing,0.0020665597126089
mdgnc_edge_failures,MG LdWLOA + EW,10,7,275,f0_failure_rate.interaction.graph_0_mg_ld_wloa_adsg_semantic_type_graph_1_edge_weight,0.4456095199033283
mdgnc_edge_failures,MG LdWLOA + EW,10,7,275,f0_failure_rate.interaction.graph_0_mg_ld_wloa_adsg_semantic_type_sizing,0.1229734458641045
mdgnc_edge_failures,MG LdWLOA + EW,10,7,275,f0_failure_rate.interaction.graph_1_edge_weight_sizing,0.0025777711325298
mdgnc_edge_failures,MG LdWLOA + EW,10,7,275,f1_mass.graph_0.mg_ld_wloa_adsg_semantic_type,0.0050002175717032
mdgnc_edge_failures,MG LdWLOA + EW,10,7,275,f1_mass.graph_1.edge_weight,0.1421808024257765
mdgnc_edge_failures,MG LdWLOA + EW,10,7,275,f1_mass.sizing,0.3701825164266806
mdgnc_edge_failures,MG LdWLOA + EW,10,7,275,f1_mass.interaction.graph_0_mg_ld_wloa_adsg_semantic_type_graph_1_edge_weight,0.073048953296882
mdgnc_edge_failures,MG LdWLOA + EW,10,7,275,f1_mass.interaction.graph_0_mg_ld_wloa_adsg_semantic_type_sizing,0.0759003132128836
mdgnc_edge_failures,MG LdWLOA + EW,10,7,275,f1_mass.interaction.graph_1_edge_weight_sizing,0.3336871970660739
mdgnc_edge_failures,MG LdWLOA + EW,10,7,300,f0_failure_rate.graph_0.mg_ld_wloa_adsg_semantic_type,0.0036137718595406
mdgnc_edge_failures,MG LdWLOA + EW,10,7,300,f0_failure_rate.graph_1.edge_weight,0.1620672008328659
mdgnc_edge_failures,MG LdWLOA + EW,10,7,300,f0_failure_rate.sizing,0.1647947152316574
mdgnc_edge_failures,MG LdWLOA + EW,10,7,300,f0_failure_rate.interaction.graph_0_mg_ld_wloa_adsg_semantic_type_graph_1_edge_weight,0.2402070620473004
mdgnc_edge_failures,MG LdWLOA + EW,10,7,300,f0_failure_rate.interaction.graph_0_mg_ld_wloa_adsg_semantic_type_sizing,0.3231104904615124
mdgnc_edge_failures,MG LdWLOA + EW,10,7,300,f0_failure_rate.interaction.graph_1_edge_weight_sizing,0.1062067595671231
mdgnc_edge_failures,MG LdWLOA + EW,10,7,300,f1_mass.graph_0.mg_ld_wloa_adsg_semantic_type,0.0050280537735387
mdgnc_edge_failures,MG LdWLOA + EW,10,7,300,f1_mass.graph_1.edge_weight,0.1406988707966404
mdgnc_edge_failures,MG LdWLOA + EW,10,7,300,f1_mass.sizing,0.3757273274793632
mdgnc_edge_failures,MG LdWLOA + EW,10,7,300,f1_mass.interaction.graph_0_mg_ld_wloa_adsg_semantic_type_graph_1_edge_weight,0.071888902463065
mdgnc_edge_failures,MG LdWLOA + EW,10,7,300,f1_mass.interaction.graph_0_mg_ld_wloa_adsg_semantic_type_sizing,0.0735368827967162
mdgnc_edge_failures,MG LdWLOA + EW,10,7,300,f1_mass.interaction.graph_1_edge_weight_sizing,0.3331199626906764
mdgnc_edge_failures,MG LdWLOA + EW,10,8,25,f0_failure_rate.graph_0.mg_ld_wloa_adsg_semantic_type,0.0022628993322845
mdgnc_edge_failures,MG LdWLOA + EW,10,8,25,f0_failure_rate.graph_1.edge_weight,0.1688446541574734
mdgnc_edge_failures,MG LdWLOA + EW,10,8,25,f0_failure_rate.sizing,0.2058548859061636
mdgnc_edge_failures,MG LdWLOA + EW,10,8,25,f0_failure_rate.interaction.graph_0_mg_ld_wloa_adsg_semantic_type_graph_1_edge_weight,0.1912919539465724
mdgnc_edge_failures,MG LdWLOA + EW,10,8,25,f0_failure_rate.interaction.graph_0_mg_ld_wloa_adsg_semantic_type_sizing,0.223929472466782
mdgnc_edge_failures,MG LdWLOA + EW,10,8,25,f0_failure_rate.interaction.graph_1_edge_weight_sizing,0.2078161341907239
mdgnc_edge_failures,MG LdWLOA + EW,10,8,25,f1_mass.graph_0.mg_ld_wloa_adsg_semantic_type,0.0022572431329302
mdgnc_edge_failures,MG LdWLOA + EW,10,8,25,f1_mass.graph_1.edge_weight,0.1693542164617172
mdgnc_edge_failures,MG LdWLOA + EW,10,8,25,f1_mass.sizing,0.2061330945821972
mdgnc_edge_failures,MG LdWLOA + EW,10,8,25,f1_mass.interaction.graph_0_mg_ld_wloa_adsg_semantic_type_graph_1_edge_weight,0.191245019814762
mdgnc_edge_failures,MG LdWLOA + EW,10,8,25,f1_mass.interaction.graph_0_mg_ld_wloa_adsg_semantic_type_sizing,0.2235774880343818
mdgnc_edge_failures,MG LdWLOA + EW,10,8,25,f1_mass.interaction.graph_1_edge_weight_sizing,0.2074329379740114
mdgnc_edge_failures,MG LdWLOA + EW,10,8,50,f0_failure_rate.graph_0.mg_ld_wloa_adsg_semantic_type,0.0042847427210478
mdgnc_edge_failures,MG LdWLOA + EW,10,8,50,f0_failure_rate.graph_1.edge_weight,0.3493706995553554
mdgnc_edge_failures,MG LdWLOA + EW,10,8,50,f0_failure_rate.sizing,0.0638488091015647
mdgnc_edge_failures,MG LdWLOA + EW,10,8,50,f0_failure_rate.interaction.graph_0_mg_ld_wloa_adsg_semantic_type_graph_1_edge_weight,0.2114069911557899
mdgnc_edge_failures,MG LdWLOA + EW,10,8,50,f0_failure_rate.interaction.graph_0_mg_ld_wloa_adsg_semantic_type_sizing,0.1923636061266056
mdgnc_edge_failures,MG LdWLOA + EW,10,8,50,f0_failure_rate.interaction.graph_1_edge_weight_sizing,0.1787251513396363
mdgnc_edge_failures,MG LdWLOA + EW,10,8,50,f1_mass.graph_0.mg_ld_wloa_adsg_semantic_type,0.005215098383822
mdgnc_edge_failures,MG LdWLOA + EW,10,8,50,f1_mass.graph_1.edge_weight,0.3544027428419936
mdgnc_edge_failures,MG LdWLOA + EW,10,8,50,f1_mass.sizing,0.3463614409928386
mdgnc_edge_failures,MG LdWLOA + EW,10,8,50,f1_mass.interaction.graph_0_mg_ld_wloa_adsg_semantic_type_graph_1_edge_weight,0.0046862240134078
mdgnc_edge_failures,MG LdWLOA + EW,10,8,50,f1_mass.interaction.graph_0_mg_ld_wloa_adsg_semantic_type_sizing,0.1817416320795917
mdgnc_edge_failures,MG LdWLOA + EW,10,8,50,f1_mass.interaction.graph_1_edge_weight_sizing,0.1075928616883461
mdgnc_edge_failures,MG LdWLOA + EW,10,8,75,f0_failure_rate.graph_0.mg_ld_wloa_adsg_semantic_type,0.0035795245552286
mdgnc_edge_failures,MG LdWLOA + EW,10,8,75,f0_failure_rate.graph_1.edge_weight,0.1652735751582965
mdgnc_edge_failures,MG LdWLOA + EW,10,8,75,f0_failure_rate.sizing,0.1655261895928639
mdgnc_edge_failures,MG LdWLOA + EW,10,8,75,f0_failure_rate.interaction.graph_0_mg_ld_wloa_adsg_semantic_type_graph_1_edge_weight,0.2373401029884578
mdgnc_edge_failures,MG LdWLOA + EW,10,8,75,f0_failure_rate.interaction.graph_0_mg_ld_wloa_adsg_semantic_type_sizing,0.3212588917366889
mdgnc_edge_failures,MG LdWLOA + EW,10,8,75,f0_failure_rate.interaction.graph_1_edge_weight_sizing,0.107021715968464
mdgnc_edge_failures,MG LdWLOA + EW,10,8,75,f1_mass.graph_0.mg_ld_wloa_adsg_semantic_type,0.0050252232960302
mdgnc_edge_failures,MG LdWLOA + EW,10,8,75,f1_mass.graph_1.edge_weight,0.1392588512792376
mdgnc_edge_failures,MG LdWLOA + EW,10,8,75,f1_mass.sizing,0.3700908192752026
mdgnc_edge_failures,MG LdWLOA + EW,10,8,75,f1_mass.interaction.graph_0_mg_ld_wloa_adsg_semantic_type_graph_1_edge_weight,0.0775124918814787
mdgnc_edge_failures,MG LdWLOA + EW,10,8,75,f1_mass.interaction.graph_0_mg_ld_wloa_adsg_semantic_type_sizing,0.0739188501251661
mdgnc_edge_failures,MG LdWLOA + EW,10,8,75,f1_mass.interaction.graph_1_edge_weight_sizing,0.3341937641428846
mdgnc_edge_failures,MG LdWLOA + EW,10,8,100,f0_failure_rate.graph_0.mg_ld_wloa_adsg_semantic_type,0.3720749598333033
mdgnc_edge_failures,MG LdWLOA + EW,10,8,100,f0_failure_rate.graph_1.edge_weight,0.2735417141650781
mdgnc_edge_failures,MG LdWLOA + EW,10,8,100,f0_failure_rate.sizing,0.0083298576912031
mdgnc_edge_failures,MG LdWLOA + EW,10,8,100,f0_failure_rate.interaction.graph_0_mg_ld_wloa_adsg_semantic_type_graph_1_edge_weight,0.1768396732238128
mdgnc_edge_failures,MG LdWLOA + EW,10,8,100,f0_failure_rate.interaction.graph_0_mg_ld_wloa_adsg_semantic_type_sizing,0.165221838195443
mdgnc_edge_failures,MG LdWLOA + EW,10,8,100,f0_failure_rate.interaction.graph_1_edge_weight_sizing,0.0039919568911595
mdgnc_edge_failures,MG LdWLOA + EW,10,8,100,f1_mass.graph_0.mg_ld_wloa_adsg_semantic_type,0.0050234436729715
mdgnc_edge_failures,MG LdWLOA + EW,10,8,100,f1_mass.graph_1.edge_weight,0.1417876406344657
mdgnc_edge_failures,MG LdWLOA + EW,10,8,100,f1_mass.sizing,0.3743523576275439
mdgnc_edge_failures,MG LdWLOA + EW,10,8,100,f1_mass.interaction.graph_0_mg_ld_wloa_adsg_semantic_type_graph_1_edge_weight,0.0732433534873156
mdgnc_edge_failures,MG LdWLOA + EW,10,8,100,f1_mass.interaction.graph_0_mg_ld_wloa_adsg_semantic_type_sizing,0.0748870212699148
mdgnc_edge_failures,MG LdWLOA + EW,10,8,100,f1_mass.interaction.graph_1_edge_weight_sizing,0.3307061833077883
mdgnc_edge_failures,MG LdWLOA + EW,10,8,125,f0_failure_rate.graph_0.mg_ld_wloa_adsg_semantic_type,0.0022737768916363
mdgnc_edge_failures,MG LdWLOA + EW,10,8,125,f0_failure_rate.graph_1.edge_weight,0.1619142798924398
mdgnc_edge_failures,MG LdWLOA + EW,10,8,125,f0_failure_rate.sizing,0.2110118348876954
mdgnc_edge_failures,MG LdWLOA + EW,10,8,125,f0_failure_rate.interaction.graph_0_mg_ld_wloa_adsg_semantic_type_graph_1_edge_weight,0.1925128217749426
mdgnc_edge_failures,MG LdWLOA + EW,10,8,125,f0_failure_rate.interaction.graph_0_mg_ld_wloa_adsg_semantic_type_sizing,0.2271138230414786
mdgnc_edge_failures,MG LdWLOA + EW,10,8,125,f0_failure_rate.interaction.graph_1_edge_weight_sizing,0.2051734635118071
mdgnc_edge_failures,MG LdWLOA + EW,10,8,125,f1_mass.graph_0.mg_ld_wloa_adsg_semantic_type,0.0049791920970875
mdgnc_edge_failures,MG LdWLOA + EW,10,8,125,f1_mass.graph_1.edge_weight,0.1406106453243962
mdgnc_edge_failures,MG LdWLOA + EW,10,8,125,f1_mass.sizing,0.3752205031768931
mdgnc_edge_failures,MG LdWLOA + EW,10,8,125,f1_mass.interaction.graph_0_mg_ld_wloa_adsg_semantic_type_graph_1_edge_weight,0.0797292385070823
mdgnc_edge_failures,MG LdWLOA + EW,10,8,125,f1_mass.interaction.graph_0_mg_ld_wloa_adsg_semantic_type_sizing,0.0729230825372496
mdgnc_edge_failures,MG LdWLOA + EW,10,8,125,f1_mass.interaction.graph_1_edge_weight_sizing,0.326537338357291
mdgnc_edge_failures,MG LdWLOA + EW,10,8,150,f0_failure_rate.graph_0.mg_ld_wloa_adsg_semantic_type,0.0022730041467624
mdgnc_edge_failures,MG LdWLOA + EW,10,8,150,f0_failure_rate.graph_1.edge_weight,0.1642320126210311
mdgnc_edge_failures,MG LdWLOA + EW,10,8,150,f0_failure_rate.sizing,0.2072929406868578
mdgnc_edge_failures,MG LdWLOA + EW,10,8,150,f0_failure_rate.interaction.graph_0_mg_ld_wloa_adsg_semantic_type_graph_1_edge_weight,0.1928858240991615
mdgnc_edge_failures,MG LdWLOA + EW,10,8,150,f0_failure_rate.interaction.graph_0_mg_ld_wloa_adsg_semantic_type_sizing,0.2268464667354595
mdgnc_edge_failures,MG LdWLOA + EW,10,8,150,f0_failure_rate.interaction.graph_1_edge_weight_sizing,0.2064697517107275
mdgnc_edge_failures,MG LdWLOA + EW,10,8,150,f1_mass.graph_0.mg_ld_wloa_adsg_semantic_type,0.0050008115953607
mdgnc_edge_failures,MG LdWLOA + EW,10,8,150,f1_mass.graph_1.edge_weight,0.1403650198309276
mdgnc_edge_failures,MG LdWLOA + EW,10,8,150,f1_mass.sizing,0.3702172050775977
mdgnc_edge_failures,MG LdWLOA + EW,10,8,150,f1_mass.interaction.graph_0_mg_ld_wloa_adsg_semantic_type_graph_1_edge_weight,0.0758659808569139
mdgnc_edge_failures,MG LdWLOA + EW,10,8,150,f1_mass.interaction.graph_0_mg_ld_wloa_adsg_semantic_type_sizing,0.0731985095421831
mdgnc_edge_failures,MG LdWLOA + EW,10,8,150,f1_mass.interaction.graph_1_edge_weight_sizing,0.3353524730970167
mdgnc_edge_failures,MG LdWLOA + EW,10,8,175,f0_failure_rate.graph_0.mg_ld_wloa_adsg_semantic_type,0.1852966459123925
mdgnc_edge_failures,MG LdWLOA + EW,10,8,175,f0_failure_rate.graph_1.edge_weight,0.3253630849268712
mdgnc_edge_failures,MG LdWLOA + EW,10,8,175,f0_failure_rate.sizing,0.0834646746703527
mdgnc_edge_failures,MG LdWLOA + EW,10,8,175,f0_failure_rate.interaction.graph_0_mg_ld_wloa_adsg_semantic_type_graph_1_edge_weight,0.2131361555019949
mdgnc_edge_failures,MG LdWLOA + EW,10,8,175,f0_failure_rate.interaction.graph_0_mg_ld_wloa_adsg_semantic_type_sizing,0.1231839880826324
mdgnc_edge_failures,MG LdWLOA + EW,10,8,175,f0_failure_rate.interaction.graph_1_edge_weight_sizing,0.0695554509057563
mdgnc_edge_failures,MG LdWLOA + EW,10,8,175,f1_mass.graph_0.mg_ld_wloa_adsg_semantic_type,0.1589973493359825
mdgnc_edge_failures,MG LdWLOA + EW,10,8,175,f1_mass.graph_1.edge_weight,0.3445825219569521
mdgnc_edge_failures,MG LdWLOA + EW,10,8,175,f1_mass.sizing,0.2120428525375448
mdgnc_edge_failures,MG LdWLOA + EW,10,8,175,f1_mass.interaction.graph_0_mg_ld_wloa_adsg_semantic_type_graph_1_edge_weight,0.0625632418081532
mdgnc_edge_failures,MG LdWLOA + EW,10,8,175,f1_mass.interaction.graph_0_mg_ld_wloa_adsg_semantic_type_sizing,0.0017049772177348
mdgnc_edge_failures,MG LdWLOA + EW,10,8,175,f1_mass.interaction.graph_1_edge_weight_sizing,0.2201090571436323
mdgnc_edge_failures,MG LdWLOA + EW,10,8,200,f0_failure_rate.graph_0.mg_ld_wloa_adsg_semantic_type,0.0022726353141495
mdgnc_edge_failures,MG LdWLOA + EW,10,8,200,f0_failure_rate.graph_1.edge_weight,0.1610569353152866
mdgnc_edge_failures,MG LdWLOA + EW,10,8,200,f0_failure_rate.sizing,0.2109361380715163
mdgnc_edge_failures,MG LdWLOA + EW,10,8,200,f0_failure_rate.interaction.graph_0_mg_ld_wloa_adsg_semantic_type_graph_1_edge_weight,0.1926134072747386
mdgnc_edge_failures,MG LdWLOA + EW,10,8,200,f0_failure_rate.interaction.graph_0_mg_ld_wloa_adsg_semantic_type_sizing,0.2248928758012922
mdgnc_edge_failures,MG LdWLOA + EW,10,8,200,f0_failure_rate.interaction.graph_1_edge_weight_sizing,0.2082280082230165
mdgnc_edge_failures,MG LdWLOA + EW,10,8,200,f1_mass.graph_0.mg_ld_wloa_adsg_semantic_type,0.0050053663910883
mdgnc_edge_failures,MG LdWLOA + EW,10,8,200,f1_mass.graph_1.edge_weight,0.1407251695359618
mdgnc_edge_failures,MG LdWLOA + EW,10,8,200,f1_mass.sizing,0.3735491593009135
mdgnc_edge_failures,MG LdWLOA + EW,10,8,200,f1_mass.interaction.graph_0_mg_ld_wloa_adsg_semantic_type_graph_1_edge_weight,0.0757275070848189
mdgnc_edge_failures,MG LdWLOA + EW,10,8,200,f1_mass.interaction.graph_0_mg_ld_wloa_adsg_semantic_type_sizing,0.0722706683114746
mdgnc_edge_failures,MG LdWLOA + EW,10,8,200,f1_mass.interaction.graph_1_edge_weight_sizing,0.3327221293757426
mdgnc_edge_failures,MG LdWLOA + EW,10,8,225,f0_failure_rate.graph_0.mg_ld_wloa_adsg_semantic_type,0.0035969361667338
mdgnc_edge_failures,MG LdWLOA + EW,10,8,225,f0_failure_rate.graph_1.edge_weight,0.1624048784908313
mdgnc_edge_failures,MG LdWLOA + EW,10,8,225,f0_failure_rate.sizing,0.1640507691003796
mdgnc_edge_failures,MG LdWLOA + EW,10,8,225,f0_failure_rate.interaction.graph_0_mg_ld_wloa_adsg_semantic_type_graph_1_edge_weight,0.2395179364806004
mdgnc_edge_failures,MG LdWLOA + EW,10,8,225,f0_failure_rate.interaction.graph_0_mg_ld_wloa_adsg_semantic_type_sizing,0.3239840562537048
mdgnc_edge_failures,MG LdWLOA + EW,10,8,225,f0_failure_rate.interaction.graph_1_edge_weight_sizing,0.1064454235077497
mdgnc_edge_failures,MG LdWLOA + EW,10,8,225,f1_mass.graph_0.mg_ld_wloa_adsg_semantic_type,0.0050412716516343
mdgnc_edge_failures,MG LdWLOA + EW,10,8,225,f1_mass.graph_1.edge_weight,0.1383691250743268
mdgnc_edge_failures,MG LdWLOA + EW,10,8,225,f1_mass.sizing,0.3748006157256726
mdgnc_edge_failures,MG LdWLOA + EW,10,8,225,f1_mass.interaction.graph_0_mg_ld_wloa_adsg_semantic_type_graph_1_edge_weight,0.0726467259719578
mdgnc_edge_failures,MG LdWLOA + EW,10,8,225,f1_mass.interaction.graph_0_mg_ld_wloa_adsg_semantic_type_sizing,0.075581759297243
mdgnc_edge_failures,MG LdWLOA + EW,10,8,225,f1_mass.interaction.graph_1_edge_weight_sizing,0.3335605022791653
mdgnc_edge_failures,MG LdWLOA + EW,10,8,250,f0_failure_rate.graph_0.mg_ld_wloa_adsg_semantic_type,0.199013302145206
mdgnc_edge_failures,MG LdWLOA + EW,10,8,250,f0_failure_rate.graph_1.edge_weight,0.4412502232626892
mdgnc_edge_failures,MG LdWLOA + EW,10,8,250,f0_failure_rate.sizing,0.001990133021452
mdgnc_edge_failures,MG LdWLOA + EW,10,8,250,f0_failure_rate.interaction.graph_0_mg_ld_wloa_adsg_semantic_type_graph_1_edge_weight,0.291884416039557
mdgnc_edge_failures,MG LdWLOA + EW,10,8,250,f0_failure_rate.interaction.graph_0_mg_ld_wloa_adsg_semantic_type_sizing,0.0638717925096436
mdgnc_edge_failures,MG LdWLOA + EW,10,8,250,f0_failure_rate.interaction.graph_1_edge_weight_sizing,0.001990133021452
mdgnc_edge_failures,MG LdWLOA + EW,10,8,250,f1_mass.graph_0.mg_ld_wloa_adsg_semantic_type,0.1243985479712353
mdgnc_edge_failures,MG LdWLOA + EW,10,8,250,f1_mass.graph_1.edge_weight,0.3372230314291939
mdgnc_edge_failures,MG LdWLOA + EW,10,8,250,f1_mass.sizing,0.2275171757748859
mdgnc_edge_failures,MG LdWLOA + EW,10,8,250,f1_mass.interaction.graph_0_mg_ld_wloa_adsg_semantic_type_graph_1_edge_weight,0.0939544177707885
mdgnc_edge_failures,MG LdWLOA + EW,10,8,250,f1_mass.interaction.graph_0_mg_ld_wloa_adsg_semantic_type_sizing,0.0012439854797123
mdgnc_edge_failures,MG LdWLOA + EW,10,8,250,f1_mass.interaction.graph_1_edge_weight_sizing,0.2156628415741839
mdgnc_edge_failures,MG LdWLOA + EW,10,8,275,f0_failure_rate.graph_0.mg_ld_wloa_adsg_semantic_type,0.003459731146391
mdgnc_edge_failures,MG LdWLOA + EW,10,8,275,f0_failure_rate.graph_1.edge_weight,0.0118894058035358
mdgnc_edge_failures,MG LdWLOA + EW,10,8,275,f0_failure_rate.sizing,0.1197324310385554
mdgnc_edge_failures,MG LdWLOA + EW,10,8,275,f0_failure_rate.interaction.graph_0_mg_ld_wloa_adsg_semantic_type_graph_1_edge_weight,0.3435023976327692
mdgnc_edge_failures,MG LdWLOA + EW,10,8,275,f0_failure_rate.interaction.graph_0_mg_ld_wloa_adsg_semantic_type_sizing,0.2543735535420902
mdgnc_edge_failures,MG LdWLOA + EW,10,8,275,f0_failure_rate.interaction.graph_1_edge_weight_sizing,0.2670424808366582
mdgnc_edge_failures,MG LdWLOA + EW,10,8,275,f1_mass.graph_0.mg_ld_wloa_adsg_semantic_type,0.0034584172034441
mdgnc_edge_failures,MG LdWLOA + EW,10,8,275,f1_mass.graph_1.edge_weight,0.0129803686189547
mdgnc_edge_failures,MG LdWLOA + EW,10,8,275,f1_mass.sizing,0.1170082271864814
mdgnc_edge_failures,MG LdWLOA + EW,10,8,275,f1_mass.interaction.graph_0_mg_ld_wloa_adsg_semantic_type_graph_1_edge_weight,0.3397604336848847
mdgnc_edge_failures,MG LdWLOA + EW,10,8,275,f1_mass.interaction.graph_0_mg_ld_wloa_adsg_semantic_type_sizing,0.2563484933465909
mdgnc_edge_failures,MG LdWLOA + EW,10,8,275,f1_mass.interaction.graph_1_edge_weight_sizing,0.2704440599596438
mdgnc_edge_failures,MG LdWLOA + EW,10,8,300,f0_failure_rate.graph_0.mg_ld_wloa_adsg_semantic_type,0.1643758510462002
mdgnc_edge_failures,MG LdWLOA + EW,10,8,300,f0_failure_rate.graph_1.edge_weight,0.4296614208785421
mdgnc_edge_failures,MG LdWLOA + EW,10,8,300,f0_failure_rate.sizing,0.0036095940066202
mdgnc_edge_failures,MG LdWLOA + EW,10,8,300,f0_failure_rate.interaction.graph_0_mg_ld_wloa_adsg_semantic_type_graph_1_edge_weight,0.3620490372609327
mdgnc_edge_failures,MG LdWLOA + EW,10,8,300,f0_failure_rate.interaction.graph_0_mg_ld_wloa_adsg_semantic_type_sizing,0.0384937618832191
mdgnc_edge_failures,MG LdWLOA + EW,10,8,300,f0_failure_rate.interaction.graph_1_edge_weight_sizing,0.0018103349244853
mdgnc_edge_failures,MG LdWLOA + EW,10,8,300,f1_mass.graph_0.mg_ld_wloa_adsg_semantic_type,0.0052524520360928
mdgnc_edge_failures,MG LdWLOA + EW,10,8,300,f1_mass.graph_1.edge_weight,0.3514071668813511
mdgnc_edge_failures,MG LdWLOA + EW,10,8,300,f1_mass.sizing,0.351268053566076
mdgnc_edge_failures,MG LdWLOA + EW,10,8,300,f1_mass.interaction.graph_0_mg_ld_wloa_adsg_semantic_type_graph_1_edge_weight,0.0013731397322818
mdgnc_edge_failures,MG LdWLOA + EW,10,8,300,f1_mass.interaction.graph_0_mg_ld_wloa_adsg_semantic_type_sizing,0.1839602627959148
mdgnc_edge_failures,MG LdWLOA + EW,10,8,300,f1_mass.interaction.graph_1_edge_weight_sizing,0.1067389249882831
mdgnc_edge_failures,MG LdWLOA + EW,10,9,25,f0_failure_rate.graph_0.mg_ld_wloa_adsg_semantic_type,0.0050781882246068
mdgnc_edge_failures,MG LdWLOA + EW,10,9,25,f0_failure_rate.graph_1.edge_weight,0.134568533475504
mdgnc_edge_failures,MG LdWLOA + EW,10,9,25,f0_failure_rate.sizing,0.3767615955868313
mdgnc_edge_failures,MG LdWLOA + EW,10,9,25,f0_failure_rate.interaction.graph_0_mg_ld_wloa_adsg_semantic_type_graph_1_edge_weight,0.0691306604968393
mdgnc_edge_failures,MG LdWLOA + EW,10,9,25,f0_failure_rate.interaction.graph_0_mg_ld_wloa_adsg_semantic_type_sizing,0.078719813196892
mdgnc_edge_failures,MG LdWLOA + EW,10,9,25,f0_failure_rate.interaction.graph_1_edge_weight_sizing,0.3357412090193264
mdgnc_edge_failures,MG LdWLOA + EW,10,9,25,f1_mass.graph_0.mg_ld_wloa_adsg_semantic_type,0.0028204745290528
mdgnc_edge_failures,MG LdWLOA + EW,10,9,25,f1_mass.graph_1.edge_weight,0.2726798262844815
mdgnc_edge_failures,MG LdWLOA + EW,10,9,25,f1_mass.sizing,0.2168114482696443
mdgnc_edge_failures,MG LdWLOA + EW,10,9,25,f1_mass.interaction.graph_0_mg_ld_wloa_adsg_semantic_type_graph_1_edge_weight,0.0334890688442279
mdgnc_edge_failures,MG LdWLOA + EW,10,9,25,f1_mass.interaction.graph_0_mg_ld_wloa_adsg_semantic_type_sizing,0.2352079092077846
mdgnc_edge_failures,MG LdWLOA + EW,10,9,25,f1_mass.interaction.graph_1_edge_weight_sizing,0.2389912728648087
mdgnc_edge_failures,MG LdWLOA + EW,10,9,50,f0_failure_rate.graph_0.mg_ld_wloa_adsg_semantic_type,0.0042515214254041
mdgnc_edge_failures,MG LdWLOA + EW,10,9,50,f0_failure_rate.graph_1.edge_weight,0.3509536931977656
mdgnc_edge_failures,MG LdWLOA + EW,10,9,50,f0_failure_rate.sizing,0.0664937076582218
mdgnc_edge_failures,MG LdWLOA + EW,10,9,50,f0_failure_rate.interaction.graph_0_mg_ld_wloa_adsg_semantic_type_graph_1_edge_weight,0.2126690384227857
mdgnc_edge_failures,MG LdWLOA + EW,10,9,50,f0_failure_rate.interaction.graph_0_mg_ld_wloa_adsg_semantic_type_sizing,0.1907462411452349
mdgnc_edge_failures,MG LdWLOA + EW,10,9,50,f0_failure_rate.interaction.graph_1_edge_weight_sizing,0.1748857981505876
mdgnc_edge_failures,MG LdWLOA + EW,10,9,50,f1_mass.graph_0.mg_ld_wloa_adsg_semantic_type,0.0034569159653379
mdgnc_edge_failures,MG LdWLOA + EW,10,9,50,f1_mass.graph_1.edge_weight,0.0119122135501837
mdgnc_edge_failures,MG LdWLOA + EW,10,9,50,f1_mass.sizing,0.1223290456059793
mdgnc_edge_failures,MG LdWLOA + EW,10,9,50,f1_mass.interaction.graph_0_mg_ld_wloa_adsg_semantic_type_graph_1_edge_weight,0.3412978984205457
mdgnc_edge_failures,MG LdWLOA + EW,10,9,50,f1_mass.interaction.graph_0_mg_ld_wloa_adsg_semantic_type_sizing,0.2544081972132951
mdgnc_edge_failures,MG LdWLOA + EW,10,9,50,f1_mass.interaction.graph_1_edge_weight_sizing,0.2665957292446581
mdgnc_edge_failures,MG LdWLOA + EW,10,9,75,f0_failure_rate.graph_0.mg_ld_wloa_adsg_semantic_type,0.0090236378960173
mdgnc_edge_failures,MG LdWLOA + EW,10,9,75,f0_failure_rate.graph_1.edge_weight,0.1269257942976404
mdgnc_edge_failures,MG LdWLOA + EW,10,9,75,f0_failure_rate.sizing,0.4616178560806463
mdgnc_edge_failures,MG LdWLOA + EW,10,9,75,f0_failure_rate.interaction.graph_0_mg_ld_wloa_adsg_semantic_type_graph_1_edge_weight,0.3041743253923764
mdgnc_edge_failures,MG LdWLOA + EW,10,9,75,f0_failure_rate.interaction.graph_0_mg_ld_wloa_adsg_semantic_type_sizing,0.0176326684773909
mdgnc_edge_failures,MG LdWLOA + EW,10,9,75,f0_failure_rate.interaction.graph_1_edge_weight_sizing,0.0806257178559285
mdgnc_edge_failures,MG LdWLOA + EW,10,9,75,f1_mass.graph_0.mg_ld_wloa_adsg_semantic_type,0.0050250203982758
mdgnc_edge_failures,MG LdWLOA + EW,10,9,75,f1_mass.graph_1.edge_weight,0.1388861688036155
mdgnc_edge_failures,MG LdWLOA + EW,10,9,75,f1_mass.sizing,0.3751019241119827
mdgnc_edge_failures,MG LdWLOA + EW,10,9,75,f1_mass.interaction.graph_0_mg_ld_wloa_adsg_semantic_type_graph_1_edge_weight,0.0735726588280195
mdgnc_edge_failures,MG LdWLOA + EW,10,9,75,f1_mass.interaction.graph_0_mg_ld_wloa_adsg_semantic_type_sizing,0.0755465962975837
mdgnc_edge_failures,MG LdWLOA + EW,10,9,75,f1_mass.interaction.graph_1_edge_weight_sizing,0.3318676315605224
mdgnc_edge_failures,MG LdWLOA + EW,10,9,100,f0_failure_rate.graph_0.mg_ld_wloa_adsg_semantic_type,0.0035887347077736
mdgnc_edge_failures,MG LdWLOA + EW,10,9,100,f0_failure_rate.graph_1.edge_weight,0.1619809324802204
mdgnc_edge_failures,MG LdWLOA + EW,10,9,100,f0_failure_rate.sizing,0.163675352924652
mdgnc_edge_failures,MG LdWLOA + EW,10,9,100,f0_failure_rate.interaction.graph_0_mg_ld_wloa_adsg_semantic_type_graph_1_edge_weight,0.2386076177824557
mdgnc_edge_failures,MG LdWLOA + EW,10,9,100,f0_failure_rate.interaction.graph_0_mg_ld_wloa_adsg_semantic_type_sizing,0.3239316359362446
mdgnc_edge_failures,MG LdWLOA + EW,10,9,100,f0_failure_rate.interaction.graph_1_edge_weight_sizing,0.1082157261686533
mdgnc_edge_failures,MG LdWLOA + EW,10,9,100,f1_mass.graph_0.mg_ld_wloa_adsg_semantic_type,0.0049806718855946
mdgnc_edge_failures,MG LdWLOA + EW,10,9,100,f1_mass.graph_1.edge_weight,0.1439880267873068
mdgnc_edge_failures,MG LdWLOA + EW,10,9,100,f1_mass.sizing,0.3667864842813116
mdgnc_edge_failures,MG LdWLOA + EW,10,9,100,f1_mass.interaction.graph_0_mg_ld_wloa_adsg_semantic_type_graph_1_edge_weight,0.0695915975079761
mdgnc_edge_failures,MG LdWLOA + EW,10,9,100,f1_mass.interaction.graph_0_mg_ld_wloa_adsg_semantic_type_sizing,0.0853876742906751
mdgnc_edge_failures,MG LdWLOA + EW,10,9,100,f1_mass.interaction.graph_1_edge_weight_sizing,0.3292655452471356
mdgnc_edge_failures,MG LdWLOA + EW,10,9,125,f0_failure_rate.graph_0.mg_ld_wloa_adsg_semantic_type,0.0035832346515325
mdgnc_edge_failures,MG LdWLOA + EW,10,9,125,f0_failure_rate.graph_1.edge_weight,0.160905988273746
mdgnc_edge_failures,MG LdWLOA + EW,10,9,125,f0_failure_rate.sizing,0.1592871138614777
mdgnc_edge_failures,MG LdWLOA + EW,10,9,125,f0_failure_rate.interaction.graph_0_mg_ld_wloa_adsg_semantic_type_graph_1_edge_weight,0.2419741124256128
mdgnc_edge_failures,MG LdWLOA + EW,10,9,125,f0_failure_rate.interaction.graph_0_mg_ld_wloa_adsg_semantic_type_sizing,0.3258833728425088
mdgnc_edge_failures,MG LdWLOA + EW,10,9,125,f0_failure_rate.interaction.graph_1_edge_weight_sizing,0.1083661779451221
mdgnc_edge_failures,MG LdWLOA + EW,10,9,125,f1_mass.graph_0.mg_ld_wloa_adsg_semantic_type,0.0050198064398539
mdgnc_edge_failures,MG LdWLOA + EW,10,9,125,f1_mass.graph_1.edge_weight,0.1386572352976722
mdgnc_edge_failures,MG LdWLOA + EW,10,9,125,f1_mass.sizing,0.3724150122515279
mdgnc_edge_failures,MG LdWLOA + EW,10,9,125,f1_mass.interaction.graph_0_mg_ld_wloa_adsg_semantic_type_graph_1_edge_weight,0.0763303113395827
mdgnc_edge_failures,MG LdWLOA + EW,10,9,125,f1_mass.interaction.graph_0_mg_ld_wloa_adsg_semantic_type_sizing,0.0745472183987851
mdgnc_edge_failures,MG LdWLOA + EW,10,9,125,f1_mass.interaction.graph_1_edge_weight_sizing,0.3330304162725779
mdgnc_edge_failures,MG LdWLOA + EW,10,9,150,f0_failure_rate.graph_0.mg_ld_wloa_adsg_semantic_type,0.0034664523279598
mdgnc_edge_failures,MG LdWLOA + EW,10,9,150,f0_failure_rate.graph_1.edge_weight,0.009912284647571
mdgnc_edge_failures,MG LdWLOA + EW,10,9,150,f0_failure_rate.sizing,0.122116444498959
mdgnc_edge_failures,MG LdWLOA + EW,10,9,150,f0_failure_rate.interaction.graph_0_mg_ld_wloa_adsg_semantic_type_graph_1_edge_weight,0.3454233813913944
mdgnc_edge_failures,MG LdWLOA + EW,10,9,150,f0_failure_rate.interaction.graph_0_mg_ld_wloa_adsg_semantic_type_sizing,0.251243561018228
mdgnc_edge_failures,MG LdWLOA + EW,10,9,150,f0_failure_rate.interaction.graph_1_edge_weight_sizing,0.2678378761158876
mdgnc_edge_failures,MG LdWLOA + EW,10,9,150,f1_mass.graph_0.mg_ld_wloa_adsg_semantic_type,0.0050505800722344
mdgnc_edge_failures,MG LdWLOA + EW,10,9,150,f1_mass.graph_1.edge_weight,0.1391840119884956
mdgnc_edge_failures,MG LdWLOA + EW,10,9,150,f1_mass.sizing,0.3728729981778382
mdgnc_edge_failures,MG LdWLOA + EW,10,9,150,f1_mass.interaction.graph_0_mg_ld_wloa_adsg_semantic_type_graph_1_edge_weight,0.0728336875588797
mdgnc_edge_failures,MG LdWLOA + EW,10,9,150,f1_mass.interaction.graph_0_mg_ld_wloa_adsg_semantic_type_sizing,0.0761243408863869
mdgnc_edge_failures,MG LdWLOA + EW,10,9,150,f1_mass.interaction.graph_1_edge_weight_sizing,0.3339343813161649
mdgnc_edge_failures,MG LdWLOA + EW,10,9,175,f0_failure_rate.graph_0.mg_ld_wloa_adsg_semantic_type,0.0050908594389143
mdgnc_edge_failures,MG LdWLOA + EW,10,9,175,f0_failure_rate.graph_1.edge_weight,0.138769654411637
mdgnc_edge_failures,MG LdWLOA + EW,10,9,175,f0_failure_rate.sizing,0.3727808163559069
mdgnc_edge_failures,MG LdWLOA + EW,10,9,175,f0_failure_rate.interaction.graph_0_mg_ld_wloa_adsg_semantic_type_graph_1_edge_weight,0.0774940039792406
mdgnc_edge_failures,MG LdWLOA + EW,10,9,175,f0_failure_rate.interaction.graph_0_mg_ld_wloa_adsg_semantic_type_sizing,0.0739473216592757
mdgnc_edge_failures,MG LdWLOA + EW,10,9,175,f0_failure_rate.interaction.graph_1_edge_weight_sizing,0.3319173441550255
mdgnc_edge_failures,MG LdWLOA + EW,10,9,175,f1_mass.graph_0.mg_ld_wloa_adsg_semantic_type,0.0049634598472202
mdgnc_edge_failures,MG LdWLOA + EW,10,9,175,f1_mass.graph_1.edge_weight,0.1448836861848354
mdgnc_edge_failures,MG LdWLOA + EW,10,9,175,f1_mass.sizing,0.3717889410038188
mdgnc_edge_failures,MG LdWLOA + EW,10,9,175,f1_mass.interaction.graph_0_mg_ld_wloa_adsg_semantic_type_graph_1_edge_weight,0.0698101353369565
mdgnc_edge_failures,MG LdWLOA + EW,10,9,175,f1_mass.interaction.graph_0_mg_ld_wloa_adsg_semantic_type_sizing,0.0798294920714325
mdgnc_edge_failures,MG LdWLOA + EW,10,9,175,f1_mass.interaction.graph_1_edge_weight_sizing,0.3287242855557363
mdgnc_edge_failures,MG LdWLOA + EW,10,9,200,f0_failure_rate.graph_0.mg_ld_wloa_adsg_semantic_type,0.003482864409862
mdgnc_edge_failures,MG LdWLOA + EW,10,9,200,f0_failure_rate.graph_1.edge_weight,0.010203441171539
mdgnc_edge_failures,MG LdWLOA + EW,10,9,200,f0_failure_rate.sizing,0.1206818372653772
mdgnc_edge_failures,MG LdWLOA + EW,10,9,200,f0_failure_rate.interaction.graph_0_mg_ld_wloa_adsg_semantic_type_graph_1_edge_weight,0.3482860524427901
mdgnc_edge_failures,MG LdWLOA + EW,10,9,200,f0_failure_rate.interaction.graph_0_mg_ld_wloa_adsg_semantic_type_sizing,0.2538132743337317
mdgnc_edge_failures,MG LdWLOA + EW,10,9,200,f0_failure_rate.interaction.graph_1_edge_weight_sizing,0.2635325303767
mdgnc_edge_failures,MG LdWLOA + EW,10,9,200,f1_mass.graph_0.mg_ld_wloa_adsg_semantic_type,0.0050244980775641
mdgnc_edge_failures,MG LdWLOA + EW,10,9,200,f1_mass.graph_1.edge_weight,0.1455827250436994
mdgnc_edge_failures,MG LdWLOA + EW,10,9,200,f1_mass.sizing,0.3744154615012109
mdgnc_edge_failures,MG LdWLOA + EW,10,9,200,f1_mass.interaction.graph_0_mg_ld_wloa_adsg_semantic_type_graph_1_edge_weight,0.073075339223955
mdgnc_edge_failures,MG LdWLOA + EW,10,9,200,f1_mass.interaction.graph_0_mg_ld_wloa_adsg_semantic_type_sizing,0.0723830287463371
mdgnc_edge_failures,MG LdWLOA + EW,10,9,200,f1_mass.interaction.graph_1_edge_weight_sizing,0.3295189474072332
mdgnc_edge_failures,MG LdWLOA + EW,10,9,225,f0_failure_rate.graph_0.mg_ld_wloa_adsg_semantic_type,0.0034649563351567
mdgnc_edge_failures,MG LdWLOA + EW,10,9,225,f0_failure_rate.graph_1.edge_weight,0.0126195707568075
mdgnc_edge_failures,MG LdWLOA + EW,10,9,225,f0_failure_rate.sizing,0.1203995736294889
mdgnc_edge_failures,MG LdWLOA + EW,10,9,225,f0_failure_rate.interaction.graph_0_mg_ld_wloa_adsg_semantic_type_graph_1_edge_weight,0.3449089674531274
mdgnc_edge_failures,MG LdWLOA + EW,10,9,225,f0_failure_rate.interaction.graph_0_mg_ld_wloa_adsg_semantic_type_sizing,0.2533325020509023
mdgnc_edge_failures,MG LdWLOA + EW,10,9,225,f0_failure_rate.interaction.graph_1_edge_weight_sizing,0.265274429774517
mdgnc_edge_failures,MG LdWLOA + EW,10,9,225,f1_mass.graph_0.mg_ld_wloa_adsg_semantic_type,0.0050408917432637
mdgnc_edge_failures,MG LdWLOA + EW,10,9,225,f1_mass.graph_1.edge_weight,0.1387940940367106
mdgnc_edge_failures,MG LdWLOA + EW,10,9,225,f1_mass.sizing,0.3728022611516029
mdgnc_edge_failures,MG LdWLOA + EW,10,9,225,f1_mass.interaction.graph_0_mg_ld_wloa_adsg_semantic_type_graph_1_edge_weight,0.0715368733403642
mdgnc_edge_failures,MG LdWLOA + EW,10,9,225,f1_mass.interaction.graph_0_mg_ld_wloa_adsg_semantic_type_sizing,0.0774770275298496
mdgnc_edge_failures,MG LdWLOA + EW,10,9,225,f1_mass.interaction.graph_1_edge_weight_sizing,0.3343488521982088
mdgnc_edge_failures,MG LdWLOA + EW,10,9,250,f0_failure_rate.graph_0.mg_ld_wloa_adsg_semantic_type,0.0035839742398826
mdgnc_edge_failures,MG LdWLOA + EW,10,9,250,f0_failure_rate.graph_1.edge_weight,0.162558183955618
mdgnc_edge_failures,MG LdWLOA + EW,10,9,250,f0_failure_rate.sizing,0.1635367354801943
mdgnc_edge_failures,MG LdWLOA + EW,10,9,250,f0_failure_rate.interaction.graph_0_mg_ld_wloa_adsg_semantic_type_graph_1_edge_weight,0.2376083959606035
mdgnc_edge_failures,MG LdWLOA + EW,10,9,250,f0_failure_rate.interaction.graph_0_mg_ld_wloa_adsg_semantic_type_sizing,0.3240352500413991
mdgnc_edge_failures,MG LdWLOA + EW,10,9,250,f0_failure_rate.interaction.graph_1_edge_weight_sizing,0.1086774603223023
mdgnc_edge_failures,MG LdWLOA + EW,10,9,250,f1_mass.graph_0.mg_ld_wloa_adsg_semantic_type,0.0051550684626852
mdgnc_edge_failures,MG LdWLOA + EW,10,9,250,f1_mass.graph_1.edge_weight,0.3473017016568922
mdgnc_edge_failures,MG LdWLOA + EW,10,9,250,f1_mass.sizing,0.3486626929934412
mdgnc_edge_failures,MG LdWLOA + EW,10,9,250,f1_mass.interaction.graph_0_mg_ld_wloa_adsg_semantic_type_graph_1_edge_weight,0.0049323015875344
mdgnc_edge_failures,MG LdWLOA + EW,10,9,250,f1_mass.interaction.graph_0_mg_ld_wloa_adsg_semantic_type_sizing,0.1828036866170334
mdgnc_edge_failures,MG LdWLOA + EW,10,9,250,f1_mass.interaction.graph_1_edge_weight_sizing,0.1111445486824134
mdgnc_edge_failures,MG LdWLOA + EW,10,9,275,f0_failure_rate.graph_0.mg_ld_wloa_adsg_semantic_type,0.0022699745328155
mdgnc_edge_failures,MG LdWLOA + EW,10,9,275,f0_failure_rate.graph_1.edge_weight,0.1636354135816743
mdgnc_edge_failures,MG LdWLOA + EW,10,9,275,f0_failure_rate.sizing,0.208879718382522
mdgnc_edge_failures,MG LdWLOA + EW,10,9,275,f0_failure_rate.interaction.graph_0_mg_ld_wloa_adsg_semantic_type_graph_1_edge_weight,0.1934287345352828
mdgnc_edge_failures,MG LdWLOA + EW,10,9,275,f0_failure_rate.interaction.graph_0_mg_ld_wloa_adsg_semantic_type_sizing,0.2242133311039605
mdgnc_edge_failures,MG LdWLOA + EW,10,9,275,f0_failure_rate.interaction.graph_1_edge_weight_sizing,0.2075728278637447
mdgnc_edge_failures,MG LdWLOA + EW,10,9,275,f1_mass.graph_0.mg_ld_wloa_adsg_semantic_type,0.0050144532289004
mdgnc_edge_failures,MG LdWLOA + EW,10,9,275,f1_mass.graph_1.edge_weight,0.1417845075989732
mdgnc_edge_failures,MG LdWLOA + EW,10,9,275,f1_mass.sizing,0.3726005323286548
mdgnc_edge_failures,MG LdWLOA + EW,10,9,275,f1_mass.interaction.graph_0_mg_ld_wloa_adsg_semantic_type_graph_1_edge_weight,0.0715819388411051
mdgnc_edge_failures,MG LdWLOA + EW,10,9,275,f1_mass.interaction.graph_0_mg_ld_wloa_adsg_semantic_type_sizing,0.0750194721122078
mdgnc_edge_failures,MG LdWLOA + EW,10,9,275,f1_mass.interaction.graph_1_edge_weight_sizing,0.3339990958901584
mdgnc_edge_failures,MG LdWLOA + EW,10,9,300,f0_failure_rate.graph_0.mg_ld_wloa_adsg_semantic_type,0.0052762736719564
mdgnc_edge_failures,MG LdWLOA + EW,10,9,300,f0_failure_rate.graph_1.edge_weight,0.3558987208901876
mdgnc_edge_failures,MG LdWLOA + EW,10,9,300,f0_failure_rate.sizing,0.3519788916110012
mdgnc_edge_failures,MG LdWLOA + EW,10,9,300,f0_failure_rate.interaction.graph_0_mg_ld_wloa_adsg_semantic_type_graph_1_edge_weight,0.0067752639198959
mdgnc_edge_failures,MG LdWLOA + EW,10,9,300,f0_failure_rate.interaction.graph_0_mg_ld_wloa_adsg_semantic_type_sizing,0.1781910061770353
mdgnc_edge_failures,MG LdWLOA + EW,10,9,300,f0_failure_rate.interaction.graph_1_edge_weight_sizing,0.1018798437299232
mdgnc_edge_failures,MG LdWLOA + EW,10,9,300,f1_mass.graph_0.mg_ld_wloa_adsg_semantic_type,0.0052246304106966
mdgnc_edge_failures,MG LdWLOA + EW,10,9,300,f1_mass.graph_1.edge_weight,0.3570161348807195
mdgnc_edge_failures,MG LdWLOA + EW,10,9,300,f1_mass.sizing,0.351757467673128
mdgnc_edge_failures,MG LdWLOA + EW,10,9,300,f1_mass.interaction.graph_0_mg_ld_wloa_adsg_semantic_type_graph_1_edge_weight,0.0051545511927751
mdgnc_edge_failures,MG LdWLOA + EW,10,9,300,f1_mass.interaction.graph_0_mg_ld_wloa_adsg_semantic_type_sizing,0.1748238596834994
mdgnc_edge_failures,MG LdWLOA + EW,10,9,300,f1_mass.interaction.graph_1_edge_weight_sizing,0.1060233561591812
