problem,model,cv_folds,fold,budget,weight_name,weight_value
mdgnc_edge_failures,ESP + EW,10,0,25,f0_failure_rate.graph_0.esp_semantic_type,0.1955071469734589
mdgnc_edge_failures,ESP + EW,10,0,25,f0_failure_rate.graph_1.edge_weight,0.3964189222605637
mdgnc_edge_failures,ESP + EW,10,0,25,f0_failure_rate.sizing,0.0019550714697345
mdgnc_edge_failures,ESP + EW,10,0,25,f0_failure_rate.interaction.graph_0_esp_semantic_type_graph_1_edge_weight,0.4022087163567738
mdgnc_edge_failures,ESP + EW,10,0,25,f0_failure_rate.interaction.graph_0_esp_semantic_type_sizing,0.0019550714697345
mdgnc_edge_failures,ESP + EW,10,0,25,f0_failure_rate.interaction.graph_1_edge_weight_sizing,0.0019550714697345
mdgnc_edge_failures,ESP + EW,10,0,25,f1_mass.graph_0.esp_semantic_type,0.1312812886221484
mdgnc_edge_failures,ESP + EW,10,0,25,f1_mass.graph_1.edge_weight,0.3887113532069682
mdgnc_edge_failures,ESP + EW,10,0,25,f1_mass.sizing,0.1840197084418911
mdgnc_edge_failures,ESP + EW,10,0,25,f1_mass.interaction.graph_0_esp_semantic_type_graph_1_edge_weight,0.1718312055612981
mdgnc_edge_failures,ESP + EW,10,0,25,f1_mass.interaction.graph_0_esp_semantic_type_sizing,0.0013128128862214
mdgnc_edge_failures,ESP + EW,10,0,25,f1_mass.interaction.graph_1_edge_weight_sizing,0.1228436312814726
mdgnc_edge_failures,ESP + EW,10,0,50,f0_failure_rate.graph_0.esp_semantic_type,0.0030757038749953
mdgnc_edge_failures,ESP + EW,10,0,50,f0_failure_rate.graph_1.edge_weight,0.2403510950303903
mdgnc_edge_failures,ESP + EW,10,0,50,f0_failure_rate.sizing,0.1671046916308029
mdgnc_edge_failures,ESP + EW,10,0,50,f0_failure_rate.interaction.graph_0_esp_semantic_type_graph_1_edge_weight,0.2796756956520073
mdgnc_edge_failures,ESP + EW,10,0,50,f0_failure_rate.interaction.graph_0_esp_semantic_type_sizing,0.0540794001689202
mdgnc_edge_failures,ESP + EW,10,0,50,f0_failure_rate.interaction.graph_1_edge_weight_sizing,0.2557134136428839
mdgnc_edge_failures,ESP + EW,10,0,50,f1_mass.graph_0.esp_semantic_type,0.0024887466653547
mdgnc_edge_failures,ESP + EW,10,0,50,f1_mass.graph_1.edge_weight,0.1443323147319192
mdgnc_edge_failures,ESP + EW,10,0,50,f1_mass.sizing,0.2427406994112833
mdgnc_edge_failures,ESP + EW,10,0,50,f1_mass.interaction.graph_0_esp_semantic_type_graph_1_edge_weight,0.217832040788756
mdgnc_edge_failures,ESP + EW,10,0,50,f1_mass.interaction.graph_0_esp_semantic_type_sizing,0.2249565638759421
mdgnc_edge_failures,ESP + EW,10,0,50,f1_mass.interaction.graph_1_edge_weight_sizing,0.1676496345267444
mdgnc_edge_failures,ESP + EW,10,0,75,f0_failure_rate.graph_0.esp_semantic_type,0.2189295237887256
mdgnc_edge_failures,ESP + EW,10,0,75,f0_failure_rate.graph_1.edge_weight,0.4913838883557453
mdgnc_edge_failures,ESP + EW,10,0,75,f0_failure_rate.sizing,0.0021892952378872
mdgnc_edge_failures,ESP + EW,10,0,75,f0_failure_rate.interaction.graph_0_esp_semantic_type_graph_1_edge_weight,0.2679059699172463
mdgnc_edge_failures,ESP + EW,10,0,75,f0_failure_rate.interaction.graph_0_esp_semantic_type_sizing,0.0021892952378872
mdgnc_edge_failures,ESP + EW,10,0,75,f0_failure_rate.interaction.graph_1_edge_weight_sizing,0.0174020274625082
mdgnc_edge_failures,ESP + EW,10,0,75,f1_mass.graph_0.esp_semantic_type,0.1360306984944886
mdgnc_edge_failures,ESP + EW,10,0,75,f1_mass.graph_1.edge_weight,0.3986927891257188
mdgnc_edge_failures,ESP + EW,10,0,75,f1_mass.sizing,0.2892775200532166
mdgnc_edge_failures,ESP + EW,10,0,75,f1_mass.interaction.graph_0_esp_semantic_type_graph_1_edge_weight,0.0013603069849448
mdgnc_edge_failures,ESP + EW,10,0,75,f1_mass.interaction.graph_0_esp_semantic_type_sizing,0.0013603069849448
mdgnc_edge_failures,ESP + EW,10,0,75,f1_mass.interaction.graph_1_edge_weight_sizing,0.1732783783566863
mdgnc_edge_failures,ESP + EW,10,0,100,f0_failure_rate.graph_0.esp_semantic_type,0.0030427712743884
mdgnc_edge_failures,ESP + EW,10,0,100,f0_failure_rate.graph_1.edge_weight,0.2396900462654232
mdgnc_edge_failures,ESP + EW,10,0,100,f0_failure_rate.sizing,0.1680207217621007
mdgnc_edge_failures,ESP + EW,10,0,100,f0_failure_rate.interaction.graph_0_esp_semantic_type_graph_1_edge_weight,0.2809078569786478
mdgnc_edge_failures,ESP + EW,10,0,100,f0_failure_rate.interaction.graph_0_esp_semantic_type_sizing,0.0541028435667873
mdgnc_edge_failures,ESP + EW,10,0,100,f0_failure_rate.interaction.graph_1_edge_weight_sizing,0.2542357601526523
mdgnc_edge_failures,ESP + EW,10,0,100,f1_mass.graph_0.esp_semantic_type,0.003036202967333
mdgnc_edge_failures,ESP + EW,10,0,100,f1_mass.graph_1.edge_weight,0.2426617287527336
mdgnc_edge_failures,ESP + EW,10,0,100,f1_mass.sizing,0.17054744173978
mdgnc_edge_failures,ESP + EW,10,0,100,f1_mass.interaction.graph_0_esp_semantic_type_graph_1_edge_weight,0.2780815583178125
mdgnc_edge_failures,ESP + EW,10,0,100,f1_mass.interaction.graph_0_esp_semantic_type_sizing,0.0551667546751892
mdgnc_edge_failures,ESP + EW,10,0,100,f1_mass.interaction.graph_1_edge_weight_sizing,0.2505063135471515
mdgnc_edge_failures,ESP + EW,10,0,125,f0_failure_rate.graph_0.esp_semantic_type,0.0034284026106637
mdgnc_edge_failures,ESP + EW,10,0,125,f0_failure_rate.graph_1.edge_weight,0.1067955407878302
mdgnc_edge_failures,ESP + EW,10,0,125,f0_failure_rate.sizing,0.1556652708455515
mdgnc_edge_failures,ESP + EW,10,0,125,f0_failure_rate.interaction.graph_0_esp_semantic_type_graph_1_edge_weight,0.2617772291184742
mdgnc_edge_failures,ESP + EW,10,0,125,f0_failure_rate.interaction.graph_0_esp_semantic_type_sizing,0.1450929901732233
mdgnc_edge_failures,ESP + EW,10,0,125,f0_failure_rate.interaction.graph_1_edge_weight_sizing,0.3272405664642569
mdgnc_edge_failures,ESP + EW,10,0,125,f1_mass.graph_0.esp_semantic_type,0.0030733633862676
mdgnc_edge_failures,ESP + EW,10,0,125,f1_mass.graph_1.edge_weight,0.2400731731357424
mdgnc_edge_failures,ESP + EW,10,0,125,f1_mass.sizing,0.1730292553952625
mdgnc_edge_failures,ESP + EW,10,0,125,f1_mass.interaction.graph_0_esp_semantic_type_graph_1_edge_weight,0.2777167722657697
mdgnc_edge_failures,ESP + EW,10,0,125,f1_mass.interaction.graph_0_esp_semantic_type_sizing,0.0482403173107682
mdgnc_edge_failures,ESP + EW,10,0,125,f1_mass.interaction.graph_1_edge_weight_sizing,0.2578671185061895
mdgnc_edge_failures,ESP + EW,10,0,150,f0_failure_rate.graph_0.esp_semantic_type,0.1309986491602692
mdgnc_edge_failures,ESP + EW,10,0,150,f0_failure_rate.graph_1.edge_weight,0.4514699300298062
mdgnc_edge_failures,ESP + EW,10,0,150,f0_failure_rate.sizing,0.0265028600691296
mdgnc_edge_failures,ESP + EW,10,0,150,f0_failure_rate.interaction.graph_0_esp_semantic_type_graph_1_edge_weight,0.1706912625658023
mdgnc_edge_failures,ESP + EW,10,0,150,f0_failure_rate.interaction.graph_0_esp_semantic_type_sizing,0.2190273116833901
mdgnc_edge_failures,ESP + EW,10,0,150,f0_failure_rate.interaction.graph_1_edge_weight_sizing,0.0013099864916026
mdgnc_edge_failures,ESP + EW,10,0,150,f1_mass.graph_0.esp_semantic_type,0.1089591005892002
mdgnc_edge_failures,ESP + EW,10,0,150,f1_mass.graph_1.edge_weight,0.4247333152697913
mdgnc_edge_failures,ESP + EW,10,0,150,f1_mass.sizing,0.2764020643006485
mdgnc_edge_failures,ESP + EW,10,0,150,f1_mass.interaction.graph_0_esp_semantic_type_graph_1_edge_weight,0.0010895910058919
mdgnc_edge_failures,ESP + EW,10,0,150,f1_mass.interaction.graph_0_esp_semantic_type_sizing,0.0010895910058919
mdgnc_edge_failures,ESP + EW,10,0,150,f1_mass.interaction.graph_1_edge_weight_sizing,0.1877263378285759
mdgnc_edge_failures,ESP + EW,10,0,175,f0_failure_rate.graph_0.esp_semantic_type,0.0025024769147802
mdgnc_edge_failures,ESP + EW,10,0,175,f0_failure_rate.graph_1.edge_weight,0.1365362823114543
mdgnc_edge_failures,ESP + EW,10,0,175,f0_failure_rate.sizing,0.2443973567493341
mdgnc_edge_failures,ESP + EW,10,0,175,f0_failure_rate.interaction.graph_0_esp_semantic_type_graph_1_edge_weight,0.2198855391361003
mdgnc_edge_failures,ESP + EW,10,0,175,f0_failure_rate.interaction.graph_0_esp_semantic_type_sizing,0.2268633021358118
mdgnc_edge_failures,ESP + EW,10,0,175,f0_failure_rate.interaction.graph_1_edge_weight_sizing,0.1698150427525191
mdgnc_edge_failures,ESP + EW,10,0,175,f1_mass.graph_0.esp_semantic_type,0.0030670260091796
mdgnc_edge_failures,ESP + EW,10,0,175,f1_mass.graph_1.edge_weight,0.2400153700372672
mdgnc_edge_failures,ESP + EW,10,0,175,f1_mass.sizing,0.1693092579097098
mdgnc_edge_failures,ESP + EW,10,0,175,f1_mass.interaction.graph_0_esp_semantic_type_graph_1_edge_weight,0.2805313114216841
mdgnc_edge_failures,ESP + EW,10,0,175,f1_mass.interaction.graph_0_esp_semantic_type_sizing,0.0493758980890546
mdgnc_edge_failures,ESP + EW,10,0,175,f1_mass.interaction.graph_1_edge_weight_sizing,0.2577011365331047
mdgnc_edge_failures,ESP + EW,10,0,200,f0_failure_rate.graph_0.esp_semantic_type,0.2061189240846055
mdgnc_edge_failures,ESP + EW,10,0,200,f0_failure_rate.graph_1.edge_weight,0.322408492621573
mdgnc_edge_failures,ESP + EW,10,0,200,f0_failure_rate.sizing,0.0073897074483314
mdgnc_edge_failures,ESP + EW,10,0,200,f0_failure_rate.interaction.graph_0_esp_semantic_type_graph_1_edge_weight,0.4083312819643906
mdgnc_edge_failures,ESP + EW,10,0,200,f0_failure_rate.interaction.graph_0_esp_semantic_type_sizing,0.0302643954270458
mdgnc_edge_failures,ESP + EW,10,0,200,f0_failure_rate.interaction.graph_1_edge_weight_sizing,0.0254871984540535
mdgnc_edge_failures,ESP + EW,10,0,200,f1_mass.graph_0.esp_semantic_type,0.108313996202385
mdgnc_edge_failures,ESP + EW,10,0,200,f1_mass.graph_1.edge_weight,0.2838446141553675
mdgnc_edge_failures,ESP + EW,10,0,200,f1_mass.sizing,0.3815334629588418
mdgnc_edge_failures,ESP + EW,10,0,200,f1_mass.interaction.graph_0_esp_semantic_type_graph_1_edge_weight,0.0010831399620238
mdgnc_edge_failures,ESP + EW,10,0,200,f1_mass.interaction.graph_0_esp_semantic_type_sizing,0.0010831399620238
mdgnc_edge_failures,ESP + EW,10,0,200,f1_mass.interaction.graph_1_edge_weight_sizing,0.224141646759358
mdgnc_edge_failures,ESP + EW,10,0,225,f0_failure_rate.graph_0.esp_semantic_type,0.1508273988472893
mdgnc_edge_failures,ESP + EW,10,0,225,f0_failure_rate.graph_1.edge_weight,0.2438691039032905
mdgnc_edge_failures,ESP + EW,10,0,225,f0_failure_rate.sizing,0.1249305980219647
mdgnc_edge_failures,ESP + EW,10,0,225,f0_failure_rate.interaction.graph_0_esp_semantic_type_graph_1_edge_weight,0.1476307940886094
mdgnc_edge_failures,ESP + EW,10,0,225,f0_failure_rate.interaction.graph_0_esp_semantic_type_sizing,0.1967637773745636
mdgnc_edge_failures,ESP + EW,10,0,225,f0_failure_rate.interaction.graph_1_edge_weight_sizing,0.1359783277642824
mdgnc_edge_failures,ESP + EW,10,0,225,f1_mass.graph_0.esp_semantic_type,0.1336539997995387
mdgnc_edge_failures,ESP + EW,10,0,225,f1_mass.graph_1.edge_weight,0.2481208273948983
mdgnc_edge_failures,ESP + EW,10,0,225,f1_mass.sizing,0.304229558525515
mdgnc_edge_failures,ESP + EW,10,0,225,f1_mass.interaction.graph_0_esp_semantic_type_graph_1_edge_weight,0.0013365399979953
mdgnc_edge_failures,ESP + EW,10,0,225,f1_mass.interaction.graph_0_esp_semantic_type_sizing,0.0013365399979953
mdgnc_edge_failures,ESP + EW,10,0,225,f1_mass.interaction.graph_1_edge_weight_sizing,0.3113225342840572
mdgnc_edge_failures,ESP + EW,10,0,250,f0_failure_rate.graph_0.esp_semantic_type,0.0034455378079337
mdgnc_edge_failures,ESP + EW,10,0,250,f0_failure_rate.graph_1.edge_weight,0.1069480071823452
mdgnc_edge_failures,ESP + EW,10,0,250,f0_failure_rate.sizing,0.1575366747326189
mdgnc_edge_failures,ESP + EW,10,0,250,f0_failure_rate.interaction.graph_0_esp_semantic_type_graph_1_edge_weight,0.2627682689249361
mdgnc_edge_failures,ESP + EW,10,0,250,f0_failure_rate.interaction.graph_0_esp_semantic_type_sizing,0.1425159661491754
mdgnc_edge_failures,ESP + EW,10,0,250,f0_failure_rate.interaction.graph_1_edge_weight_sizing,0.3267855452029904
mdgnc_edge_failures,ESP + EW,10,0,250,f1_mass.graph_0.esp_semantic_type,0.0030424939868857
mdgnc_edge_failures,ESP + EW,10,0,250,f1_mass.graph_1.edge_weight,0.2372316295083488
mdgnc_edge_failures,ESP + EW,10,0,250,f1_mass.sizing,0.1682457347596379
mdgnc_edge_failures,ESP + EW,10,0,250,f1_mass.interaction.graph_0_esp_semantic_type_graph_1_edge_weight,0.2756501451356855
mdgnc_edge_failures,ESP + EW,10,0,250,f1_mass.interaction.graph_0_esp_semantic_type_sizing,0.0563411949966523
mdgnc_edge_failures,ESP + EW,10,0,250,f1_mass.interaction.graph_1_edge_weight_sizing,0.2594888016127898
mdgnc_edge_failures,ESP + EW,10,0,275,f0_failure_rate.graph_0.esp_semantic_type,0.0034423238111288
mdgnc_edge_failures,ESP + EW,10,0,275,f0_failure_rate.graph_1.edge_weight,0.1071441741006378
mdgnc_edge_failures,ESP + EW,10,0,275,f0_failure_rate.sizing,0.156408345643361
mdgnc_edge_failures,ESP + EW,10,0,275,f0_failure_rate.interaction.graph_0_esp_semantic_type_graph_1_edge_weight,0.2631638481185713
mdgnc_edge_failures,ESP + EW,10,0,275,f0_failure_rate.interaction.graph_0_esp_semantic_type_sizing,0.1426257162935532
mdgnc_edge_failures,ESP + EW,10,0,275,f0_failure_rate.interaction.graph_1_edge_weight_sizing,0.3272155920327477
mdgnc_edge_failures,ESP + EW,10,0,275,f1_mass.graph_0.esp_semantic_type,0.00306982421513
mdgnc_edge_failures,ESP + EW,10,0,275,f1_mass.graph_1.edge_weight,0.2382388255820575
mdgnc_edge_failures,ESP + EW,10,0,275,f1_mass.sizing,0.1719157650742822
mdgnc_edge_failures,ESP + EW,10,0,275,f1_mass.interaction.graph_0_esp_semantic_type_graph_1_edge_weight,0.2795440945196673
mdgnc_edge_failures,ESP + EW,10,0,275,f1_mass.interaction.graph_0_esp_semantic_type_sizing,0.0508511737199469
mdgnc_edge_failures,ESP + EW,10,0,275,f1_mass.interaction.graph_1_edge_weight_sizing,0.2563803168889159
mdgnc_edge_failures,ESP + EW,10,0,300,f0_failure_rate.graph_0.esp_semantic_type,0.0031110142848538
mdgnc_edge_failures,ESP + EW,10,0,300,f0_failure_rate.graph_1.edge_weight,0.2772798316715215
mdgnc_edge_failures,ESP + EW,10,0,300,f0_failure_rate.sizing,0.2511282868172934
mdgnc_edge_failures,ESP + EW,10,0,300,f0_failure_rate.interaction.graph_0_esp_semantic_type_graph_1_edge_weight,0.1578298351538216
mdgnc_edge_failures,ESP + EW,10,0,300,f0_failure_rate.interaction.graph_0_esp_semantic_type_sizing,0.1791645526980659
mdgnc_edge_failures,ESP + EW,10,0,300,f0_failure_rate.interaction.graph_1_edge_weight_sizing,0.1314864793744437
mdgnc_edge_failures,ESP + EW,10,0,300,f1_mass.graph_0.esp_semantic_type,0.0030601102123994
mdgnc_edge_failures,ESP + EW,10,0,300,f1_mass.graph_1.edge_weight,0.238306764272627
mdgnc_edge_failures,ESP + EW,10,0,300,f1_mass.sizing,0.1655633417666932
mdgnc_edge_failures,ESP + EW,10,0,300,f1_mass.interaction.graph_0_esp_semantic_type_graph_1_edge_weight,0.2805597070878179
mdgnc_edge_failures,ESP + EW,10,0,300,f1_mass.interaction.graph_0_esp_semantic_type_sizing,0.0540083547177591
mdgnc_edge_failures,ESP + EW,10,0,300,f1_mass.interaction.graph_1_edge_weight_sizing,0.2585017219427031
mdgnc_edge_failures,ESP + EW,10,1,25,f0_failure_rate.graph_0.esp_semantic_type,0.0034567870025757
mdgnc_edge_failures,ESP + EW,10,1,25,f0_failure_rate.graph_1.edge_weight,0.1078948307765327
mdgnc_edge_failures,ESP + EW,10,1,25,f0_failure_rate.sizing,0.159495635567836
mdgnc_edge_failures,ESP + EW,10,1,25,f0_failure_rate.interaction.graph_0_esp_semantic_type_graph_1_edge_weight,0.2634807711234158
mdgnc_edge_failures,ESP + EW,10,1,25,f0_failure_rate.interaction.graph_0_esp_semantic_type_sizing,0.1444653284465014
mdgnc_edge_failures,ESP + EW,10,1,25,f0_failure_rate.interaction.graph_1_edge_weight_sizing,0.3212066470831381
mdgnc_edge_failures,ESP + EW,10,1,25,f1_mass.graph_0.esp_semantic_type,0.0034464575812427
mdgnc_edge_failures,ESP + EW,10,1,25,f1_mass.graph_1.edge_weight,0.110595036333843
mdgnc_edge_failures,ESP + EW,10,1,25,f1_mass.sizing,0.1600682719419974
mdgnc_edge_failures,ESP + EW,10,1,25,f1_mass.interaction.graph_0_esp_semantic_type_graph_1_edge_weight,0.2613539574746502
mdgnc_edge_failures,ESP + EW,10,1,25,f1_mass.interaction.graph_0_esp_semantic_type_sizing,0.1432473274221146
mdgnc_edge_failures,ESP + EW,10,1,25,f1_mass.interaction.graph_1_edge_weight_sizing,0.3212889492461519
mdgnc_edge_failures,ESP + EW,10,1,50,f0_failure_rate.graph_0.esp_semantic_type,0.003062167173266
mdgnc_edge_failures,ESP + EW,10,1,50,f0_failure_rate.graph_1.edge_weight,0.2390579019868639
mdgnc_edge_failures,ESP + EW,10,1,50,f0_failure_rate.sizing,0.1669501857255591
mdgnc_edge_failures,ESP + EW,10,1,50,f0_failure_rate.interaction.graph_0_esp_semantic_type_graph_1_edge_weight,0.2796576613767548
mdgnc_edge_failures,ESP + EW,10,1,50,f0_failure_rate.interaction.graph_0_esp_semantic_type_sizing,0.053103920940175
mdgnc_edge_failures,ESP + EW,10,1,50,f0_failure_rate.interaction.graph_1_edge_weight_sizing,0.2581681627973809
mdgnc_edge_failures,ESP + EW,10,1,50,f1_mass.graph_0.esp_semantic_type,0.002504102967749
mdgnc_edge_failures,ESP + EW,10,1,50,f1_mass.graph_1.edge_weight,0.1444419588951177
mdgnc_edge_failures,ESP + EW,10,1,50,f1_mass.sizing,0.2405733922471772
mdgnc_edge_failures,ESP + EW,10,1,50,f1_mass.interaction.graph_0_esp_semantic_type_graph_1_edge_weight,0.2196152890719494
mdgnc_edge_failures,ESP + EW,10,1,50,f1_mass.interaction.graph_0_esp_semantic_type_sizing,0.2249445785235115
mdgnc_edge_failures,ESP + EW,10,1,50,f1_mass.interaction.graph_1_edge_weight_sizing,0.1679206782944951
mdgnc_edge_failures,ESP + EW,10,1,75,f0_failure_rate.graph_0.esp_semantic_type,0.0034607556125709
mdgnc_edge_failures,ESP + EW,10,1,75,f0_failure_rate.graph_1.edge_weight,0.1070764639749466
mdgnc_edge_failures,ESP + EW,10,1,75,f0_failure_rate.sizing,0.1588855947652602
mdgnc_edge_failures,ESP + EW,10,1,75,f0_failure_rate.interaction.graph_0_esp_semantic_type_graph_1_edge_weight,0.2624761792498647
mdgnc_edge_failures,ESP + EW,10,1,75,f0_failure_rate.interaction.graph_0_esp_semantic_type_sizing,0.1412646120685437
mdgnc_edge_failures,ESP + EW,10,1,75,f0_failure_rate.interaction.graph_1_edge_weight_sizing,0.3268363943288137
mdgnc_edge_failures,ESP + EW,10,1,75,f1_mass.graph_0.esp_semantic_type,0.0031547623086117
mdgnc_edge_failures,ESP + EW,10,1,75,f1_mass.graph_1.edge_weight,0.2804214000178616
mdgnc_edge_failures,ESP + EW,10,1,75,f1_mass.sizing,0.2569164012963978
mdgnc_edge_failures,ESP + EW,10,1,75,f1_mass.interaction.graph_0_esp_semantic_type_graph_1_edge_weight,0.1523848479163534
mdgnc_edge_failures,ESP + EW,10,1,75,f1_mass.interaction.graph_0_esp_semantic_type_sizing,0.1759287519187439
mdgnc_edge_failures,ESP + EW,10,1,75,f1_mass.interaction.graph_1_edge_weight_sizing,0.1311938365420313
mdgnc_edge_failures,ESP + EW,10,1,100,f0_failure_rate.graph_0.esp_semantic_type,0.1481802610384285
mdgnc_edge_failures,ESP + EW,10,1,100,f0_failure_rate.graph_1.edge_weight,0.2961174788067494
mdgnc_edge_failures,ESP + EW,10,1,100,f0_failure_rate.sizing,0.1748206566594084
mdgnc_edge_failures,ESP + EW,10,1,100,f0_failure_rate.interaction.graph_0_esp_semantic_type_graph_1_edge_weight,0.2493439093964704
mdgnc_edge_failures,ESP + EW,10,1,100,f0_failure_rate.interaction.graph_0_esp_semantic_type_sizing,0.0871757382250857
mdgnc_edge_failures,ESP + EW,10,1,100,f0_failure_rate.interaction.graph_1_edge_weight_sizing,0.0443619558738573
mdgnc_edge_failures,ESP + EW,10,1,100,f1_mass.graph_0.esp_semantic_type,0.1212044750124966
mdgnc_edge_failures,ESP + EW,10,1,100,f1_mass.graph_1.edge_weight,0.3533056852696605
mdgnc_edge_failures,ESP + EW,10,1,100,f1_mass.sizing,0.3522455028395873
mdgnc_edge_failures,ESP + EW,10,1,100,f1_mass.interaction.graph_0_esp_semantic_type_graph_1_edge_weight,0.0012120447501249
mdgnc_edge_failures,ESP + EW,10,1,100,f1_mass.interaction.graph_0_esp_semantic_type_sizing,0.0012120447501249
mdgnc_edge_failures,ESP + EW,10,1,100,f1_mass.interaction.graph_1_edge_weight_sizing,0.1708202473780056
mdgnc_edge_failures,ESP + EW,10,1,125,f0_failure_rate.graph_0.esp_semantic_type,0.2052097911541414
mdgnc_edge_failures,ESP + EW,10,1,125,f0_failure_rate.graph_1.edge_weight,0.0829143027890469
mdgnc_edge_failures,ESP + EW,10,1,125,f0_failure_rate.sizing,0.0020520979115414
mdgnc_edge_failures,ESP + EW,10,1,125,f0_failure_rate.interaction.graph_0_esp_semantic_type_graph_1_edge_weight,0.434446005493582
mdgnc_edge_failures,ESP + EW,10,1,125,f0_failure_rate.interaction.graph_0_esp_semantic_type_sizing,0.2733257047401469
mdgnc_edge_failures,ESP + EW,10,1,125,f0_failure_rate.interaction.graph_1_edge_weight_sizing,0.0020520979115414
mdgnc_edge_failures,ESP + EW,10,1,125,f1_mass.graph_0.esp_semantic_type,0.1252434319448856
mdgnc_edge_failures,ESP + EW,10,1,125,f1_mass.graph_1.edge_weight,0.1490204493046484
mdgnc_edge_failures,ESP + EW,10,1,125,f1_mass.sizing,0.4372630972850852
mdgnc_edge_failures,ESP + EW,10,1,125,f1_mass.interaction.graph_0_esp_semantic_type_graph_1_edge_weight,0.0012524343194488
mdgnc_edge_failures,ESP + EW,10,1,125,f1_mass.interaction.graph_0_esp_semantic_type_sizing,0.0012524343194488
mdgnc_edge_failures,ESP + EW,10,1,125,f1_mass.interaction.graph_1_edge_weight_sizing,0.2859681528264829
mdgnc_edge_failures,ESP + EW,10,1,150,f0_failure_rate.graph_0.esp_semantic_type,0.1547312676628599
mdgnc_edge_failures,ESP + EW,10,1,150,f0_failure_rate.graph_1.edge_weight,0.3478555757741648
mdgnc_edge_failures,ESP + EW,10,1,150,f0_failure_rate.sizing,0.0392751316163687
mdgnc_edge_failures,ESP + EW,10,1,150,f0_failure_rate.interaction.graph_0_esp_semantic_type_graph_1_edge_weight,0.3367172279653989
mdgnc_edge_failures,ESP + EW,10,1,150,f0_failure_rate.interaction.graph_0_esp_semantic_type_sizing,0.119774797734354
mdgnc_edge_failures,ESP + EW,10,1,150,f0_failure_rate.interaction.graph_1_edge_weight_sizing,0.0016459992468536
mdgnc_edge_failures,ESP + EW,10,1,150,f1_mass.graph_0.esp_semantic_type,0.114524264967486
mdgnc_edge_failures,ESP + EW,10,1,150,f1_mass.graph_1.edge_weight,0.2476496532660848
mdgnc_edge_failures,ESP + EW,10,1,150,f1_mass.sizing,0.3041168746113098
mdgnc_edge_failures,ESP + EW,10,1,150,f1_mass.interaction.graph_0_esp_semantic_type_graph_1_edge_weight,0.1326729000327438
mdgnc_edge_failures,ESP + EW,10,1,150,f1_mass.interaction.graph_0_esp_semantic_type_sizing,0.0011452426496748
mdgnc_edge_failures,ESP + EW,10,1,150,f1_mass.interaction.graph_1_edge_weight_sizing,0.1998910644727006
mdgnc_edge_failures,ESP + EW,10,1,175,f0_failure_rate.graph_0.esp_semantic_type,0.003441102997941
mdgnc_edge_failures,ESP + EW,10,1,175,f0_failure_rate.graph_1.edge_weight,0.1090258748871563
mdgnc_edge_failures,ESP + EW,10,1,175,f0_failure_rate.sizing,0.1554167009721515
mdgnc_edge_failures,ESP + EW,10,1,175,f0_failure_rate.interaction.graph_0_esp_semantic_type_graph_1_edge_weight,0.2603471445517981
mdgnc_edge_failures,ESP + EW,10,1,175,f0_failure_rate.interaction.graph_0_esp_semantic_type_sizing,0.1455800292532876
mdgnc_edge_failures,ESP + EW,10,1,175,f0_failure_rate.interaction.graph_1_edge_weight_sizing,0.3261891473376652
mdgnc_edge_failures,ESP + EW,10,1,175,f1_mass.graph_0.esp_semantic_type,0.0030434595246068
mdgnc_edge_failures,ESP + EW,10,1,175,f1_mass.graph_1.edge_weight,0.2342875161336875
mdgnc_edge_failures,ESP + EW,10,1,175,f1_mass.sizing,0.1683796064322736
mdgnc_edge_failures,ESP + EW,10,1,175,f1_mass.interaction.graph_0_esp_semantic_type_graph_1_edge_weight,0.2737156396668415
mdgnc_edge_failures,ESP + EW,10,1,175,f1_mass.interaction.graph_0_esp_semantic_type_sizing,0.0592301722233202
mdgnc_edge_failures,ESP + EW,10,1,175,f1_mass.interaction.graph_1_edge_weight_sizing,0.2613436060192702
mdgnc_edge_failures,ESP + EW,10,1,200,f0_failure_rate.graph_0.esp_semantic_type,0.1349364155335946
mdgnc_edge_failures,ESP + EW,10,1,200,f0_failure_rate.graph_1.edge_weight,0.3070808839512068
mdgnc_edge_failures,ESP + EW,10,1,200,f0_failure_rate.sizing,0.1115406905127356
mdgnc_edge_failures,ESP + EW,10,1,200,f0_failure_rate.interaction.graph_0_esp_semantic_type_graph_1_edge_weight,0.1701748451054495
mdgnc_edge_failures,ESP + EW,10,1,200,f0_failure_rate.interaction.graph_0_esp_semantic_type_sizing,0.0979749480033494
mdgnc_edge_failures,ESP + EW,10,1,200,f0_failure_rate.interaction.graph_1_edge_weight_sizing,0.1782922168936639
mdgnc_edge_failures,ESP + EW,10,1,200,f1_mass.graph_0.esp_semantic_type,0.1180721416868114
mdgnc_edge_failures,ESP + EW,10,1,200,f1_mass.graph_1.edge_weight,0.3068088628937499
mdgnc_edge_failures,ESP + EW,10,1,200,f1_mass.sizing,0.2466011524995828
mdgnc_edge_failures,ESP + EW,10,1,200,f1_mass.interaction.graph_0_esp_semantic_type_graph_1_edge_weight,0.0011807214168681
mdgnc_edge_failures,ESP + EW,10,1,200,f1_mass.interaction.graph_0_esp_semantic_type_sizing,0.0011807214168681
mdgnc_edge_failures,ESP + EW,10,1,200,f1_mass.interaction.graph_1_edge_weight_sizing,0.3261564000861195
mdgnc_edge_failures,ESP + EW,10,1,225,f0_failure_rate.graph_0.esp_semantic_type,0.0034422883166459
mdgnc_edge_failures,ESP + EW,10,1,225,f0_failure_rate.graph_1.edge_weight,0.1084238938013383
mdgnc_edge_failures,ESP + EW,10,1,225,f0_failure_rate.sizing,0.1574968340865004
mdgnc_edge_failures,ESP + EW,10,1,225,f0_failure_rate.interaction.graph_0_esp_semantic_type_graph_1_edge_weight,0.2603319950224453
mdgnc_edge_failures,ESP + EW,10,1,225,f0_failure_rate.interaction.graph_0_esp_semantic_type_sizing,0.1441198980461515
mdgnc_edge_failures,ESP + EW,10,1,225,f0_failure_rate.interaction.graph_1_edge_weight_sizing,0.3261850907269183
mdgnc_edge_failures,ESP + EW,10,1,225,f1_mass.graph_0.esp_semantic_type,0.0030876399141569
mdgnc_edge_failures,ESP + EW,10,1,225,f1_mass.graph_1.edge_weight,0.2460954413637807
mdgnc_edge_failures,ESP + EW,10,1,225,f1_mass.sizing,0.1729672090047226
mdgnc_edge_failures,ESP + EW,10,1,225,f1_mass.interaction.graph_0_esp_semantic_type_graph_1_edge_weight,0.2769576640155117
mdgnc_edge_failures,ESP + EW,10,1,225,f1_mass.interaction.graph_0_esp_semantic_type_sizing,0.0484806551715752
mdgnc_edge_failures,ESP + EW,10,1,225,f1_mass.interaction.graph_1_edge_weight_sizing,0.2524113905302527
mdgnc_edge_failures,ESP + EW,10,1,250,f0_failure_rate.graph_0.esp_semantic_type,0.0025040408176889
mdgnc_edge_failures,ESP + EW,10,1,250,f0_failure_rate.graph_1.edge_weight,0.1399984192202248
mdgnc_edge_failures,ESP + EW,10,1,250,f0_failure_rate.sizing,0.2434092620792748
mdgnc_edge_failures,ESP + EW,10,1,250,f0_failure_rate.interaction.graph_0_esp_semantic_type_graph_1_edge_weight,0.2205133658869763
mdgnc_edge_failures,ESP + EW,10,1,250,f0_failure_rate.interaction.graph_0_esp_semantic_type_sizing,0.2247385423223165
mdgnc_edge_failures,ESP + EW,10,1,250,f0_failure_rate.interaction.graph_1_edge_weight_sizing,0.1688363696735185
mdgnc_edge_failures,ESP + EW,10,1,250,f1_mass.graph_0.esp_semantic_type,0.003041461190991
mdgnc_edge_failures,ESP + EW,10,1,250,f1_mass.graph_1.edge_weight,0.2370915022338836
mdgnc_edge_failures,ESP + EW,10,1,250,f1_mass.sizing,0.1667395008854897
mdgnc_edge_failures,ESP + EW,10,1,250,f1_mass.interaction.graph_0_esp_semantic_type_graph_1_edge_weight,0.276532770757764
mdgnc_edge_failures,ESP + EW,10,1,250,f1_mass.interaction.graph_0_esp_semantic_type_sizing,0.0527291978121989
mdgnc_edge_failures,ESP + EW,10,1,250,f1_mass.interaction.graph_1_edge_weight_sizing,0.2638655671196726
mdgnc_edge_failures,ESP + EW,10,1,275,f0_failure_rate.graph_0.esp_semantic_type,0.003421391059686
mdgnc_edge_failures,ESP + EW,10,1,275,f0_failure_rate.graph_1.edge_weight,0.1060160961245399
mdgnc_edge_failures,ESP + EW,10,1,275,f0_failure_rate.sizing,0.1619016900174098
mdgnc_edge_failures,ESP + EW,10,1,275,f0_failure_rate.interaction.graph_0_esp_semantic_type_graph_1_edge_weight,0.2613629559514224
mdgnc_edge_failures,ESP + EW,10,1,275,f0_failure_rate.interaction.graph_0_esp_semantic_type_sizing,0.1431655324822329
mdgnc_edge_failures,ESP + EW,10,1,275,f0_failure_rate.interaction.graph_1_edge_weight_sizing,0.3241323343647088
mdgnc_edge_failures,ESP + EW,10,1,275,f1_mass.graph_0.esp_semantic_type,0.0030727092786622
mdgnc_edge_failures,ESP + EW,10,1,275,f1_mass.graph_1.edge_weight,0.2386741429747622
mdgnc_edge_failures,ESP + EW,10,1,275,f1_mass.sizing,0.1696903588163515
mdgnc_edge_failures,ESP + EW,10,1,275,f1_mass.interaction.graph_0_esp_semantic_type_graph_1_edge_weight,0.2783349523687513
mdgnc_edge_failures,ESP + EW,10,1,275,f1_mass.interaction.graph_0_esp_semantic_type_sizing,0.0507206430663345
mdgnc_edge_failures,ESP + EW,10,1,275,f1_mass.interaction.graph_1_edge_weight_sizing,0.2595071934951381
mdgnc_edge_failures,ESP + EW,10,1,300,f0_failure_rate.graph_0.esp_semantic_type,0.1637713867154107
mdgnc_edge_failures,ESP + EW,10,1,300,f0_failure_rate.graph_1.edge_weight,0.2305787239193838
mdgnc_edge_failures,ESP + EW,10,1,300,f0_failure_rate.sizing,0.0991814492105012
mdgnc_edge_failures,ESP + EW,10,1,300,f0_failure_rate.interaction.graph_0_esp_semantic_type_graph_1_edge_weight,0.2804382060052875
mdgnc_edge_failures,ESP + EW,10,1,300,f0_failure_rate.interaction.graph_0_esp_semantic_type_sizing,0.1536296126829208
mdgnc_edge_failures,ESP + EW,10,1,300,f0_failure_rate.interaction.graph_1_edge_weight_sizing,0.0724006214664959
mdgnc_edge_failures,ESP + EW,10,1,300,f1_mass.graph_0.esp_semantic_type,0.1225183467153929
mdgnc_edge_failures,ESP + EW,10,1,300,f1_mass.graph_1.edge_weight,0.1992630476564905
mdgnc_edge_failures,ESP + EW,10,1,300,f1_mass.sizing,0.4007395022116374
mdgnc_edge_failures,ESP + EW,10,1,300,f1_mass.interaction.graph_0_esp_semantic_type_graph_1_edge_weight,0.0012251834671539
mdgnc_edge_failures,ESP + EW,10,1,300,f1_mass.interaction.graph_0_esp_semantic_type_sizing,0.0012251834671539
mdgnc_edge_failures,ESP + EW,10,1,300,f1_mass.interaction.graph_1_edge_weight_sizing,0.2750287364821714
mdgnc_edge_failures,ESP + EW,10,2,25,f0_failure_rate.graph_0.esp_semantic_type,0.1462021495810858
mdgnc_edge_failures,ESP + EW,10,2,25,f0_failure_rate.graph_1.edge_weight,0.4525109781880492
mdgnc_edge_failures,ESP + EW,10,2,25,f0_failure_rate.sizing,0.0014620214958108
mdgnc_edge_failures,ESP + EW,10,2,25,f0_failure_rate.interaction.graph_0_esp_semantic_type_graph_1_edge_weight,0.3969008077434321
mdgnc_edge_failures,ESP + EW,10,2,25,f0_failure_rate.interaction.graph_0_esp_semantic_type_sizing,0.0014620214958108
mdgnc_edge_failures,ESP + EW,10,2,25,f0_failure_rate.interaction.graph_1_edge_weight_sizing,0.001462021495811
mdgnc_edge_failures,ESP + EW,10,2,25,f1_mass.graph_0.esp_semantic_type,0.1050170603708969
mdgnc_edge_failures,ESP + EW,10,2,25,f1_mass.graph_1.edge_weight,0.3479801285861219
mdgnc_edge_failures,ESP + EW,10,2,25,f1_mass.sizing,0.2333554661207819
mdgnc_edge_failures,ESP + EW,10,2,25,f1_mass.interaction.graph_0_esp_semantic_type_graph_1_edge_weight,0.2569992801899821
mdgnc_edge_failures,ESP + EW,10,2,25,f1_mass.interaction.graph_0_esp_semantic_type_sizing,0.0010501706037089
mdgnc_edge_failures,ESP + EW,10,2,25,f1_mass.interaction.graph_1_edge_weight_sizing,0.0555978941285081
mdgnc_edge_failures,ESP + EW,10,2,50,f0_failure_rate.graph_0.esp_semantic_type,0.0031170562656573
mdgnc_edge_failures,ESP + EW,10,2,50,f0_failure_rate.graph_1.edge_weight,0.2796644415609767
mdgnc_edge_failures,ESP + EW,10,2,50,f0_failure_rate.sizing,0.251044041503495
mdgnc_edge_failures,ESP + EW,10,2,50,f0_failure_rate.interaction.graph_0_esp_semantic_type_graph_1_edge_weight,0.1572018364504422
mdgnc_edge_failures,ESP + EW,10,2,50,f0_failure_rate.interaction.graph_0_esp_semantic_type_sizing,0.1767073238128779
mdgnc_edge_failures,ESP + EW,10,2,50,f0_failure_rate.interaction.graph_1_edge_weight_sizing,0.1322653004065507
mdgnc_edge_failures,ESP + EW,10,2,50,f1_mass.graph_0.esp_semantic_type,0.0031105954504987
mdgnc_edge_failures,ESP + EW,10,2,50,f1_mass.graph_1.edge_weight,0.2802830368540764
mdgnc_edge_failures,ESP + EW,10,2,50,f1_mass.sizing,0.2518558381881659
mdgnc_edge_failures,ESP + EW,10,2,50,f1_mass.interaction.graph_0_esp_semantic_type_graph_1_edge_weight,0.1538441814250692
mdgnc_edge_failures,ESP + EW,10,2,50,f1_mass.interaction.graph_0_esp_semantic_type_sizing,0.1774622522925529
mdgnc_edge_failures,ESP + EW,10,2,50,f1_mass.interaction.graph_1_edge_weight_sizing,0.1334440957896368
mdgnc_edge_failures,ESP + EW,10,2,75,f0_failure_rate.graph_0.esp_semantic_type,0.2507957334900007
mdgnc_edge_failures,ESP + EW,10,2,75,f0_failure_rate.graph_1.edge_weight,0.4825699580452711
mdgnc_edge_failures,ESP + EW,10,2,75,f0_failure_rate.sizing,0.0025079573349
mdgnc_edge_failures,ESP + EW,10,2,75,f0_failure_rate.interaction.graph_0_esp_semantic_type_graph_1_edge_weight,0.2591104364600283
mdgnc_edge_failures,ESP + EW,10,2,75,f0_failure_rate.interaction.graph_0_esp_semantic_type_sizing,0.0025079573349
mdgnc_edge_failures,ESP + EW,10,2,75,f0_failure_rate.interaction.graph_1_edge_weight_sizing,0.0025079573349
mdgnc_edge_failures,ESP + EW,10,2,75,f1_mass.graph_0.esp_semantic_type,0.200506159037554
mdgnc_edge_failures,ESP + EW,10,2,75,f1_mass.graph_1.edge_weight,0.4696706750738094
mdgnc_edge_failures,ESP + EW,10,2,75,f1_mass.sizing,0.310217899102213
mdgnc_edge_failures,ESP + EW,10,2,75,f1_mass.interaction.graph_0_esp_semantic_type_graph_1_edge_weight,0.0020050615903755
mdgnc_edge_failures,ESP + EW,10,2,75,f1_mass.interaction.graph_0_esp_semantic_type_sizing,0.0020050615903755
mdgnc_edge_failures,ESP + EW,10,2,75,f1_mass.interaction.graph_1_edge_weight_sizing,0.0155951436056725
mdgnc_edge_failures,ESP + EW,10,2,100,f0_failure_rate.graph_0.esp_semantic_type,0.00641421075783
mdgnc_edge_failures,ESP + EW,10,2,100,f0_failure_rate.graph_1.edge_weight,0.1709923046378942
mdgnc_edge_failures,ESP + EW,10,2,100,f0_failure_rate.sizing,0.4628221255675819
mdgnc_edge_failures,ESP + EW,10,2,100,f0_failure_rate.interaction.graph_0_esp_semantic_type_graph_1_edge_weight,0.1743402254881407
mdgnc_edge_failures,ESP + EW,10,2,100,f0_failure_rate.interaction.graph_0_esp_semantic_type_sizing,0.1586656630153831
mdgnc_edge_failures,ESP + EW,10,2,100,f0_failure_rate.interaction.graph_1_edge_weight_sizing,0.0267654705331699
mdgnc_edge_failures,ESP + EW,10,2,100,f1_mass.graph_0.esp_semantic_type,0.0065280540131117
mdgnc_edge_failures,ESP + EW,10,2,100,f1_mass.graph_1.edge_weight,0.1729856051274643
mdgnc_edge_failures,ESP + EW,10,2,100,f1_mass.sizing,0.475463628398874
mdgnc_edge_failures,ESP + EW,10,2,100,f1_mass.interaction.graph_0_esp_semantic_type_graph_1_edge_weight,0.1750246077393889
mdgnc_edge_failures,ESP + EW,10,2,100,f1_mass.interaction.graph_0_esp_semantic_type_sizing,0.1526350453569203
mdgnc_edge_failures,ESP + EW,10,2,100,f1_mass.interaction.graph_1_edge_weight_sizing,0.0173630593642405
mdgnc_edge_failures,ESP + EW,10,2,125,f0_failure_rate.graph_0.esp_semantic_type,0.2047737509373035
mdgnc_edge_failures,ESP + EW,10,2,125,f0_failure_rate.graph_1.edge_weight,0.4932443196150122
mdgnc_edge_failures,ESP + EW,10,2,125,f0_failure_rate.sizing,0.002047737509373
mdgnc_edge_failures,ESP + EW,10,2,125,f0_failure_rate.interaction.graph_0_esp_semantic_type_graph_1_edge_weight,0.2885564780335157
mdgnc_edge_failures,ESP + EW,10,2,125,f0_failure_rate.interaction.graph_0_esp_semantic_type_sizing,0.0093299763954226
mdgnc_edge_failures,ESP + EW,10,2,125,f0_failure_rate.interaction.graph_1_edge_weight_sizing,0.002047737509373
mdgnc_edge_failures,ESP + EW,10,2,125,f1_mass.graph_0.esp_semantic_type,0.1868231777642566
mdgnc_edge_failures,ESP + EW,10,2,125,f1_mass.graph_1.edge_weight,0.3769247559916998
mdgnc_edge_failures,ESP + EW,10,2,125,f1_mass.sizing,0.4306473709111161
mdgnc_edge_failures,ESP + EW,10,2,125,f1_mass.interaction.graph_0_esp_semantic_type_graph_1_edge_weight,0.0018682317776425
mdgnc_edge_failures,ESP + EW,10,2,125,f1_mass.interaction.graph_0_esp_semantic_type_sizing,0.0018682317776425
mdgnc_edge_failures,ESP + EW,10,2,125,f1_mass.interaction.graph_1_edge_weight_sizing,0.0018682317776425
mdgnc_edge_failures,ESP + EW,10,2,150,f0_failure_rate.graph_0.esp_semantic_type,0.0034556563121239
mdgnc_edge_failures,ESP + EW,10,2,150,f0_failure_rate.graph_1.edge_weight,0.1065890569252735
mdgnc_edge_failures,ESP + EW,10,2,150,f0_failure_rate.sizing,0.1579420501115357
mdgnc_edge_failures,ESP + EW,10,2,150,f0_failure_rate.interaction.graph_0_esp_semantic_type_graph_1_edge_weight,0.2627752335191612
mdgnc_edge_failures,ESP + EW,10,2,150,f0_failure_rate.interaction.graph_0_esp_semantic_type_sizing,0.1423064890848131
mdgnc_edge_failures,ESP + EW,10,2,150,f0_failure_rate.interaction.graph_1_edge_weight_sizing,0.3269315140470925
mdgnc_edge_failures,ESP + EW,10,2,150,f1_mass.graph_0.esp_semantic_type,0.0030903904476942
mdgnc_edge_failures,ESP + EW,10,2,150,f1_mass.graph_1.edge_weight,0.2383468664948168
mdgnc_edge_failures,ESP + EW,10,2,150,f1_mass.sizing,0.1635675098052532
mdgnc_edge_failures,ESP + EW,10,2,150,f1_mass.interaction.graph_0_esp_semantic_type_graph_1_edge_weight,0.2916840750238882
mdgnc_edge_failures,ESP + EW,10,2,150,f1_mass.interaction.graph_0_esp_semantic_type_sizing,0.0462933064326761
mdgnc_edge_failures,ESP + EW,10,2,150,f1_mass.interaction.graph_1_edge_weight_sizing,0.2570178517956714
mdgnc_edge_failures,ESP + EW,10,2,175,f0_failure_rate.graph_0.esp_semantic_type,0.0034426418933184
mdgnc_edge_failures,ESP + EW,10,2,175,f0_failure_rate.graph_1.edge_weight,0.1066211118357214
mdgnc_edge_failures,ESP + EW,10,2,175,f0_failure_rate.sizing,0.1573156351194317
mdgnc_edge_failures,ESP + EW,10,2,175,f0_failure_rate.interaction.graph_0_esp_semantic_type_graph_1_edge_weight,0.2615151412536769
mdgnc_edge_failures,ESP + EW,10,2,175,f0_failure_rate.interaction.graph_0_esp_semantic_type_sizing,0.1444579038205076
mdgnc_edge_failures,ESP + EW,10,2,175,f0_failure_rate.interaction.graph_1_edge_weight_sizing,0.3266475660773438
mdgnc_edge_failures,ESP + EW,10,2,175,f1_mass.graph_0.esp_semantic_type,0.0033837752433393
mdgnc_edge_failures,ESP + EW,10,2,175,f1_mass.graph_1.edge_weight,0.111171594715068
mdgnc_edge_failures,ESP + EW,10,2,175,f1_mass.sizing,0.1668818941676946
mdgnc_edge_failures,ESP + EW,10,2,175,f1_mass.interaction.graph_0_esp_semantic_type_graph_1_edge_weight,0.2516694485075433
mdgnc_edge_failures,ESP + EW,10,2,175,f1_mass.interaction.graph_0_esp_semantic_type_sizing,0.1415161486565802
mdgnc_edge_failures,ESP + EW,10,2,175,f1_mass.interaction.graph_1_edge_weight_sizing,0.3253771387097743
mdgnc_edge_failures,ESP + EW,10,2,200,f0_failure_rate.graph_0.esp_semantic_type,0.0034620658955845
mdgnc_edge_failures,ESP + EW,10,2,200,f0_failure_rate.graph_1.edge_weight,0.1088927095741474
mdgnc_edge_failures,ESP + EW,10,2,200,f0_failure_rate.sizing,0.156115239439719
mdgnc_edge_failures,ESP + EW,10,2,200,f0_failure_rate.interaction.graph_0_esp_semantic_type_graph_1_edge_weight,0.2622310099171329
mdgnc_edge_failures,ESP + EW,10,2,200,f0_failure_rate.interaction.graph_0_esp_semantic_type_sizing,0.142145129362504
mdgnc_edge_failures,ESP + EW,10,2,200,f0_failure_rate.interaction.graph_1_edge_weight_sizing,0.3271538458109119
mdgnc_edge_failures,ESP + EW,10,2,200,f1_mass.graph_0.esp_semantic_type,0.003075438125203
mdgnc_edge_failures,ESP + EW,10,2,200,f1_mass.graph_1.edge_weight,0.2384628053766664
mdgnc_edge_failures,ESP + EW,10,2,200,f1_mass.sizing,0.1702469371154341
mdgnc_edge_failures,ESP + EW,10,2,200,f1_mass.interaction.graph_0_esp_semantic_type_graph_1_edge_weight,0.2761009716081103
mdgnc_edge_failures,ESP + EW,10,2,200,f1_mass.interaction.graph_0_esp_semantic_type_sizing,0.0539553663795074
mdgnc_edge_failures,ESP + EW,10,2,200,f1_mass.interaction.graph_1_edge_weight_sizing,0.2581584813950787
mdgnc_edge_failures,ESP + EW,10,2,225,f0_failure_rate.graph_0.esp_semantic_type,0.0034372372769098
mdgnc_edge_failures,ESP + EW,10,2,225,f0_failure_rate.graph_1.edge_weight,0.1071116073452097
mdgnc_edge_failures,ESP + EW,10,2,225,f0_failure_rate.sizing,0.1568369935699611
mdgnc_edge_failures,ESP + EW,10,2,225,f0_failure_rate.interaction.graph_0_esp_semantic_type_graph_1_edge_weight,0.2608948040616724
mdgnc_edge_failures,ESP + EW,10,2,225,f0_failure_rate.interaction.graph_0_esp_semantic_type_sizing,0.1444258734113833
mdgnc_edge_failures,ESP + EW,10,2,225,f0_failure_rate.interaction.graph_1_edge_weight_sizing,0.3272934843348635
mdgnc_edge_failures,ESP + EW,10,2,225,f1_mass.graph_0.esp_semantic_type,0.0034367095496919
mdgnc_edge_failures,ESP + EW,10,2,225,f1_mass.graph_1.edge_weight,0.1056920118543301
mdgnc_edge_failures,ESP + EW,10,2,225,f1_mass.sizing,0.159335028840049
mdgnc_edge_failures,ESP + EW,10,2,225,f1_mass.interaction.graph_0_esp_semantic_type_graph_1_edge_weight,0.2626795972736488
mdgnc_edge_failures,ESP + EW,10,2,225,f1_mass.interaction.graph_0_esp_semantic_type_sizing,0.1454898636703129
mdgnc_edge_failures,ESP + EW,10,2,225,f1_mass.interaction.graph_1_edge_weight_sizing,0.323366788811967
mdgnc_edge_failures,ESP + EW,10,2,250,f0_failure_rate.graph_0.esp_semantic_type,0.0034511579869066
mdgnc_edge_failures,ESP + EW,10,2,250,f0_failure_rate.graph_1.edge_weight,0.1080014916612928
mdgnc_edge_failures,ESP + EW,10,2,250,f0_failure_rate.sizing,0.1558482550865108
mdgnc_edge_failures,ESP + EW,10,2,250,f0_failure_rate.interaction.graph_0_esp_semantic_type_graph_1_edge_weight,0.2616882962095258
mdgnc_edge_failures,ESP + EW,10,2,250,f0_failure_rate.interaction.graph_0_esp_semantic_type_sizing,0.1441007116422161
mdgnc_edge_failures,ESP + EW,10,2,250,f0_failure_rate.interaction.graph_1_edge_weight_sizing,0.3269100874135477
mdgnc_edge_failures,ESP + EW,10,2,250,f1_mass.graph_0.esp_semantic_type,0.0030705797873205
mdgnc_edge_failures,ESP + EW,10,2,250,f1_mass.graph_1.edge_weight,0.2402901162443853
mdgnc_edge_failures,ESP + EW,10,2,250,f1_mass.sizing,0.167546597243395
mdgnc_edge_failures,ESP + EW,10,2,250,f1_mass.interaction.graph_0_esp_semantic_type_graph_1_edge_weight,0.2813076393516706
mdgnc_edge_failures,ESP + EW,10,2,250,f1_mass.interaction.graph_0_esp_semantic_type_sizing,0.0479578774700333
mdgnc_edge_failures,ESP + EW,10,2,250,f1_mass.interaction.graph_1_edge_weight_sizing,0.2598271899031951
mdgnc_edge_failures,ESP + EW,10,2,275,f0_failure_rate.graph_0.esp_semantic_type,0.1721072241862318
mdgnc_edge_failures,ESP + EW,10,2,275,f0_failure_rate.graph_1.edge_weight,0.2965628631551359
mdgnc_edge_failures,ESP + EW,10,2,275,f0_failure_rate.sizing,0.1289961240601499
mdgnc_edge_failures,ESP + EW,10,2,275,f0_failure_rate.interaction.graph_0_esp_semantic_type_graph_1_edge_weight,0.1594896836212933
mdgnc_edge_failures,ESP + EW,10,2,275,f0_failure_rate.interaction.graph_0_esp_semantic_type_sizing,0.2275313273348773
mdgnc_edge_failures,ESP + EW,10,2,275,f0_failure_rate.interaction.graph_1_edge_weight_sizing,0.0153127776423113
mdgnc_edge_failures,ESP + EW,10,2,275,f1_mass.graph_0.esp_semantic_type,0.1324114780994019
mdgnc_edge_failures,ESP + EW,10,2,275,f1_mass.graph_1.edge_weight,0.2885785593568586
mdgnc_edge_failures,ESP + EW,10,2,275,f1_mass.sizing,0.3342369813372981
mdgnc_edge_failures,ESP + EW,10,2,275,f1_mass.interaction.graph_0_esp_semantic_type_graph_1_edge_weight,0.001324114780994
mdgnc_edge_failures,ESP + EW,10,2,275,f1_mass.interaction.graph_0_esp_semantic_type_sizing,0.001324114780994
mdgnc_edge_failures,ESP + EW,10,2,275,f1_mass.interaction.graph_1_edge_weight_sizing,0.2421247516444532
mdgnc_edge_failures,ESP + EW,10,2,300,f0_failure_rate.graph_0.esp_semantic_type,0.231551484084825
mdgnc_edge_failures,ESP + EW,10,2,300,f0_failure_rate.graph_1.edge_weight,0.2745651318870714
mdgnc_edge_failures,ESP + EW,10,2,300,f0_failure_rate.sizing,0.0023155148408482
mdgnc_edge_failures,ESP + EW,10,2,300,f0_failure_rate.interaction.graph_0_esp_semantic_type_graph_1_edge_weight,0.2923813584563411
mdgnc_edge_failures,ESP + EW,10,2,300,f0_failure_rate.interaction.graph_0_esp_semantic_type_sizing,0.1910071557044628
mdgnc_edge_failures,ESP + EW,10,2,300,f0_failure_rate.interaction.graph_1_edge_weight_sizing,0.0081793550264515
mdgnc_edge_failures,ESP + EW,10,2,300,f1_mass.graph_0.esp_semantic_type,0.1318843653004232
mdgnc_edge_failures,ESP + EW,10,2,300,f1_mass.graph_1.edge_weight,0.2348598304199937
mdgnc_edge_failures,ESP + EW,10,2,300,f1_mass.sizing,0.393123655483421
mdgnc_edge_failures,ESP + EW,10,2,300,f1_mass.interaction.graph_0_esp_semantic_type_graph_1_edge_weight,0.0013188436530042
mdgnc_edge_failures,ESP + EW,10,2,300,f1_mass.interaction.graph_0_esp_semantic_type_sizing,0.0013188436530042
mdgnc_edge_failures,ESP + EW,10,2,300,f1_mass.interaction.graph_1_edge_weight_sizing,0.2374944614901537
mdgnc_edge_failures,ESP + EW,10,3,25,f0_failure_rate.graph_0.esp_semantic_type,0.1979443880287802
mdgnc_edge_failures,ESP + EW,10,3,25,f0_failure_rate.graph_1.edge_weight,0.5229450439880964
mdgnc_edge_failures,ESP + EW,10,3,25,f0_failure_rate.sizing,0.0022648858416765
mdgnc_edge_failures,ESP + EW,10,3,25,f0_failure_rate.interaction.graph_0_esp_semantic_type_graph_1_edge_weight,0.2557689443313075
mdgnc_edge_failures,ESP + EW,10,3,25,f0_failure_rate.interaction.graph_0_esp_semantic_type_sizing,0.0019794438802877
mdgnc_edge_failures,ESP + EW,10,3,25,f0_failure_rate.interaction.graph_1_edge_weight_sizing,0.0190972939298514
mdgnc_edge_failures,ESP + EW,10,3,25,f1_mass.graph_0.esp_semantic_type,0.1414103439849793
mdgnc_edge_failures,ESP + EW,10,3,25,f1_mass.graph_1.edge_weight,0.2537713990308413
mdgnc_edge_failures,ESP + EW,10,3,25,f1_mass.sizing,0.0602523109337328
mdgnc_edge_failures,ESP + EW,10,3,25,f1_mass.interaction.graph_0_esp_semantic_type_graph_1_edge_weight,0.1773158581045724
mdgnc_edge_failures,ESP + EW,10,3,25,f1_mass.interaction.graph_0_esp_semantic_type_sizing,0.2694973960053329
mdgnc_edge_failures,ESP + EW,10,3,25,f1_mass.interaction.graph_1_edge_weight_sizing,0.0977526919405411
mdgnc_edge_failures,ESP + EW,10,3,50,f0_failure_rate.graph_0.esp_semantic_type,0.1674939033060246
mdgnc_edge_failures,ESP + EW,10,3,50,f0_failure_rate.graph_1.edge_weight,0.376367731761094
mdgnc_edge_failures,ESP + EW,10,3,50,f0_failure_rate.sizing,0.0205529779106899
mdgnc_edge_failures,ESP + EW,10,3,50,f0_failure_rate.interaction.graph_0_esp_semantic_type_graph_1_edge_weight,0.3593319786039545
mdgnc_edge_failures,ESP + EW,10,3,50,f0_failure_rate.interaction.graph_0_esp_semantic_type_sizing,0.0028038456576488
mdgnc_edge_failures,ESP + EW,10,3,50,f0_failure_rate.interaction.graph_1_edge_weight_sizing,0.073449562760588
mdgnc_edge_failures,ESP + EW,10,3,50,f1_mass.graph_0.esp_semantic_type,0.1198561220462203
mdgnc_edge_failures,ESP + EW,10,3,50,f1_mass.graph_1.edge_weight,0.3128138867364287
mdgnc_edge_failures,ESP + EW,10,3,50,f1_mass.sizing,0.1818772073164276
mdgnc_edge_failures,ESP + EW,10,3,50,f1_mass.interaction.graph_0_esp_semantic_type_graph_1_edge_weight,0.1617814543270708
mdgnc_edge_failures,ESP + EW,10,3,50,f1_mass.interaction.graph_0_esp_semantic_type_sizing,0.0011985612204622
mdgnc_edge_failures,ESP + EW,10,3,50,f1_mass.interaction.graph_1_edge_weight_sizing,0.2224727683533902
mdgnc_edge_failures,ESP + EW,10,3,75,f0_failure_rate.graph_0.esp_semantic_type,0.1502693060574423
mdgnc_edge_failures,ESP + EW,10,3,75,f0_failure_rate.graph_1.edge_weight,0.2187174856924574
mdgnc_edge_failures,ESP + EW,10,3,75,f0_failure_rate.sizing,0.0971597825442495
mdgnc_edge_failures,ESP + EW,10,3,75,f0_failure_rate.interaction.graph_0_esp_semantic_type_graph_1_edge_weight,0.372681546487577
mdgnc_edge_failures,ESP + EW,10,3,75,f0_failure_rate.interaction.graph_0_esp_semantic_type_sizing,0.006586722887307
mdgnc_edge_failures,ESP + EW,10,3,75,f0_failure_rate.interaction.graph_1_edge_weight_sizing,0.1545851563309666
mdgnc_edge_failures,ESP + EW,10,3,75,f1_mass.graph_0.esp_semantic_type,0.1074467207900112
mdgnc_edge_failures,ESP + EW,10,3,75,f1_mass.graph_1.edge_weight,0.2718054847697155
mdgnc_edge_failures,ESP + EW,10,3,75,f1_mass.sizing,0.2959614855784319
mdgnc_edge_failures,ESP + EW,10,3,75,f1_mass.interaction.graph_0_esp_semantic_type_graph_1_edge_weight,0.099182209507998
mdgnc_edge_failures,ESP + EW,10,3,75,f1_mass.interaction.graph_0_esp_semantic_type_sizing,0.0010744672079001
mdgnc_edge_failures,ESP + EW,10,3,75,f1_mass.interaction.graph_1_edge_weight_sizing,0.2245296321459432
mdgnc_edge_failures,ESP + EW,10,3,100,f0_failure_rate.graph_0.esp_semantic_type,0.1880376276923807
mdgnc_edge_failures,ESP + EW,10,3,100,f0_failure_rate.graph_1.edge_weight,0.3515538064409541
mdgnc_edge_failures,ESP + EW,10,3,100,f0_failure_rate.sizing,0.0588504223781647
mdgnc_edge_failures,ESP + EW,10,3,100,f0_failure_rate.interaction.graph_0_esp_semantic_type_graph_1_edge_weight,0.2840082415487047
mdgnc_edge_failures,ESP + EW,10,3,100,f0_failure_rate.interaction.graph_0_esp_semantic_type_sizing,0.1156695256628719
mdgnc_edge_failures,ESP + EW,10,3,100,f0_failure_rate.interaction.graph_1_edge_weight_sizing,0.0018803762769238
mdgnc_edge_failures,ESP + EW,10,3,100,f1_mass.graph_0.esp_semantic_type,0.1333083473724092
mdgnc_edge_failures,ESP + EW,10,3,100,f1_mass.graph_1.edge_weight,0.2903318446663325
mdgnc_edge_failures,ESP + EW,10,3,100,f1_mass.sizing,0.3355320993670399
mdgnc_edge_failures,ESP + EW,10,3,100,f1_mass.interaction.graph_0_esp_semantic_type_graph_1_edge_weight,0.006977307913553
mdgnc_edge_failures,ESP + EW,10,3,100,f1_mass.interaction.graph_0_esp_semantic_type_sizing,0.001333083473724
mdgnc_edge_failures,ESP + EW,10,3,100,f1_mass.interaction.graph_1_edge_weight_sizing,0.2325173172069412
mdgnc_edge_failures,ESP + EW,10,3,125,f0_failure_rate.graph_0.esp_semantic_type,0.0061683534994432
mdgnc_edge_failures,ESP + EW,10,3,125,f0_failure_rate.graph_1.edge_weight,0.1824044849933835
mdgnc_edge_failures,ESP + EW,10,3,125,f0_failure_rate.sizing,0.4443249171188644
mdgnc_edge_failures,ESP + EW,10,3,125,f0_failure_rate.interaction.graph_0_esp_semantic_type_graph_1_edge_weight,0.1800161191609942
mdgnc_edge_failures,ESP + EW,10,3,125,f0_failure_rate.interaction.graph_0_esp_semantic_type_sizing,0.1483441166813067
mdgnc_edge_failures,ESP + EW,10,3,125,f0_failure_rate.interaction.graph_1_edge_weight_sizing,0.0387420085460075
mdgnc_edge_failures,ESP + EW,10,3,125,f1_mass.graph_0.esp_semantic_type,0.0030561751256571
mdgnc_edge_failures,ESP + EW,10,3,125,f1_mass.graph_1.edge_weight,0.2417415745575403
mdgnc_edge_failures,ESP + EW,10,3,125,f1_mass.sizing,0.1662965577663381
mdgnc_edge_failures,ESP + EW,10,3,125,f1_mass.interaction.graph_0_esp_semantic_type_graph_1_edge_weight,0.2792921799622455
mdgnc_edge_failures,ESP + EW,10,3,125,f1_mass.interaction.graph_0_esp_semantic_type_sizing,0.0463988047214139
mdgnc_edge_failures,ESP + EW,10,3,125,f1_mass.interaction.graph_1_edge_weight_sizing,0.2632147078668049
mdgnc_edge_failures,ESP + EW,10,3,150,f0_failure_rate.graph_0.esp_semantic_type,0.2831084019765129
mdgnc_edge_failures,ESP + EW,10,3,150,f0_failure_rate.graph_1.edge_weight,0.3204637256239258
mdgnc_edge_failures,ESP + EW,10,3,150,f0_failure_rate.sizing,0.0031044463850288
mdgnc_edge_failures,ESP + EW,10,3,150,f0_failure_rate.interaction.graph_0_esp_semantic_type_graph_1_edge_weight,0.308075659092286
mdgnc_edge_failures,ESP + EW,10,3,150,f0_failure_rate.interaction.graph_0_esp_semantic_type_sizing,0.0813927664010449
mdgnc_edge_failures,ESP + EW,10,3,150,f0_failure_rate.interaction.graph_1_edge_weight_sizing,0.0038550005212015
mdgnc_edge_failures,ESP + EW,10,3,150,f1_mass.graph_0.esp_semantic_type,0.143425923858692
mdgnc_edge_failures,ESP + EW,10,3,150,f1_mass.graph_1.edge_weight,0.1766945915280557
mdgnc_edge_failures,ESP + EW,10,3,150,f1_mass.sizing,0.403313699676315
mdgnc_edge_failures,ESP + EW,10,3,150,f1_mass.interaction.graph_0_esp_semantic_type_graph_1_edge_weight,0.0014342592385869
mdgnc_edge_failures,ESP + EW,10,3,150,f1_mass.interaction.graph_0_esp_semantic_type_sizing,0.0014342592385869
mdgnc_edge_failures,ESP + EW,10,3,150,f1_mass.interaction.graph_1_edge_weight_sizing,0.2736972664597634
mdgnc_edge_failures,ESP + EW,10,3,175,f0_failure_rate.graph_0.esp_semantic_type,0.2369242026006039
mdgnc_edge_failures,ESP + EW,10,3,175,f0_failure_rate.graph_1.edge_weight,0.4143918805993257
mdgnc_edge_failures,ESP + EW,10,3,175,f0_failure_rate.sizing,0.0088885158052683
mdgnc_edge_failures,ESP + EW,10,3,175,f0_failure_rate.interaction.graph_0_esp_semantic_type_graph_1_edge_weight,0.3093719263269003
mdgnc_edge_failures,ESP + EW,10,3,175,f0_failure_rate.interaction.graph_0_esp_semantic_type_sizing,0.0280542326418955
mdgnc_edge_failures,ESP + EW,10,3,175,f0_failure_rate.interaction.graph_1_edge_weight_sizing,0.002369242026006
mdgnc_edge_failures,ESP + EW,10,3,175,f1_mass.graph_0.esp_semantic_type,0.1930382097040294
mdgnc_edge_failures,ESP + EW,10,3,175,f1_mass.graph_1.edge_weight,0.3477519644163311
mdgnc_edge_failures,ESP + EW,10,3,175,f1_mass.sizing,0.4534186795885188
mdgnc_edge_failures,ESP + EW,10,3,175,f1_mass.interaction.graph_0_esp_semantic_type_graph_1_edge_weight,0.0019303820970402
mdgnc_edge_failures,ESP + EW,10,3,175,f1_mass.interaction.graph_0_esp_semantic_type_sizing,0.0019303820970402
mdgnc_edge_failures,ESP + EW,10,3,175,f1_mass.interaction.graph_1_edge_weight_sizing,0.0019303820970402
mdgnc_edge_failures,ESP + EW,10,3,200,f0_failure_rate.graph_0.esp_semantic_type,0.0034267162451367
mdgnc_edge_failures,ESP + EW,10,3,200,f0_failure_rate.graph_1.edge_weight,0.1089567111560632
mdgnc_edge_failures,ESP + EW,10,3,200,f0_failure_rate.sizing,0.1556434119002177
mdgnc_edge_failures,ESP + EW,10,3,200,f0_failure_rate.interaction.graph_0_esp_semantic_type_graph_1_edge_weight,0.2622154745547629
mdgnc_edge_failures,ESP + EW,10,3,200,f0_failure_rate.interaction.graph_0_esp_semantic_type_sizing,0.1429283386937682
mdgnc_edge_failures,ESP + EW,10,3,200,f0_failure_rate.interaction.graph_1_edge_weight_sizing,0.3268293474500512
mdgnc_edge_failures,ESP + EW,10,3,200,f1_mass.graph_0.esp_semantic_type,0.0030355711726288
mdgnc_edge_failures,ESP + EW,10,3,200,f1_mass.graph_1.edge_weight,0.2445660249103211
mdgnc_edge_failures,ESP + EW,10,3,200,f1_mass.sizing,0.1750691087749686
mdgnc_edge_failures,ESP + EW,10,3,200,f1_mass.interaction.graph_0_esp_semantic_type_graph_1_edge_weight,0.2759101447738225
mdgnc_edge_failures,ESP + EW,10,3,200,f1_mass.interaction.graph_0_esp_semantic_type_sizing,0.0548684132258019
mdgnc_edge_failures,ESP + EW,10,3,200,f1_mass.interaction.graph_1_edge_weight_sizing,0.2465507371424571
mdgnc_edge_failures,ESP + EW,10,3,225,f0_failure_rate.graph_0.esp_semantic_type,0.003444327390359
mdgnc_edge_failures,ESP + EW,10,3,225,f0_failure_rate.graph_1.edge_weight,0.1067183892096423
mdgnc_edge_failures,ESP + EW,10,3,225,f0_failure_rate.sizing,0.1574946013966688
mdgnc_edge_failures,ESP + EW,10,3,225,f0_failure_rate.interaction.graph_0_esp_semantic_type_graph_1_edge_weight,0.2612766703088492
mdgnc_edge_failures,ESP + EW,10,3,225,f0_failure_rate.interaction.graph_0_esp_semantic_type_sizing,0.1436079138440367
mdgnc_edge_failures,ESP + EW,10,3,225,f0_failure_rate.interaction.graph_1_edge_weight_sizing,0.3274580978504438
mdgnc_edge_failures,ESP + EW,10,3,225,f1_mass.graph_0.esp_semantic_type,0.0030804208827811
mdgnc_edge_failures,ESP + EW,10,3,225,f1_mass.graph_1.edge_weight,0.2384812031011509
mdgnc_edge_failures,ESP + EW,10,3,225,f1_mass.sizing,0.1677863338210041
mdgnc_edge_failures,ESP + EW,10,3,225,f1_mass.interaction.graph_0_esp_semantic_type_graph_1_edge_weight,0.2827556804519652
mdgnc_edge_failures,ESP + EW,10,3,225,f1_mass.interaction.graph_0_esp_semantic_type_sizing,0.0498199998332946
mdgnc_edge_failures,ESP + EW,10,3,225,f1_mass.interaction.graph_1_edge_weight_sizing,0.258076361909804
mdgnc_edge_failures,ESP + EW,10,3,250,f0_failure_rate.graph_0.esp_semantic_type,0.0030599776413059
mdgnc_edge_failures,ESP + EW,10,3,250,f0_failure_rate.graph_1.edge_weight,0.2405580661201572
mdgnc_edge_failures,ESP + EW,10,3,250,f0_failure_rate.sizing,0.1685070516345143
mdgnc_edge_failures,ESP + EW,10,3,250,f0_failure_rate.interaction.graph_0_esp_semantic_type_graph_1_edge_weight,0.2782292637659143
mdgnc_edge_failures,ESP + EW,10,3,250,f0_failure_rate.interaction.graph_0_esp_semantic_type_sizing,0.0527799258889283
mdgnc_edge_failures,ESP + EW,10,3,250,f0_failure_rate.interaction.graph_1_edge_weight_sizing,0.2568657149491796
mdgnc_edge_failures,ESP + EW,10,3,250,f1_mass.graph_0.esp_semantic_type,0.0030588503941106
mdgnc_edge_failures,ESP + EW,10,3,250,f1_mass.graph_1.edge_weight,0.2402978587726031
mdgnc_edge_failures,ESP + EW,10,3,250,f1_mass.sizing,0.168620472774344
mdgnc_edge_failures,ESP + EW,10,3,250,f1_mass.interaction.graph_0_esp_semantic_type_graph_1_edge_weight,0.2780385134467019
mdgnc_edge_failures,ESP + EW,10,3,250,f1_mass.interaction.graph_0_esp_semantic_type_sizing,0.0515293150361293
mdgnc_edge_failures,ESP + EW,10,3,250,f1_mass.interaction.graph_1_edge_weight_sizing,0.2584549895761108
mdgnc_edge_failures,ESP + EW,10,3,275,f0_failure_rate.graph_0.esp_semantic_type,0.2118264021144775
mdgnc_edge_failures,ESP + EW,10,3,275,f0_failure_rate.graph_1.edge_weight,0.3609217178191274
mdgnc_edge_failures,ESP + EW,10,3,275,f0_failure_rate.sizing,0.0686395387513312
mdgnc_edge_failures,ESP + EW,10,3,275,f0_failure_rate.interaction.graph_0_esp_semantic_type_graph_1_edge_weight,0.2807307728542602
mdgnc_edge_failures,ESP + EW,10,3,275,f0_failure_rate.interaction.graph_0_esp_semantic_type_sizing,0.0709630157591525
mdgnc_edge_failures,ESP + EW,10,3,275,f0_failure_rate.interaction.graph_1_edge_weight_sizing,0.0069185527016509
mdgnc_edge_failures,ESP + EW,10,3,275,f1_mass.graph_0.esp_semantic_type,0.153452798189755
mdgnc_edge_failures,ESP + EW,10,3,275,f1_mass.graph_1.edge_weight,0.3641681434880634
mdgnc_edge_failures,ESP + EW,10,3,275,f1_mass.sizing,0.3709884611747538
mdgnc_edge_failures,ESP + EW,10,3,275,f1_mass.interaction.graph_0_esp_semantic_type_graph_1_edge_weight,0.0015345279818975
mdgnc_edge_failures,ESP + EW,10,3,275,f1_mass.interaction.graph_0_esp_semantic_type_sizing,0.0015345279818975
mdgnc_edge_failures,ESP + EW,10,3,275,f1_mass.interaction.graph_1_edge_weight_sizing,0.1083215411836326
mdgnc_edge_failures,ESP + EW,10,3,300,f0_failure_rate.graph_0.esp_semantic_type,0.2382176911611674
mdgnc_edge_failures,ESP + EW,10,3,300,f0_failure_rate.graph_1.edge_weight,0.4416577883316734
mdgnc_edge_failures,ESP + EW,10,3,300,f0_failure_rate.sizing,0.0023821769116116
mdgnc_edge_failures,ESP + EW,10,3,300,f0_failure_rate.interaction.graph_0_esp_semantic_type_graph_1_edge_weight,0.2687394015494191
mdgnc_edge_failures,ESP + EW,10,3,300,f0_failure_rate.interaction.graph_0_esp_semantic_type_sizing,0.0466207651345168
mdgnc_edge_failures,ESP + EW,10,3,300,f0_failure_rate.interaction.graph_1_edge_weight_sizing,0.0023821769116116
mdgnc_edge_failures,ESP + EW,10,3,300,f1_mass.graph_0.esp_semantic_type,0.1929176630416611
mdgnc_edge_failures,ESP + EW,10,3,300,f1_mass.graph_1.edge_weight,0.3001019466768065
mdgnc_edge_failures,ESP + EW,10,3,300,f1_mass.sizing,0.5011928603902827
mdgnc_edge_failures,ESP + EW,10,3,300,f1_mass.interaction.graph_0_esp_semantic_type_graph_1_edge_weight,0.0019291766304166
mdgnc_edge_failures,ESP + EW,10,3,300,f1_mass.interaction.graph_0_esp_semantic_type_sizing,0.0019291766304166
mdgnc_edge_failures,ESP + EW,10,3,300,f1_mass.interaction.graph_1_edge_weight_sizing,0.0019291766304166
mdgnc_edge_failures,ESP + EW,10,4,25,f0_failure_rate.graph_0.esp_semantic_type,0.1713628950391983
mdgnc_edge_failures,ESP + EW,10,4,25,f0_failure_rate.graph_1.edge_weight,0.4159300244036661
mdgnc_edge_failures,ESP + EW,10,4,25,f0_failure_rate.sizing,0.0017136289503919
mdgnc_edge_failures,ESP + EW,10,4,25,f0_failure_rate.interaction.graph_0_esp_semantic_type_graph_1_edge_weight,0.3991918961835848
mdgnc_edge_failures,ESP + EW,10,4,25,f0_failure_rate.interaction.graph_0_esp_semantic_type_sizing,0.0100879264727665
mdgnc_edge_failures,ESP + EW,10,4,25,f0_failure_rate.interaction.graph_1_edge_weight_sizing,0.0017136289503919
mdgnc_edge_failures,ESP + EW,10,4,25,f1_mass.graph_0.esp_semantic_type,0.1365751788962739
mdgnc_edge_failures,ESP + EW,10,4,25,f1_mass.graph_1.edge_weight,0.3503603169079201
mdgnc_edge_failures,ESP + EW,10,4,25,f1_mass.sizing,0.1976840783643996
mdgnc_edge_failures,ESP + EW,10,4,25,f1_mass.interaction.graph_0_esp_semantic_type_graph_1_edge_weight,0.2454413588705617
mdgnc_edge_failures,ESP + EW,10,4,25,f1_mass.interaction.graph_0_esp_semantic_type_sizing,0.0013657517889627
mdgnc_edge_failures,ESP + EW,10,4,25,f1_mass.interaction.graph_1_edge_weight_sizing,0.0685733151718818
mdgnc_edge_failures,ESP + EW,10,4,50,f0_failure_rate.graph_0.esp_semantic_type,0.1685980482033534
mdgnc_edge_failures,ESP + EW,10,4,50,f0_failure_rate.graph_1.edge_weight,0.4524943567580944
mdgnc_edge_failures,ESP + EW,10,4,50,f0_failure_rate.sizing,0.0016859804820335
mdgnc_edge_failures,ESP + EW,10,4,50,f0_failure_rate.interaction.graph_0_esp_semantic_type_graph_1_edge_weight,0.3738496535924516
mdgnc_edge_failures,ESP + EW,10,4,50,f0_failure_rate.interaction.graph_0_esp_semantic_type_sizing,0.0016859804820335
mdgnc_edge_failures,ESP + EW,10,4,50,f0_failure_rate.interaction.graph_1_edge_weight_sizing,0.0016859804820335
mdgnc_edge_failures,ESP + EW,10,4,50,f1_mass.graph_0.esp_semantic_type,0.0872535399636675
mdgnc_edge_failures,ESP + EW,10,4,50,f1_mass.graph_1.edge_weight,0.3847350215244607
mdgnc_edge_failures,ESP + EW,10,4,50,f1_mass.sizing,0.2021982378305547
mdgnc_edge_failures,ESP + EW,10,4,50,f1_mass.interaction.graph_0_esp_semantic_type_graph_1_edge_weight,0.1502080132116283
mdgnc_edge_failures,ESP + EW,10,4,50,f1_mass.interaction.graph_0_esp_semantic_type_sizing,0.0008725353996366
mdgnc_edge_failures,ESP + EW,10,4,50,f1_mass.interaction.graph_1_edge_weight_sizing,0.1747326520700519
mdgnc_edge_failures,ESP + EW,10,4,75,f0_failure_rate.graph_0.esp_semantic_type,0.215623239838833
mdgnc_edge_failures,ESP + EW,10,4,75,f0_failure_rate.graph_1.edge_weight,0.1209781827707652
mdgnc_edge_failures,ESP + EW,10,4,75,f0_failure_rate.sizing,0.0028054738662214
mdgnc_edge_failures,ESP + EW,10,4,75,f0_failure_rate.interaction.graph_0_esp_semantic_type_graph_1_edge_weight,0.3900769218304933
mdgnc_edge_failures,ESP + EW,10,4,75,f0_failure_rate.interaction.graph_0_esp_semantic_type_sizing,0.2683599492952986
mdgnc_edge_failures,ESP + EW,10,4,75,f0_failure_rate.interaction.graph_1_edge_weight_sizing,0.0021562323983883
mdgnc_edge_failures,ESP + EW,10,4,75,f1_mass.graph_0.esp_semantic_type,0.1375872786530928
mdgnc_edge_failures,ESP + EW,10,4,75,f1_mass.graph_1.edge_weight,0.0676209943404452
mdgnc_edge_failures,ESP + EW,10,4,75,f1_mass.sizing,0.4274448865796648
mdgnc_edge_failures,ESP + EW,10,4,75,f1_mass.interaction.graph_0_esp_semantic_type_graph_1_edge_weight,0.0013758727865309
mdgnc_edge_failures,ESP + EW,10,4,75,f1_mass.interaction.graph_0_esp_semantic_type_sizing,0.0013758727865309
mdgnc_edge_failures,ESP + EW,10,4,75,f1_mass.interaction.graph_1_edge_weight_sizing,0.3645950948537353
mdgnc_edge_failures,ESP + EW,10,4,100,f0_failure_rate.graph_0.esp_semantic_type,0.3358342974587888
mdgnc_edge_failures,ESP + EW,10,4,100,f0_failure_rate.graph_1.edge_weight,0.3751187911731808
mdgnc_edge_failures,ESP + EW,10,4,100,f0_failure_rate.sizing,0.0033583429745878
mdgnc_edge_failures,ESP + EW,10,4,100,f0_failure_rate.interaction.graph_0_esp_semantic_type_graph_1_edge_weight,0.2165785144242167
mdgnc_edge_failures,ESP + EW,10,4,100,f0_failure_rate.interaction.graph_0_esp_semantic_type_sizing,0.0657517109946378
mdgnc_edge_failures,ESP + EW,10,4,100,f0_failure_rate.interaction.graph_1_edge_weight_sizing,0.0033583429745878
mdgnc_edge_failures,ESP + EW,10,4,100,f1_mass.graph_0.esp_semantic_type,0.1706829938091117
mdgnc_edge_failures,ESP + EW,10,4,100,f1_mass.graph_1.edge_weight,0.2488652204465792
mdgnc_edge_failures,ESP + EW,10,4,100,f1_mass.sizing,0.3607115278364484
mdgnc_edge_failures,ESP + EW,10,4,100,f1_mass.interaction.graph_0_esp_semantic_type_graph_1_edge_weight,0.0017068299380911
mdgnc_edge_failures,ESP + EW,10,4,100,f1_mass.interaction.graph_0_esp_semantic_type_sizing,0.0017068299380911
mdgnc_edge_failures,ESP + EW,10,4,100,f1_mass.interaction.graph_1_edge_weight_sizing,0.2163265980316783
mdgnc_edge_failures,ESP + EW,10,4,125,f0_failure_rate.graph_0.esp_semantic_type,0.2520423483261353
mdgnc_edge_failures,ESP + EW,10,4,125,f0_failure_rate.graph_1.edge_weight,0.3401208642577703
mdgnc_edge_failures,ESP + EW,10,4,125,f0_failure_rate.sizing,0.016030667345038
mdgnc_edge_failures,ESP + EW,10,4,125,f0_failure_rate.interaction.graph_0_esp_semantic_type_graph_1_edge_weight,0.1443954993554553
mdgnc_edge_failures,ESP + EW,10,4,125,f0_failure_rate.interaction.graph_0_esp_semantic_type_sizing,0.0025204234832613
mdgnc_edge_failures,ESP + EW,10,4,125,f0_failure_rate.interaction.graph_1_edge_weight_sizing,0.2448901972323397
mdgnc_edge_failures,ESP + EW,10,4,125,f1_mass.graph_0.esp_semantic_type,0.1445304881431547
mdgnc_edge_failures,ESP + EW,10,4,125,f1_mass.graph_1.edge_weight,0.2918204595426031
mdgnc_edge_failures,ESP + EW,10,4,125,f1_mass.sizing,0.1554548595515265
mdgnc_edge_failures,ESP + EW,10,4,125,f1_mass.interaction.graph_0_esp_semantic_type_graph_1_edge_weight,0.0014453048814315
mdgnc_edge_failures,ESP + EW,10,4,125,f1_mass.interaction.graph_0_esp_semantic_type_sizing,0.0014453048814315
mdgnc_edge_failures,ESP + EW,10,4,125,f1_mass.interaction.graph_1_edge_weight_sizing,0.4053035829998526
mdgnc_edge_failures,ESP + EW,10,4,150,f0_failure_rate.graph_0.esp_semantic_type,0.0034414166725005
mdgnc_edge_failures,ESP + EW,10,4,150,f0_failure_rate.graph_1.edge_weight,0.1067061850446551
mdgnc_edge_failures,ESP + EW,10,4,150,f0_failure_rate.sizing,0.1585576422486892
mdgnc_edge_failures,ESP + EW,10,4,150,f0_failure_rate.interaction.graph_0_esp_semantic_type_graph_1_edge_weight,0.2611464805391528
mdgnc_edge_failures,ESP + EW,10,4,150,f0_failure_rate.interaction.graph_0_esp_semantic_type_sizing,0.1427590207426521
mdgnc_edge_failures,ESP + EW,10,4,150,f0_failure_rate.interaction.graph_1_edge_weight_sizing,0.3273892547523501
mdgnc_edge_failures,ESP + EW,10,4,150,f1_mass.graph_0.esp_semantic_type,0.0030762372519877
mdgnc_edge_failures,ESP + EW,10,4,150,f1_mass.graph_1.edge_weight,0.2375226930569552
mdgnc_edge_failures,ESP + EW,10,4,150,f1_mass.sizing,0.1711811443555357
mdgnc_edge_failures,ESP + EW,10,4,150,f1_mass.interaction.graph_0_esp_semantic_type_graph_1_edge_weight,0.2780221565178812
mdgnc_edge_failures,ESP + EW,10,4,150,f1_mass.interaction.graph_0_esp_semantic_type_sizing,0.0552744938677936
mdgnc_edge_failures,ESP + EW,10,4,150,f1_mass.interaction.graph_1_edge_weight_sizing,0.2549232749498463
mdgnc_edge_failures,ESP + EW,10,4,175,f0_failure_rate.graph_0.esp_semantic_type,0.2467684515647769
mdgnc_edge_failures,ESP + EW,10,4,175,f0_failure_rate.graph_1.edge_weight,0.3178950825228631
mdgnc_edge_failures,ESP + EW,10,4,175,f0_failure_rate.sizing,0.0108015272296185
mdgnc_edge_failures,ESP + EW,10,4,175,f0_failure_rate.interaction.graph_0_esp_semantic_type_graph_1_edge_weight,0.2599942882294095
mdgnc_edge_failures,ESP + EW,10,4,175,f0_failure_rate.interaction.graph_0_esp_semantic_type_sizing,0.1620729659376841
mdgnc_edge_failures,ESP + EW,10,4,175,f0_failure_rate.interaction.graph_1_edge_weight_sizing,0.0024676845156477
mdgnc_edge_failures,ESP + EW,10,4,175,f1_mass.graph_0.esp_semantic_type,0.132404255101459
mdgnc_edge_failures,ESP + EW,10,4,175,f1_mass.graph_1.edge_weight,0.2273786753754826
mdgnc_edge_failures,ESP + EW,10,4,175,f1_mass.sizing,0.3406553558034295
mdgnc_edge_failures,ESP + EW,10,4,175,f1_mass.interaction.graph_0_esp_semantic_type_graph_1_edge_weight,0.0013240425510145
mdgnc_edge_failures,ESP + EW,10,4,175,f1_mass.interaction.graph_0_esp_semantic_type_sizing,0.0013240425510145
mdgnc_edge_failures,ESP + EW,10,4,175,f1_mass.interaction.graph_1_edge_weight_sizing,0.2969136286175996
mdgnc_edge_failures,ESP + EW,10,4,200,f0_failure_rate.graph_0.esp_semantic_type,0.0025047772656453
mdgnc_edge_failures,ESP + EW,10,4,200,f0_failure_rate.graph_1.edge_weight,0.1403702237935241
mdgnc_edge_failures,ESP + EW,10,4,200,f0_failure_rate.sizing,0.2443166036356004
mdgnc_edge_failures,ESP + EW,10,4,200,f0_failure_rate.interaction.graph_0_esp_semantic_type_graph_1_edge_weight,0.2199275712743281
mdgnc_edge_failures,ESP + EW,10,4,200,f0_failure_rate.interaction.graph_0_esp_semantic_type_sizing,0.2242850934194647
mdgnc_edge_failures,ESP + EW,10,4,200,f0_failure_rate.interaction.graph_1_edge_weight_sizing,0.1685957306114373
mdgnc_edge_failures,ESP + EW,10,4,200,f1_mass.graph_0.esp_semantic_type,0.0031020191608877
mdgnc_edge_failures,ESP + EW,10,4,200,f1_mass.graph_1.edge_weight,0.2421757798041123
mdgnc_edge_failures,ESP + EW,10,4,200,f1_mass.sizing,0.1722374848303268
mdgnc_edge_failures,ESP + EW,10,4,200,f1_mass.interaction.graph_0_esp_semantic_type_graph_1_edge_weight,0.2805176675854475
mdgnc_edge_failures,ESP + EW,10,4,200,f1_mass.interaction.graph_0_esp_semantic_type_sizing,0.0493233776378088
mdgnc_edge_failures,ESP + EW,10,4,200,f1_mass.interaction.graph_1_edge_weight_sizing,0.2526436709814167
mdgnc_edge_failures,ESP + EW,10,4,225,f0_failure_rate.graph_0.esp_semantic_type,0.002515618281235
mdgnc_edge_failures,ESP + EW,10,4,225,f0_failure_rate.graph_1.edge_weight,0.139389468363819
mdgnc_edge_failures,ESP + EW,10,4,225,f0_failure_rate.sizing,0.2435001282345395
mdgnc_edge_failures,ESP + EW,10,4,225,f0_failure_rate.interaction.graph_0_esp_semantic_type_graph_1_edge_weight,0.2201542561349023
mdgnc_edge_failures,ESP + EW,10,4,225,f0_failure_rate.interaction.graph_0_esp_semantic_type_sizing,0.2246467378914113
mdgnc_edge_failures,ESP + EW,10,4,225,f0_failure_rate.interaction.graph_1_edge_weight_sizing,0.1697937910940926
mdgnc_edge_failures,ESP + EW,10,4,225,f1_mass.graph_0.esp_semantic_type,0.0030513085766581
mdgnc_edge_failures,ESP + EW,10,4,225,f1_mass.graph_1.edge_weight,0.2404919695736448
mdgnc_edge_failures,ESP + EW,10,4,225,f1_mass.sizing,0.1701001103985499
mdgnc_edge_failures,ESP + EW,10,4,225,f1_mass.interaction.graph_0_esp_semantic_type_graph_1_edge_weight,0.2743166367944992
mdgnc_edge_failures,ESP + EW,10,4,225,f1_mass.interaction.graph_0_esp_semantic_type_sizing,0.0552222182498134
mdgnc_edge_failures,ESP + EW,10,4,225,f1_mass.interaction.graph_1_edge_weight_sizing,0.2568177564068344
mdgnc_edge_failures,ESP + EW,10,4,250,f0_failure_rate.graph_0.esp_semantic_type,0.1358041100654285
mdgnc_edge_failures,ESP + EW,10,4,250,f0_failure_rate.graph_1.edge_weight,0.0013580411006542
mdgnc_edge_failures,ESP + EW,10,4,250,f0_failure_rate.sizing,0.230871402143106
mdgnc_edge_failures,ESP + EW,10,4,250,f0_failure_rate.interaction.graph_0_esp_semantic_type_graph_1_edge_weight,0.2132991336368217
mdgnc_edge_failures,ESP + EW,10,4,250,f0_failure_rate.interaction.graph_0_esp_semantic_type_sizing,0.1770546306178055
mdgnc_edge_failures,ESP + EW,10,4,250,f0_failure_rate.interaction.graph_1_edge_weight_sizing,0.2416126824361839
mdgnc_edge_failures,ESP + EW,10,4,250,f1_mass.graph_0.esp_semantic_type,0.1166923859901084
mdgnc_edge_failures,ESP + EW,10,4,250,f1_mass.graph_1.edge_weight,0.12418040943212
mdgnc_edge_failures,ESP + EW,10,4,250,f1_mass.sizing,0.361231955910167
mdgnc_edge_failures,ESP + EW,10,4,250,f1_mass.interaction.graph_0_esp_semantic_type_graph_1_edge_weight,0.001166923859901
mdgnc_edge_failures,ESP + EW,10,4,250,f1_mass.interaction.graph_0_esp_semantic_type_sizing,0.001166923859901
mdgnc_edge_failures,ESP + EW,10,4,250,f1_mass.interaction.graph_1_edge_weight_sizing,0.3955614009478024
mdgnc_edge_failures,ESP + EW,10,4,275,f0_failure_rate.graph_0.esp_semantic_type,0.0030426091719912
mdgnc_edge_failures,ESP + EW,10,4,275,f0_failure_rate.graph_1.edge_weight,0.2415321365330621
mdgnc_edge_failures,ESP + EW,10,4,275,f0_failure_rate.sizing,0.1691307681773925
mdgnc_edge_failures,ESP + EW,10,4,275,f0_failure_rate.interaction.graph_0_esp_semantic_type_graph_1_edge_weight,0.276814443880649
mdgnc_edge_failures,ESP + EW,10,4,275,f0_failure_rate.interaction.graph_0_esp_semantic_type_sizing,0.0520755483279415
mdgnc_edge_failures,ESP + EW,10,4,275,f0_failure_rate.interaction.graph_1_edge_weight_sizing,0.2574044939089634
mdgnc_edge_failures,ESP + EW,10,4,275,f1_mass.graph_0.esp_semantic_type,0.0030751276738277
mdgnc_edge_failures,ESP + EW,10,4,275,f1_mass.graph_1.edge_weight,0.237903628420542
mdgnc_edge_failures,ESP + EW,10,4,275,f1_mass.sizing,0.1710388660715177
mdgnc_edge_failures,ESP + EW,10,4,275,f1_mass.interaction.graph_0_esp_semantic_type_graph_1_edge_weight,0.2825502286281123
mdgnc_edge_failures,ESP + EW,10,4,275,f1_mass.interaction.graph_0_esp_semantic_type_sizing,0.0522997043828276
mdgnc_edge_failures,ESP + EW,10,4,275,f1_mass.interaction.graph_1_edge_weight_sizing,0.2531324448231726
mdgnc_edge_failures,ESP + EW,10,4,300,f0_failure_rate.graph_0.esp_semantic_type,0.2395749204045264
mdgnc_edge_failures,ESP + EW,10,4,300,f0_failure_rate.graph_1.edge_weight,0.3406896414592295
mdgnc_edge_failures,ESP + EW,10,4,300,f0_failure_rate.sizing,0.0078902784102404
mdgnc_edge_failures,ESP + EW,10,4,300,f0_failure_rate.interaction.graph_0_esp_semantic_type_graph_1_edge_weight,0.3600445531167522
mdgnc_edge_failures,ESP + EW,10,4,300,f0_failure_rate.interaction.graph_0_esp_semantic_type_sizing,0.0494048574052061
mdgnc_edge_failures,ESP + EW,10,4,300,f0_failure_rate.interaction.graph_1_edge_weight_sizing,0.0023957492040452
mdgnc_edge_failures,ESP + EW,10,4,300,f1_mass.graph_0.esp_semantic_type,0.1397096300790055
mdgnc_edge_failures,ESP + EW,10,4,300,f1_mass.graph_1.edge_weight,0.2534599669490442
mdgnc_edge_failures,ESP + EW,10,4,300,f1_mass.sizing,0.3940596679631468
mdgnc_edge_failures,ESP + EW,10,4,300,f1_mass.interaction.graph_0_esp_semantic_type_graph_1_edge_weight,0.00139709630079
mdgnc_edge_failures,ESP + EW,10,4,300,f1_mass.interaction.graph_0_esp_semantic_type_sizing,0.00139709630079
mdgnc_edge_failures,ESP + EW,10,4,300,f1_mass.interaction.graph_1_edge_weight_sizing,0.2099765424072233
mdgnc_edge_failures,ESP + EW,10,5,25,f0_failure_rate.graph_0.esp_semantic_type,0.2033676204848073
mdgnc_edge_failures,ESP + EW,10,5,25,f0_failure_rate.graph_1.edge_weight,0.3914835244262764
mdgnc_edge_failures,ESP + EW,10,5,25,f0_failure_rate.sizing,0.002033676204848
mdgnc_edge_failures,ESP + EW,10,5,25,f0_failure_rate.interaction.graph_0_esp_semantic_type_graph_1_edge_weight,0.3990478264743722
mdgnc_edge_failures,ESP + EW,10,5,25,f0_failure_rate.interaction.graph_0_esp_semantic_type_sizing,0.002033676204848
mdgnc_edge_failures,ESP + EW,10,5,25,f0_failure_rate.interaction.graph_1_edge_weight_sizing,0.002033676204848
mdgnc_edge_failures,ESP + EW,10,5,25,f1_mass.graph_0.esp_semantic_type,0.1927671932195278
mdgnc_edge_failures,ESP + EW,10,5,25,f1_mass.graph_1.edge_weight,0.2692126600876096
mdgnc_edge_failures,ESP + EW,10,5,25,f1_mass.sizing,0.0422072509675472
mdgnc_edge_failures,ESP + EW,10,5,25,f1_mass.interaction.graph_0_esp_semantic_type_graph_1_edge_weight,0.4919575518609249
mdgnc_edge_failures,ESP + EW,10,5,25,f1_mass.interaction.graph_0_esp_semantic_type_sizing,0.0019276719321952
mdgnc_edge_failures,ESP + EW,10,5,25,f1_mass.interaction.graph_1_edge_weight_sizing,0.0019276719321952
mdgnc_edge_failures,ESP + EW,10,5,50,f0_failure_rate.graph_0.esp_semantic_type,0.0030587399468303
mdgnc_edge_failures,ESP + EW,10,5,50,f0_failure_rate.graph_1.edge_weight,0.2417606181006014
mdgnc_edge_failures,ESP + EW,10,5,50,f0_failure_rate.sizing,0.1684425533397218
mdgnc_edge_failures,ESP + EW,10,5,50,f0_failure_rate.interaction.graph_0_esp_semantic_type_graph_1_edge_weight,0.2803172582429414
mdgnc_edge_failures,ESP + EW,10,5,50,f0_failure_rate.interaction.graph_0_esp_semantic_type_sizing,0.0512325382288723
mdgnc_edge_failures,ESP + EW,10,5,50,f0_failure_rate.interaction.graph_1_edge_weight_sizing,0.2551882921410327
mdgnc_edge_failures,ESP + EW,10,5,50,f1_mass.graph_0.esp_semantic_type,0.0024948709574976
mdgnc_edge_failures,ESP + EW,10,5,50,f1_mass.graph_1.edge_weight,0.1414133258523173
mdgnc_edge_failures,ESP + EW,10,5,50,f1_mass.sizing,0.2434920511796836
mdgnc_edge_failures,ESP + EW,10,5,50,f1_mass.interaction.graph_0_esp_semantic_type_graph_1_edge_weight,0.2190813057983361
mdgnc_edge_failures,ESP + EW,10,5,50,f1_mass.interaction.graph_0_esp_semantic_type_sizing,0.2243039160421714
mdgnc_edge_failures,ESP + EW,10,5,50,f1_mass.interaction.graph_1_edge_weight_sizing,0.1692145301699939
mdgnc_edge_failures,ESP + EW,10,5,75,f0_failure_rate.graph_0.esp_semantic_type,0.0034483004192233
mdgnc_edge_failures,ESP + EW,10,5,75,f0_failure_rate.graph_1.edge_weight,0.1061920186961664
mdgnc_edge_failures,ESP + EW,10,5,75,f0_failure_rate.sizing,0.1564600768984401
mdgnc_edge_failures,ESP + EW,10,5,75,f0_failure_rate.interaction.graph_0_esp_semantic_type_graph_1_edge_weight,0.2627854007419582
mdgnc_edge_failures,ESP + EW,10,5,75,f0_failure_rate.interaction.graph_0_esp_semantic_type_sizing,0.1441589724426542
mdgnc_edge_failures,ESP + EW,10,5,75,f0_failure_rate.interaction.graph_1_edge_weight_sizing,0.3269552308015576
mdgnc_edge_failures,ESP + EW,10,5,75,f1_mass.graph_0.esp_semantic_type,0.0034295379207674
mdgnc_edge_failures,ESP + EW,10,5,75,f1_mass.graph_1.edge_weight,0.1084627616881654
mdgnc_edge_failures,ESP + EW,10,5,75,f1_mass.sizing,0.1594856772018129
mdgnc_edge_failures,ESP + EW,10,5,75,f1_mass.interaction.graph_0_esp_semantic_type_graph_1_edge_weight,0.2632814171554255
mdgnc_edge_failures,ESP + EW,10,5,75,f1_mass.interaction.graph_0_esp_semantic_type_sizing,0.1413235655209776
mdgnc_edge_failures,ESP + EW,10,5,75,f1_mass.interaction.graph_1_edge_weight_sizing,0.3240170405128509
mdgnc_edge_failures,ESP + EW,10,5,100,f0_failure_rate.graph_0.esp_semantic_type,0.003112805602542
mdgnc_edge_failures,ESP + EW,10,5,100,f0_failure_rate.graph_1.edge_weight,0.2760573164606278
mdgnc_edge_failures,ESP + EW,10,5,100,f0_failure_rate.sizing,0.2507751953006044
mdgnc_edge_failures,ESP + EW,10,5,100,f0_failure_rate.interaction.graph_0_esp_semantic_type_graph_1_edge_weight,0.1552669158164956
mdgnc_edge_failures,ESP + EW,10,5,100,f0_failure_rate.interaction.graph_0_esp_semantic_type_sizing,0.1788823875016103
mdgnc_edge_failures,ESP + EW,10,5,100,f0_failure_rate.interaction.graph_1_edge_weight_sizing,0.1359053793181198
mdgnc_edge_failures,ESP + EW,10,5,100,f1_mass.graph_0.esp_semantic_type,0.0034643148797841
mdgnc_edge_failures,ESP + EW,10,5,100,f1_mass.graph_1.edge_weight,0.1083457146674719
mdgnc_edge_failures,ESP + EW,10,5,100,f1_mass.sizing,0.1569569218350384
mdgnc_edge_failures,ESP + EW,10,5,100,f1_mass.interaction.graph_0_esp_semantic_type_graph_1_edge_weight,0.2654543249908598
mdgnc_edge_failures,ESP + EW,10,5,100,f1_mass.interaction.graph_0_esp_semantic_type_sizing,0.1411190607734878
mdgnc_edge_failures,ESP + EW,10,5,100,f1_mass.interaction.graph_1_edge_weight_sizing,0.3246596628533578
mdgnc_edge_failures,ESP + EW,10,5,125,f0_failure_rate.graph_0.esp_semantic_type,0.0034528694658943
mdgnc_edge_failures,ESP + EW,10,5,125,f0_failure_rate.graph_1.edge_weight,0.1061978346238138
mdgnc_edge_failures,ESP + EW,10,5,125,f0_failure_rate.sizing,0.1572689796310207
mdgnc_edge_failures,ESP + EW,10,5,125,f0_failure_rate.interaction.graph_0_esp_semantic_type_graph_1_edge_weight,0.2625669132497623
mdgnc_edge_failures,ESP + EW,10,5,125,f0_failure_rate.interaction.graph_0_esp_semantic_type_sizing,0.1430501828421981
mdgnc_edge_failures,ESP + EW,10,5,125,f0_failure_rate.interaction.graph_1_edge_weight_sizing,0.3274632201873106
mdgnc_edge_failures,ESP + EW,10,5,125,f1_mass.graph_0.esp_semantic_type,0.0034287643568119
mdgnc_edge_failures,ESP + EW,10,5,125,f1_mass.graph_1.edge_weight,0.1045145882560087
mdgnc_edge_failures,ESP + EW,10,5,125,f1_mass.sizing,0.1586306101847774
mdgnc_edge_failures,ESP + EW,10,5,125,f1_mass.interaction.graph_0_esp_semantic_type_graph_1_edge_weight,0.257748021019393
mdgnc_edge_failures,ESP + EW,10,5,125,f1_mass.interaction.graph_0_esp_semantic_type_sizing,0.1452927830361536
mdgnc_edge_failures,ESP + EW,10,5,125,f1_mass.interaction.graph_1_edge_weight_sizing,0.3303852331468553
mdgnc_edge_failures,ESP + EW,10,5,150,f0_failure_rate.graph_0.esp_semantic_type,0.1311990731212045
mdgnc_edge_failures,ESP + EW,10,5,150,f0_failure_rate.graph_1.edge_weight,0.2415476022950226
mdgnc_edge_failures,ESP + EW,10,5,150,f0_failure_rate.sizing,0.1566742247364499
mdgnc_edge_failures,ESP + EW,10,5,150,f0_failure_rate.interaction.graph_0_esp_semantic_type_graph_1_edge_weight,0.2147474747494261
mdgnc_edge_failures,ESP + EW,10,5,150,f0_failure_rate.interaction.graph_0_esp_semantic_type_sizing,0.2087554606772515
mdgnc_edge_failures,ESP + EW,10,5,150,f0_failure_rate.interaction.graph_1_edge_weight_sizing,0.0470761644206453
mdgnc_edge_failures,ESP + EW,10,5,150,f1_mass.graph_0.esp_semantic_type,0.1388654903572463
mdgnc_edge_failures,ESP + EW,10,5,150,f1_mass.graph_1.edge_weight,0.2702253009582709
mdgnc_edge_failures,ESP + EW,10,5,150,f1_mass.sizing,0.4256893869736798
mdgnc_edge_failures,ESP + EW,10,5,150,f1_mass.interaction.graph_0_esp_semantic_type_graph_1_edge_weight,0.0013886549035724
mdgnc_edge_failures,ESP + EW,10,5,150,f1_mass.interaction.graph_0_esp_semantic_type_sizing,0.0013886549035724
mdgnc_edge_failures,ESP + EW,10,5,150,f1_mass.interaction.graph_1_edge_weight_sizing,0.1624425119036581
mdgnc_edge_failures,ESP + EW,10,5,175,f0_failure_rate.graph_0.esp_semantic_type,0.1537586885997154
mdgnc_edge_failures,ESP + EW,10,5,175,f0_failure_rate.graph_1.edge_weight,0.3715328027757368
mdgnc_edge_failures,ESP + EW,10,5,175,f0_failure_rate.sizing,0.0955204226855459
mdgnc_edge_failures,ESP + EW,10,5,175,f0_failure_rate.interaction.graph_0_esp_semantic_type_graph_1_edge_weight,0.2517299489013607
mdgnc_edge_failures,ESP + EW,10,5,175,f0_failure_rate.interaction.graph_0_esp_semantic_type_sizing,0.1259205501516438
mdgnc_edge_failures,ESP + EW,10,5,175,f0_failure_rate.interaction.graph_1_edge_weight_sizing,0.0015375868859971
mdgnc_edge_failures,ESP + EW,10,5,175,f1_mass.graph_0.esp_semantic_type,0.1301687637098091
mdgnc_edge_failures,ESP + EW,10,5,175,f1_mass.graph_1.edge_weight,0.3982941232376524
mdgnc_edge_failures,ESP + EW,10,5,175,f1_mass.sizing,0.2924810889352316
mdgnc_edge_failures,ESP + EW,10,5,175,f1_mass.interaction.graph_0_esp_semantic_type_graph_1_edge_weight,0.001301687637098
mdgnc_edge_failures,ESP + EW,10,5,175,f1_mass.interaction.graph_0_esp_semantic_type_sizing,0.001301687637098
mdgnc_edge_failures,ESP + EW,10,5,175,f1_mass.interaction.graph_1_edge_weight_sizing,0.1764526488431106
mdgnc_edge_failures,ESP + EW,10,5,200,f0_failure_rate.graph_0.esp_semantic_type,0.1455382250086811
mdgnc_edge_failures,ESP + EW,10,5,200,f0_failure_rate.graph_1.edge_weight,0.2833754793386546
mdgnc_edge_failures,ESP + EW,10,5,200,f0_failure_rate.sizing,0.1656642156233376
mdgnc_edge_failures,ESP + EW,10,5,200,f0_failure_rate.interaction.graph_0_esp_semantic_type_graph_1_edge_weight,0.2848866042277661
mdgnc_edge_failures,ESP + EW,10,5,200,f0_failure_rate.interaction.graph_0_esp_semantic_type_sizing,0.0761380488488612
mdgnc_edge_failures,ESP + EW,10,5,200,f0_failure_rate.interaction.graph_1_edge_weight_sizing,0.0443974269526991
mdgnc_edge_failures,ESP + EW,10,5,200,f1_mass.graph_0.esp_semantic_type,0.1106182315249764
mdgnc_edge_failures,ESP + EW,10,5,200,f1_mass.graph_1.edge_weight,0.2046168103365259
mdgnc_edge_failures,ESP + EW,10,5,200,f1_mass.sizing,0.3980460110562968
mdgnc_edge_failures,ESP + EW,10,5,200,f1_mass.interaction.graph_0_esp_semantic_type_graph_1_edge_weight,0.0011061823152497
mdgnc_edge_failures,ESP + EW,10,5,200,f1_mass.interaction.graph_0_esp_semantic_type_sizing,0.0011061823152497
mdgnc_edge_failures,ESP + EW,10,5,200,f1_mass.interaction.graph_1_edge_weight_sizing,0.2845065824517013
mdgnc_edge_failures,ESP + EW,10,5,225,f0_failure_rate.graph_0.esp_semantic_type,0.0034315605275704
mdgnc_edge_failures,ESP + EW,10,5,225,f0_failure_rate.graph_1.edge_weight,0.1086716612717532
mdgnc_edge_failures,ESP + EW,10,5,225,f0_failure_rate.sizing,0.1574655040897185
mdgnc_edge_failures,ESP + EW,10,5,225,f0_failure_rate.interaction.graph_0_esp_semantic_type_graph_1_edge_weight,0.2612523475514435
mdgnc_edge_failures,ESP + EW,10,5,225,f0_failure_rate.interaction.graph_0_esp_semantic_type_sizing,0.1452124640486191
mdgnc_edge_failures,ESP + EW,10,5,225,f0_failure_rate.interaction.graph_1_edge_weight_sizing,0.323966462510895
mdgnc_edge_failures,ESP + EW,10,5,225,f1_mass.graph_0.esp_semantic_type,0.0030616535508079
mdgnc_edge_failures,ESP + EW,10,5,225,f1_mass.graph_1.edge_weight,0.2359407119266846
mdgnc_edge_failures,ESP + EW,10,5,225,f1_mass.sizing,0.1732871375276039
mdgnc_edge_failures,ESP + EW,10,5,225,f1_mass.interaction.graph_0_esp_semantic_type_graph_1_edge_weight,0.2789376968158923
mdgnc_edge_failures,ESP + EW,10,5,225,f1_mass.interaction.graph_0_esp_semantic_type_sizing,0.0539121597009412
mdgnc_edge_failures,ESP + EW,10,5,225,f1_mass.interaction.graph_1_edge_weight_sizing,0.25486064047807
mdgnc_edge_failures,ESP + EW,10,5,250,f0_failure_rate.graph_0.esp_semantic_type,0.1077309244657686
mdgnc_edge_failures,ESP + EW,10,5,250,f0_failure_rate.graph_1.edge_weight,0.2556790883202209
mdgnc_edge_failures,ESP + EW,10,5,250,f0_failure_rate.sizing,0.1743144687611799
mdgnc_edge_failures,ESP + EW,10,5,250,f0_failure_rate.interaction.graph_0_esp_semantic_type_graph_1_edge_weight,0.2168023111031736
mdgnc_edge_failures,ESP + EW,10,5,250,f0_failure_rate.interaction.graph_0_esp_semantic_type_sizing,0.1870904871170847
mdgnc_edge_failures,ESP + EW,10,5,250,f0_failure_rate.interaction.graph_1_edge_weight_sizing,0.0583827202325721
mdgnc_edge_failures,ESP + EW,10,5,250,f1_mass.graph_0.esp_semantic_type,0.0975193479358116
mdgnc_edge_failures,ESP + EW,10,5,250,f1_mass.graph_1.edge_weight,0.30067934743912
mdgnc_edge_failures,ESP + EW,10,5,250,f1_mass.sizing,0.3492072690221641
mdgnc_edge_failures,ESP + EW,10,5,250,f1_mass.interaction.graph_0_esp_semantic_type_graph_1_edge_weight,0.0009751934793581
mdgnc_edge_failures,ESP + EW,10,5,250,f1_mass.interaction.graph_0_esp_semantic_type_sizing,0.0009751934793581
mdgnc_edge_failures,ESP + EW,10,5,250,f1_mass.interaction.graph_1_edge_weight_sizing,0.2506436486441881
mdgnc_edge_failures,ESP + EW,10,5,275,f0_failure_rate.graph_0.esp_semantic_type,0.1312550132506381
mdgnc_edge_failures,ESP + EW,10,5,275,f0_failure_rate.graph_1.edge_weight,0.2684147916389905
mdgnc_edge_failures,ESP + EW,10,5,275,f0_failure_rate.sizing,0.1540426825215664
mdgnc_edge_failures,ESP + EW,10,5,275,f0_failure_rate.interaction.graph_0_esp_semantic_type_graph_1_edge_weight,0.2161426979366452
mdgnc_edge_failures,ESP + EW,10,5,275,f0_failure_rate.interaction.graph_0_esp_semantic_type_sizing,0.1590743989388649
mdgnc_edge_failures,ESP + EW,10,5,275,f0_failure_rate.interaction.graph_1_edge_weight_sizing,0.0710704157132949
mdgnc_edge_failures,ESP + EW,10,5,275,f1_mass.graph_0.esp_semantic_type,0.1016844828040819
mdgnc_edge_failures,ESP + EW,10,5,275,f1_mass.graph_1.edge_weight,0.1434646678874847
mdgnc_edge_failures,ESP + EW,10,5,275,f1_mass.sizing,0.3505197047425542
mdgnc_edge_failures,ESP + EW,10,5,275,f1_mass.interaction.graph_0_esp_semantic_type_graph_1_edge_weight,0.1336767846322044
mdgnc_edge_failures,ESP + EW,10,5,275,f1_mass.interaction.graph_0_esp_semantic_type_sizing,0.0010168448280408
mdgnc_edge_failures,ESP + EW,10,5,275,f1_mass.interaction.graph_1_edge_weight_sizing,0.2696375151056338
mdgnc_edge_failures,ESP + EW,10,5,300,f0_failure_rate.graph_0.esp_semantic_type,0.1235961750196955
mdgnc_edge_failures,ESP + EW,10,5,300,f0_failure_rate.graph_1.edge_weight,0.2717598761732483
mdgnc_edge_failures,ESP + EW,10,5,300,f0_failure_rate.sizing,0.1596875651993845
mdgnc_edge_failures,ESP + EW,10,5,300,f0_failure_rate.interaction.graph_0_esp_semantic_type_graph_1_edge_weight,0.234119770966829
mdgnc_edge_failures,ESP + EW,10,5,300,f0_failure_rate.interaction.graph_0_esp_semantic_type_sizing,0.0863995316390811
mdgnc_edge_failures,ESP + EW,10,5,300,f0_failure_rate.interaction.graph_1_edge_weight_sizing,0.1244370810017613
mdgnc_edge_failures,ESP + EW,10,5,300,f1_mass.graph_0.esp_semantic_type,0.1039360180550911
mdgnc_edge_failures,ESP + EW,10,5,300,f1_mass.graph_1.edge_weight,0.2772316820092295
mdgnc_edge_failures,ESP + EW,10,5,300,f1_mass.sizing,0.251305018147279
mdgnc_edge_failures,ESP + EW,10,5,300,f1_mass.interaction.graph_0_esp_semantic_type_graph_1_edge_weight,0.069884102835859
mdgnc_edge_failures,ESP + EW,10,5,300,f1_mass.interaction.graph_0_esp_semantic_type_sizing,0.0010393601805509
mdgnc_edge_failures,ESP + EW,10,5,300,f1_mass.interaction.graph_1_edge_weight_sizing,0.2966038187719906
mdgnc_edge_failures,ESP + EW,10,6,25,f0_failure_rate.graph_0.esp_semantic_type,0.2004944199715267
mdgnc_edge_failures,ESP + EW,10,6,25,f0_failure_rate.graph_1.edge_weight,0.3892206739155458
mdgnc_edge_failures,ESP + EW,10,6,25,f0_failure_rate.sizing,0.0081702527944258
mdgnc_edge_failures,ESP + EW,10,6,25,f0_failure_rate.interaction.graph_0_esp_semantic_type_graph_1_edge_weight,0.2450177323789602
mdgnc_edge_failures,ESP + EW,10,6,25,f0_failure_rate.interaction.graph_0_esp_semantic_type_sizing,0.0020049441997152
mdgnc_edge_failures,ESP + EW,10,6,25,f0_failure_rate.interaction.graph_1_edge_weight_sizing,0.1550919767398261
mdgnc_edge_failures,ESP + EW,10,6,25,f1_mass.graph_0.esp_semantic_type,0.2070544157350447
mdgnc_edge_failures,ESP + EW,10,6,25,f1_mass.graph_1.edge_weight,0.2850175846074044
mdgnc_edge_failures,ESP + EW,10,6,25,f1_mass.sizing,0.0655179260863614
mdgnc_edge_failures,ESP + EW,10,6,25,f1_mass.interaction.graph_0_esp_semantic_type_graph_1_edge_weight,0.3365802158474891
mdgnc_edge_failures,ESP + EW,10,6,25,f1_mass.interaction.graph_0_esp_semantic_type_sizing,0.0020705441573504
mdgnc_edge_failures,ESP + EW,10,6,25,f1_mass.interaction.graph_1_edge_weight_sizing,0.1037593135663498
mdgnc_edge_failures,ESP + EW,10,6,50,f0_failure_rate.graph_0.esp_semantic_type,0.0034474016803489
mdgnc_edge_failures,ESP + EW,10,6,50,f0_failure_rate.graph_1.edge_weight,0.1050715515482471
mdgnc_edge_failures,ESP + EW,10,6,50,f0_failure_rate.sizing,0.1611055799796168
mdgnc_edge_failures,ESP + EW,10,6,50,f0_failure_rate.interaction.graph_0_esp_semantic_type_graph_1_edge_weight,0.2618603357393484
mdgnc_edge_failures,ESP + EW,10,6,50,f0_failure_rate.interaction.graph_0_esp_semantic_type_sizing,0.1429051009144805
mdgnc_edge_failures,ESP + EW,10,6,50,f0_failure_rate.interaction.graph_1_edge_weight_sizing,0.325610030137958
mdgnc_edge_failures,ESP + EW,10,6,50,f1_mass.graph_0.esp_semantic_type,0.0034251006606415
mdgnc_edge_failures,ESP + EW,10,6,50,f1_mass.graph_1.edge_weight,0.1056131739683067
mdgnc_edge_failures,ESP + EW,10,6,50,f1_mass.sizing,0.1668286374065233
mdgnc_edge_failures,ESP + EW,10,6,50,f1_mass.interaction.graph_0_esp_semantic_type_graph_1_edge_weight,0.2586752137123375
mdgnc_edge_failures,ESP + EW,10,6,50,f1_mass.interaction.graph_0_esp_semantic_type_sizing,0.1396226289788484
mdgnc_edge_failures,ESP + EW,10,6,50,f1_mass.interaction.graph_1_edge_weight_sizing,0.3258352452733425
mdgnc_edge_failures,ESP + EW,10,6,75,f0_failure_rate.graph_0.esp_semantic_type,0.0025102103917636
mdgnc_edge_failures,ESP + EW,10,6,75,f0_failure_rate.graph_1.edge_weight,0.1394336389683746
mdgnc_edge_failures,ESP + EW,10,6,75,f0_failure_rate.sizing,0.243197931954899
mdgnc_edge_failures,ESP + EW,10,6,75,f0_failure_rate.interaction.graph_0_esp_semantic_type_graph_1_edge_weight,0.2202363589720141
mdgnc_edge_failures,ESP + EW,10,6,75,f0_failure_rate.interaction.graph_0_esp_semantic_type_sizing,0.225274508989729
mdgnc_edge_failures,ESP + EW,10,6,75,f0_failure_rate.interaction.graph_1_edge_weight_sizing,0.1693473507232193
mdgnc_edge_failures,ESP + EW,10,6,75,f1_mass.graph_0.esp_semantic_type,0.0025025942444055
mdgnc_edge_failures,ESP + EW,10,6,75,f1_mass.graph_1.edge_weight,0.1388615340614603
mdgnc_edge_failures,ESP + EW,10,6,75,f1_mass.sizing,0.244900935597186
mdgnc_edge_failures,ESP + EW,10,6,75,f1_mass.interaction.graph_0_esp_semantic_type_graph_1_edge_weight,0.218560825103636
mdgnc_edge_failures,ESP + EW,10,6,75,f1_mass.interaction.graph_0_esp_semantic_type_sizing,0.2249768453248492
mdgnc_edge_failures,ESP + EW,10,6,75,f1_mass.interaction.graph_1_edge_weight_sizing,0.1701972656684628
mdgnc_edge_failures,ESP + EW,10,6,100,f0_failure_rate.graph_0.esp_semantic_type,0.0025053626999381
mdgnc_edge_failures,ESP + EW,10,6,100,f0_failure_rate.graph_1.edge_weight,0.1397923756725858
mdgnc_edge_failures,ESP + EW,10,6,100,f0_failure_rate.sizing,0.2442850566953225
mdgnc_edge_failures,ESP + EW,10,6,100,f0_failure_rate.interaction.graph_0_esp_semantic_type_graph_1_edge_weight,0.2189655045321354
mdgnc_edge_failures,ESP + EW,10,6,100,f0_failure_rate.interaction.graph_0_esp_semantic_type_sizing,0.224722439620648
mdgnc_edge_failures,ESP + EW,10,6,100,f0_failure_rate.interaction.graph_1_edge_weight_sizing,0.1697292607793699
mdgnc_edge_failures,ESP + EW,10,6,100,f1_mass.graph_0.esp_semantic_type,0.0030365671485517
mdgnc_edge_failures,ESP + EW,10,6,100,f1_mass.graph_1.edge_weight,0.2410346241730409
mdgnc_edge_failures,ESP + EW,10,6,100,f1_mass.sizing,0.1687490747313582
mdgnc_edge_failures,ESP + EW,10,6,100,f1_mass.interaction.graph_0_esp_semantic_type_graph_1_edge_weight,0.2777110078536109
mdgnc_edge_failures,ESP + EW,10,6,100,f1_mass.interaction.graph_0_esp_semantic_type_sizing,0.052797532212343
mdgnc_edge_failures,ESP + EW,10,6,100,f1_mass.interaction.graph_1_edge_weight_sizing,0.256671193881095
mdgnc_edge_failures,ESP + EW,10,6,125,f0_failure_rate.graph_0.esp_semantic_type,0.2043020466393549
mdgnc_edge_failures,ESP + EW,10,6,125,f0_failure_rate.graph_1.edge_weight,0.3930863534036447
mdgnc_edge_failures,ESP + EW,10,6,125,f0_failure_rate.sizing,0.0111780999727686
mdgnc_edge_failures,ESP + EW,10,6,125,f0_failure_rate.interaction.graph_0_esp_semantic_type_graph_1_edge_weight,0.3736453084702756
mdgnc_edge_failures,ESP + EW,10,6,125,f0_failure_rate.interaction.graph_0_esp_semantic_type_sizing,0.0157451710475624
mdgnc_edge_failures,ESP + EW,10,6,125,f0_failure_rate.interaction.graph_1_edge_weight_sizing,0.0020430204663935
mdgnc_edge_failures,ESP + EW,10,6,125,f1_mass.graph_0.esp_semantic_type,0.1555993129286562
mdgnc_edge_failures,ESP + EW,10,6,125,f1_mass.graph_1.edge_weight,0.2840104572702143
mdgnc_edge_failures,ESP + EW,10,6,125,f1_mass.sizing,0.3523093290509548
mdgnc_edge_failures,ESP + EW,10,6,125,f1_mass.interaction.graph_0_esp_semantic_type_graph_1_edge_weight,0.0015559931292865
mdgnc_edge_failures,ESP + EW,10,6,125,f1_mass.interaction.graph_0_esp_semantic_type_sizing,0.0015559931292865
mdgnc_edge_failures,ESP + EW,10,6,125,f1_mass.interaction.graph_1_edge_weight_sizing,0.2049689144916016
mdgnc_edge_failures,ESP + EW,10,6,150,f0_failure_rate.graph_0.esp_semantic_type,0.1510496583273316
mdgnc_edge_failures,ESP + EW,10,6,150,f0_failure_rate.graph_1.edge_weight,0.2588721394506503
mdgnc_edge_failures,ESP + EW,10,6,150,f0_failure_rate.sizing,0.071874899789861
mdgnc_edge_failures,ESP + EW,10,6,150,f0_failure_rate.interaction.graph_0_esp_semantic_type_graph_1_edge_weight,0.1998164957627662
mdgnc_edge_failures,ESP + EW,10,6,150,f0_failure_rate.interaction.graph_0_esp_semantic_type_sizing,0.1325409890470536
mdgnc_edge_failures,ESP + EW,10,6,150,f0_failure_rate.interaction.graph_1_edge_weight_sizing,0.1858458176223369
mdgnc_edge_failures,ESP + EW,10,6,150,f1_mass.graph_0.esp_semantic_type,0.1588141150311428
mdgnc_edge_failures,ESP + EW,10,6,150,f1_mass.graph_1.edge_weight,0.1855799234492383
mdgnc_edge_failures,ESP + EW,10,6,150,f1_mass.sizing,0.2540814195781561
mdgnc_edge_failures,ESP + EW,10,6,150,f1_mass.interaction.graph_0_esp_semantic_type_graph_1_edge_weight,0.0015881411503114
mdgnc_edge_failures,ESP + EW,10,6,150,f1_mass.interaction.graph_0_esp_semantic_type_sizing,0.0015881411503114
mdgnc_edge_failures,ESP + EW,10,6,150,f1_mass.interaction.graph_1_edge_weight_sizing,0.3983482596408399
mdgnc_edge_failures,ESP + EW,10,6,175,f0_failure_rate.graph_0.esp_semantic_type,0.0034578660095747
mdgnc_edge_failures,ESP + EW,10,6,175,f0_failure_rate.graph_1.edge_weight,0.108251442329385
mdgnc_edge_failures,ESP + EW,10,6,175,f0_failure_rate.sizing,0.1578705598468748
mdgnc_edge_failures,ESP + EW,10,6,175,f0_failure_rate.interaction.graph_0_esp_semantic_type_graph_1_edge_weight,0.2625125685563504
mdgnc_edge_failures,ESP + EW,10,6,175,f0_failure_rate.interaction.graph_0_esp_semantic_type_sizing,0.1434144473680401
mdgnc_edge_failures,ESP + EW,10,6,175,f0_failure_rate.interaction.graph_1_edge_weight_sizing,0.3244931158897747
mdgnc_edge_failures,ESP + EW,10,6,175,f1_mass.graph_0.esp_semantic_type,0.0030483095757477
mdgnc_edge_failures,ESP + EW,10,6,175,f1_mass.graph_1.edge_weight,0.2379320133584505
mdgnc_edge_failures,ESP + EW,10,6,175,f1_mass.sizing,0.1730397892526232
mdgnc_edge_failures,ESP + EW,10,6,175,f1_mass.interaction.graph_0_esp_semantic_type_graph_1_edge_weight,0.2771990735567796
mdgnc_edge_failures,ESP + EW,10,6,175,f1_mass.interaction.graph_0_esp_semantic_type_sizing,0.0552604074182033
mdgnc_edge_failures,ESP + EW,10,6,175,f1_mass.interaction.graph_1_edge_weight_sizing,0.2535204068381956
mdgnc_edge_failures,ESP + EW,10,6,200,f0_failure_rate.graph_0.esp_semantic_type,0.0034353473620738
mdgnc_edge_failures,ESP + EW,10,6,200,f0_failure_rate.graph_1.edge_weight,0.1080256691783833
mdgnc_edge_failures,ESP + EW,10,6,200,f0_failure_rate.sizing,0.1586096409682958
mdgnc_edge_failures,ESP + EW,10,6,200,f0_failure_rate.interaction.graph_0_esp_semantic_type_graph_1_edge_weight,0.2616814019883058
mdgnc_edge_failures,ESP + EW,10,6,200,f0_failure_rate.interaction.graph_0_esp_semantic_type_sizing,0.1430331470072733
mdgnc_edge_failures,ESP + EW,10,6,200,f0_failure_rate.interaction.graph_1_edge_weight_sizing,0.3252147934956679
mdgnc_edge_failures,ESP + EW,10,6,200,f1_mass.graph_0.esp_semantic_type,0.0030549952113011
mdgnc_edge_failures,ESP + EW,10,6,200,f1_mass.graph_1.edge_weight,0.2393701586279219
mdgnc_edge_failures,ESP + EW,10,6,200,f1_mass.sizing,0.1701038592265814
mdgnc_edge_failures,ESP + EW,10,6,200,f1_mass.interaction.graph_0_esp_semantic_type_graph_1_edge_weight,0.2801163724306452
mdgnc_edge_failures,ESP + EW,10,6,200,f1_mass.interaction.graph_0_esp_semantic_type_sizing,0.0533863600388779
mdgnc_edge_failures,ESP + EW,10,6,200,f1_mass.interaction.graph_1_edge_weight_sizing,0.2539682544646723
mdgnc_edge_failures,ESP + EW,10,6,225,f0_failure_rate.graph_0.esp_semantic_type,0.0034461094903148
mdgnc_edge_failures,ESP + EW,10,6,225,f0_failure_rate.graph_1.edge_weight,0.1072879796080319
mdgnc_edge_failures,ESP + EW,10,6,225,f0_failure_rate.sizing,0.1560155207274897
mdgnc_edge_failures,ESP + EW,10,6,225,f0_failure_rate.interaction.graph_0_esp_semantic_type_graph_1_edge_weight,0.2630432971445776
mdgnc_edge_failures,ESP + EW,10,6,225,f0_failure_rate.interaction.graph_0_esp_semantic_type_sizing,0.1438494858050192
mdgnc_edge_failures,ESP + EW,10,6,225,f0_failure_rate.interaction.graph_1_edge_weight_sizing,0.3263576072245664
mdgnc_edge_failures,ESP + EW,10,6,225,f1_mass.graph_0.esp_semantic_type,0.0031110143248724
mdgnc_edge_failures,ESP + EW,10,6,225,f1_mass.graph_1.edge_weight,0.2402232298173576
mdgnc_edge_failures,ESP + EW,10,6,225,f1_mass.sizing,0.1719327914116132
mdgnc_edge_failures,ESP + EW,10,6,225,f1_mass.interaction.graph_0_esp_semantic_type_graph_1_edge_weight,0.2817789059861785
mdgnc_edge_failures,ESP + EW,10,6,225,f1_mass.interaction.graph_0_esp_semantic_type_sizing,0.0472314591031638
mdgnc_edge_failures,ESP + EW,10,6,225,f1_mass.interaction.graph_1_edge_weight_sizing,0.2557225993568142
mdgnc_edge_failures,ESP + EW,10,6,250,f0_failure_rate.graph_0.esp_semantic_type,0.2240775928896152
mdgnc_edge_failures,ESP + EW,10,6,250,f0_failure_rate.graph_1.edge_weight,0.4187270663878691
mdgnc_edge_failures,ESP + EW,10,6,250,f0_failure_rate.sizing,0.0022407759288961
mdgnc_edge_failures,ESP + EW,10,6,250,f0_failure_rate.interaction.graph_0_esp_semantic_type_graph_1_edge_weight,0.3204920901713218
mdgnc_edge_failures,ESP + EW,10,6,250,f0_failure_rate.interaction.graph_0_esp_semantic_type_sizing,0.0322216986934015
mdgnc_edge_failures,ESP + EW,10,6,250,f0_failure_rate.interaction.graph_1_edge_weight_sizing,0.0022407759288961
mdgnc_edge_failures,ESP + EW,10,6,250,f1_mass.graph_0.esp_semantic_type,0.1531664216615085
mdgnc_edge_failures,ESP + EW,10,6,250,f1_mass.graph_1.edge_weight,0.3133708513423273
mdgnc_edge_failures,ESP + EW,10,6,250,f1_mass.sizing,0.3921577431121644
mdgnc_edge_failures,ESP + EW,10,6,250,f1_mass.interaction.graph_0_esp_semantic_type_graph_1_edge_weight,0.001531664216615
mdgnc_edge_failures,ESP + EW,10,6,250,f1_mass.interaction.graph_0_esp_semantic_type_sizing,0.001531664216615
mdgnc_edge_failures,ESP + EW,10,6,250,f1_mass.interaction.graph_1_edge_weight_sizing,0.1382416554507695
mdgnc_edge_failures,ESP + EW,10,6,275,f0_failure_rate.graph_0.esp_semantic_type,0.003110264482361
mdgnc_edge_failures,ESP + EW,10,6,275,f0_failure_rate.graph_1.edge_weight,0.2777474290119595
mdgnc_edge_failures,ESP + EW,10,6,275,f0_failure_rate.sizing,0.2521161019353002
mdgnc_edge_failures,ESP + EW,10,6,275,f0_failure_rate.interaction.graph_0_esp_semantic_type_graph_1_edge_weight,0.1549577561115656
mdgnc_edge_failures,ESP + EW,10,6,275,f0_failure_rate.interaction.graph_0_esp_semantic_type_sizing,0.1778078796720112
mdgnc_edge_failures,ESP + EW,10,6,275,f0_failure_rate.interaction.graph_1_edge_weight_sizing,0.1342605687868021
mdgnc_edge_failures,ESP + EW,10,6,275,f1_mass.graph_0.esp_semantic_type,0.0030767784460924
mdgnc_edge_failures,ESP + EW,10,6,275,f1_mass.graph_1.edge_weight,0.2395669436262412
mdgnc_edge_failures,ESP + EW,10,6,275,f1_mass.sizing,0.1703882902338319
mdgnc_edge_failures,ESP + EW,10,6,275,f1_mass.interaction.graph_0_esp_semantic_type_graph_1_edge_weight,0.2809170625448818
mdgnc_edge_failures,ESP + EW,10,6,275,f1_mass.interaction.graph_0_esp_semantic_type_sizing,0.0481556976442145
mdgnc_edge_failures,ESP + EW,10,6,275,f1_mass.interaction.graph_1_edge_weight_sizing,0.257895227504738
mdgnc_edge_failures,ESP + EW,10,6,300,f0_failure_rate.graph_0.esp_semantic_type,0.2189316479930023
mdgnc_edge_failures,ESP + EW,10,6,300,f0_failure_rate.graph_1.edge_weight,0.3739094669131653
mdgnc_edge_failures,ESP + EW,10,6,300,f0_failure_rate.sizing,0.0026874754999223
mdgnc_edge_failures,ESP + EW,10,6,300,f0_failure_rate.interaction.graph_0_esp_semantic_type_graph_1_edge_weight,0.3612065267908003
mdgnc_edge_failures,ESP + EW,10,6,300,f0_failure_rate.interaction.graph_0_esp_semantic_type_sizing,0.0410755663231795
mdgnc_edge_failures,ESP + EW,10,6,300,f0_failure_rate.interaction.graph_1_edge_weight_sizing,0.00218931647993
mdgnc_edge_failures,ESP + EW,10,6,300,f1_mass.graph_0.esp_semantic_type,0.1425368237294142
mdgnc_edge_failures,ESP + EW,10,6,300,f1_mass.graph_1.edge_weight,0.1139109938491975
mdgnc_edge_failures,ESP + EW,10,6,300,f1_mass.sizing,0.3548690287724665
mdgnc_edge_failures,ESP + EW,10,6,300,f1_mass.interaction.graph_0_esp_semantic_type_graph_1_edge_weight,0.14912482259197
mdgnc_edge_failures,ESP + EW,10,6,300,f1_mass.interaction.graph_0_esp_semantic_type_sizing,0.0014253682372941
mdgnc_edge_failures,ESP + EW,10,6,300,f1_mass.interaction.graph_1_edge_weight_sizing,0.2381329628196574
mdgnc_edge_failures,ESP + EW,10,7,25,f0_failure_rate.graph_0.esp_semantic_type,0.2289962243226856
mdgnc_edge_failures,ESP + EW,10,7,25,f0_failure_rate.graph_1.edge_weight,0.3471223418472215
mdgnc_edge_failures,ESP + EW,10,7,25,f0_failure_rate.sizing,0.0022899622432268
mdgnc_edge_failures,ESP + EW,10,7,25,f0_failure_rate.interaction.graph_0_esp_semantic_type_graph_1_edge_weight,0.4170115471004123
mdgnc_edge_failures,ESP + EW,10,7,25,f0_failure_rate.interaction.graph_0_esp_semantic_type_sizing,0.0022899622432268
mdgnc_edge_failures,ESP + EW,10,7,25,f0_failure_rate.interaction.graph_1_edge_weight_sizing,0.0022899622432268
mdgnc_edge_failures,ESP + EW,10,7,25,f1_mass.graph_0.esp_semantic_type,0.1486501989376999
mdgnc_edge_failures,ESP + EW,10,7,25,f1_mass.graph_1.edge_weight,0.3247280689830917
mdgnc_edge_failures,ESP + EW,10,7,25,f1_mass.sizing,0.1077706898747399
mdgnc_edge_failures,ESP + EW,10,7,25,f1_mass.interaction.graph_0_esp_semantic_type_graph_1_edge_weight,0.3195063212685451
mdgnc_edge_failures,ESP + EW,10,7,25,f1_mass.interaction.graph_0_esp_semantic_type_sizing,0.0014865019893769
mdgnc_edge_failures,ESP + EW,10,7,25,f1_mass.interaction.graph_1_edge_weight_sizing,0.0978582189465463
mdgnc_edge_failures,ESP + EW,10,7,50,f0_failure_rate.graph_0.esp_semantic_type,0.2273372067469717
mdgnc_edge_failures,ESP + EW,10,7,50,f0_failure_rate.graph_1.edge_weight,0.3766703331088337
mdgnc_edge_failures,ESP + EW,10,7,50,f0_failure_rate.sizing,0.0022733720674697
mdgnc_edge_failures,ESP + EW,10,7,50,f0_failure_rate.interaction.graph_0_esp_semantic_type_graph_1_edge_weight,0.3891723439417852
mdgnc_edge_failures,ESP + EW,10,7,50,f0_failure_rate.interaction.graph_0_esp_semantic_type_sizing,0.0022733720674697
mdgnc_edge_failures,ESP + EW,10,7,50,f0_failure_rate.interaction.graph_1_edge_weight_sizing,0.0022733720674698
mdgnc_edge_failures,ESP + EW,10,7,50,f1_mass.graph_0.esp_semantic_type,0.1539926829316063
mdgnc_edge_failures,ESP + EW,10,7,50,f1_mass.graph_1.edge_weight,0.2849829707011689
mdgnc_edge_failures,ESP + EW,10,7,50,f1_mass.sizing,0.3412921067579906
mdgnc_edge_failures,ESP + EW,10,7,50,f1_mass.interaction.graph_0_esp_semantic_type_graph_1_edge_weight,0.0610227042733754
mdgnc_edge_failures,ESP + EW,10,7,50,f1_mass.interaction.graph_0_esp_semantic_type_sizing,0.001539926829316
mdgnc_edge_failures,ESP + EW,10,7,50,f1_mass.interaction.graph_1_edge_weight_sizing,0.1571696085065426
mdgnc_edge_failures,ESP + EW,10,7,75,f0_failure_rate.graph_0.esp_semantic_type,0.0034482247131851
mdgnc_edge_failures,ESP + EW,10,7,75,f0_failure_rate.graph_1.edge_weight,0.1062960875528906
mdgnc_edge_failures,ESP + EW,10,7,75,f0_failure_rate.sizing,0.1569141148935994
mdgnc_edge_failures,ESP + EW,10,7,75,f0_failure_rate.interaction.graph_0_esp_semantic_type_graph_1_edge_weight,0.2605645162020457
mdgnc_edge_failures,ESP + EW,10,7,75,f0_failure_rate.interaction.graph_0_esp_semantic_type_sizing,0.1451069504845426
mdgnc_edge_failures,ESP + EW,10,7,75,f0_failure_rate.interaction.graph_1_edge_weight_sizing,0.3276701061537362
mdgnc_edge_failures,ESP + EW,10,7,75,f1_mass.graph_0.esp_semantic_type,0.0034111783799505
mdgnc_edge_failures,ESP + EW,10,7,75,f1_mass.graph_1.edge_weight,0.1093114423507344
mdgnc_edge_failures,ESP + EW,10,7,75,f1_mass.sizing,0.1579175282369623
mdgnc_edge_failures,ESP + EW,10,7,75,f1_mass.interaction.graph_0_esp_semantic_type_graph_1_edge_weight,0.2580417835085148
mdgnc_edge_failures,ESP + EW,10,7,75,f1_mass.interaction.graph_0_esp_semantic_type_sizing,0.143939441384562
mdgnc_edge_failures,ESP + EW,10,7,75,f1_mass.interaction.graph_1_edge_weight_sizing,0.3273786261392756
mdgnc_edge_failures,ESP + EW,10,7,100,f0_failure_rate.graph_0.esp_semantic_type,0.003433269475723
mdgnc_edge_failures,ESP + EW,10,7,100,f0_failure_rate.graph_1.edge_weight,0.1057953580650688
mdgnc_edge_failures,ESP + EW,10,7,100,f0_failure_rate.sizing,0.1577049426805779
mdgnc_edge_failures,ESP + EW,10,7,100,f0_failure_rate.interaction.graph_0_esp_semantic_type_graph_1_edge_weight,0.2607086418710351
mdgnc_edge_failures,ESP + EW,10,7,100,f0_failure_rate.interaction.graph_0_esp_semantic_type_sizing,0.1453387941414192
mdgnc_edge_failures,ESP + EW,10,7,100,f0_failure_rate.interaction.graph_1_edge_weight_sizing,0.327018993766176
mdgnc_edge_failures,ESP + EW,10,7,100,f1_mass.graph_0.esp_semantic_type,0.0034203918716549
mdgnc_edge_failures,ESP + EW,10,7,100,f1_mass.graph_1.edge_weight,0.1062824450840797
mdgnc_edge_failures,ESP + EW,10,7,100,f1_mass.sizing,0.1580991091489684
mdgnc_edge_failures,ESP + EW,10,7,100,f1_mass.interaction.graph_0_esp_semantic_type_graph_1_edge_weight,0.2588033190826335
mdgnc_edge_failures,ESP + EW,10,7,100,f1_mass.interaction.graph_0_esp_semantic_type_sizing,0.1441130602010795
mdgnc_edge_failures,ESP + EW,10,7,100,f1_mass.interaction.graph_1_edge_weight_sizing,0.3292816746115837
mdgnc_edge_failures,ESP + EW,10,7,125,f0_failure_rate.graph_0.esp_semantic_type,0.0034434661814133
mdgnc_edge_failures,ESP + EW,10,7,125,f0_failure_rate.graph_1.edge_weight,0.1076232225967917
mdgnc_edge_failures,ESP + EW,10,7,125,f0_failure_rate.sizing,0.155447996547722
mdgnc_edge_failures,ESP + EW,10,7,125,f0_failure_rate.interaction.graph_0_esp_semantic_type_graph_1_edge_weight,0.2619463132560634
mdgnc_edge_failures,ESP + EW,10,7,125,f0_failure_rate.interaction.graph_0_esp_semantic_type_sizing,0.1432085960047311
mdgnc_edge_failures,ESP + EW,10,7,125,f0_failure_rate.interaction.graph_1_edge_weight_sizing,0.3283304054132782
mdgnc_edge_failures,ESP + EW,10,7,125,f1_mass.graph_0.esp_semantic_type,0.0034328925649759
mdgnc_edge_failures,ESP + EW,10,7,125,f1_mass.graph_1.edge_weight,0.1126382153682952
mdgnc_edge_failures,ESP + EW,10,7,125,f1_mass.sizing,0.1596863060680613
mdgnc_edge_failures,ESP + EW,10,7,125,f1_mass.interaction.graph_0_esp_semantic_type_graph_1_edge_weight,0.2621418946207975
mdgnc_edge_failures,ESP + EW,10,7,125,f1_mass.interaction.graph_0_esp_semantic_type_sizing,0.1374304911724751
mdgnc_edge_failures,ESP + EW,10,7,125,f1_mass.interaction.graph_1_edge_weight_sizing,0.3246702002053946
mdgnc_edge_failures,ESP + EW,10,7,150,f0_failure_rate.graph_0.esp_semantic_type,0.0034520714715892
mdgnc_edge_failures,ESP + EW,10,7,150,f0_failure_rate.graph_1.edge_weight,0.1064799928602979
mdgnc_edge_failures,ESP + EW,10,7,150,f0_failure_rate.sizing,0.1564912256460921
mdgnc_edge_failures,ESP + EW,10,7,150,f0_failure_rate.interaction.graph_0_esp_semantic_type_graph_1_edge_weight,0.2630628850354686
mdgnc_edge_failures,ESP + EW,10,7,150,f0_failure_rate.interaction.graph_0_esp_semantic_type_sizing,0.1434861243834828
mdgnc_edge_failures,ESP + EW,10,7,150,f0_failure_rate.interaction.graph_1_edge_weight_sizing,0.3270277006030691
mdgnc_edge_failures,ESP + EW,10,7,150,f1_mass.graph_0.esp_semantic_type,0.0030902192213621
mdgnc_edge_failures,ESP + EW,10,7,150,f1_mass.graph_1.edge_weight,0.2433295200943521
mdgnc_edge_failures,ESP + EW,10,7,150,f1_mass.sizing,0.1663422497054702
mdgnc_edge_failures,ESP + EW,10,7,150,f1_mass.interaction.graph_0_esp_semantic_type_graph_1_edge_weight,0.2802126358787626
mdgnc_edge_failures,ESP + EW,10,7,150,f1_mass.interaction.graph_0_esp_semantic_type_sizing,0.0462466620905396
mdgnc_edge_failures,ESP + EW,10,7,150,f1_mass.interaction.graph_1_edge_weight_sizing,0.260778713009513
mdgnc_edge_failures,ESP + EW,10,7,175,f0_failure_rate.graph_0.esp_semantic_type,0.0034436459934047
mdgnc_edge_failures,ESP + EW,10,7,175,f0_failure_rate.graph_1.edge_weight,0.1089158095770926
mdgnc_edge_failures,ESP + EW,10,7,175,f0_failure_rate.sizing,0.1558870672519735
mdgnc_edge_failures,ESP + EW,10,7,175,f0_failure_rate.interaction.graph_0_esp_semantic_type_graph_1_edge_weight,0.2600659192049508
mdgnc_edge_failures,ESP + EW,10,7,175,f0_failure_rate.interaction.graph_0_esp_semantic_type_sizing,0.144987728236406
mdgnc_edge_failures,ESP + EW,10,7,175,f0_failure_rate.interaction.graph_1_edge_weight_sizing,0.3266998297361723
mdgnc_edge_failures,ESP + EW,10,7,175,f1_mass.graph_0.esp_semantic_type,0.003031785004544
mdgnc_edge_failures,ESP + EW,10,7,175,f1_mass.graph_1.edge_weight,0.2393327729470656
mdgnc_edge_failures,ESP + EW,10,7,175,f1_mass.sizing,0.1676907305324695
mdgnc_edge_failures,ESP + EW,10,7,175,f1_mass.interaction.graph_0_esp_semantic_type_graph_1_edge_weight,0.2787401656523433
mdgnc_edge_failures,ESP + EW,10,7,175,f1_mass.interaction.graph_0_esp_semantic_type_sizing,0.0476239283633054
mdgnc_edge_failures,ESP + EW,10,7,175,f1_mass.interaction.graph_1_edge_weight_sizing,0.2635806175002722
mdgnc_edge_failures,ESP + EW,10,7,200,f0_failure_rate.graph_0.esp_semantic_type,0.0034526929227909
mdgnc_edge_failures,ESP + EW,10,7,200,f0_failure_rate.graph_1.edge_weight,0.1069557031243697
mdgnc_edge_failures,ESP + EW,10,7,200,f0_failure_rate.sizing,0.1558751444888623
mdgnc_edge_failures,ESP + EW,10,7,200,f0_failure_rate.interaction.graph_0_esp_semantic_type_graph_1_edge_weight,0.2611681418002614
mdgnc_edge_failures,ESP + EW,10,7,200,f0_failure_rate.interaction.graph_0_esp_semantic_type_sizing,0.1442638249021212
mdgnc_edge_failures,ESP + EW,10,7,200,f0_failure_rate.interaction.graph_1_edge_weight_sizing,0.3282844927615942
mdgnc_edge_failures,ESP + EW,10,7,200,f1_mass.graph_0.esp_semantic_type,0.0030732978727787
mdgnc_edge_failures,ESP + EW,10,7,200,f1_mass.graph_1.edge_weight,0.2432237704991935
mdgnc_edge_failures,ESP + EW,10,7,200,f1_mass.sizing,0.1654141835969646
mdgnc_edge_failures,ESP + EW,10,7,200,f1_mass.interaction.graph_0_esp_semantic_type_graph_1_edge_weight,0.2818740607969207
mdgnc_edge_failures,ESP + EW,10,7,200,f1_mass.interaction.graph_0_esp_semantic_type_sizing,0.0496847928765374
mdgnc_edge_failures,ESP + EW,10,7,200,f1_mass.interaction.graph_1_edge_weight_sizing,0.2567298943576049
mdgnc_edge_failures,ESP + EW,10,7,225,f0_failure_rate.graph_0.esp_semantic_type,0.2723018348684228
mdgnc_edge_failures,ESP + EW,10,7,225,f0_failure_rate.graph_1.edge_weight,0.1031492716637526
mdgnc_edge_failures,ESP + EW,10,7,225,f0_failure_rate.sizing,0.1000210461567178
mdgnc_edge_failures,ESP + EW,10,7,225,f0_failure_rate.interaction.graph_0_esp_semantic_type_graph_1_edge_weight,0.1738434580607951
mdgnc_edge_failures,ESP + EW,10,7,225,f0_failure_rate.interaction.graph_0_esp_semantic_type_sizing,0.303730832909748
mdgnc_edge_failures,ESP + EW,10,7,225,f0_failure_rate.interaction.graph_1_edge_weight_sizing,0.0469535563405636
mdgnc_edge_failures,ESP + EW,10,7,225,f1_mass.graph_0.esp_semantic_type,0.1569054202015866
mdgnc_edge_failures,ESP + EW,10,7,225,f1_mass.graph_1.edge_weight,0.1645608041145462
mdgnc_edge_failures,ESP + EW,10,7,225,f1_mass.sizing,0.4054686561526335
mdgnc_edge_failures,ESP + EW,10,7,225,f1_mass.interaction.graph_0_esp_semantic_type_graph_1_edge_weight,0.0015690542020158
mdgnc_edge_failures,ESP + EW,10,7,225,f1_mass.interaction.graph_0_esp_semantic_type_sizing,0.0015690542020158
mdgnc_edge_failures,ESP + EW,10,7,225,f1_mass.interaction.graph_1_edge_weight_sizing,0.2699270111272019
mdgnc_edge_failures,ESP + EW,10,7,250,f0_failure_rate.graph_0.esp_semantic_type,0.0034302287053312
mdgnc_edge_failures,ESP + EW,10,7,250,f0_failure_rate.graph_1.edge_weight,0.1082341437548571
mdgnc_edge_failures,ESP + EW,10,7,250,f0_failure_rate.sizing,0.1573420183094453
mdgnc_edge_failures,ESP + EW,10,7,250,f0_failure_rate.interaction.graph_0_esp_semantic_type_graph_1_edge_weight,0.263259984128632
mdgnc_edge_failures,ESP + EW,10,7,250,f0_failure_rate.interaction.graph_0_esp_semantic_type_sizing,0.1397818435208545
mdgnc_edge_failures,ESP + EW,10,7,250,f0_failure_rate.interaction.graph_1_edge_weight_sizing,0.3279517815808796
mdgnc_edge_failures,ESP + EW,10,7,250,f1_mass.graph_0.esp_semantic_type,0.003073026942379
mdgnc_edge_failures,ESP + EW,10,7,250,f1_mass.graph_1.edge_weight,0.237660414910818
mdgnc_edge_failures,ESP + EW,10,7,250,f1_mass.sizing,0.1708379844035284
mdgnc_edge_failures,ESP + EW,10,7,250,f1_mass.interaction.graph_0_esp_semantic_type_graph_1_edge_weight,0.2762986445735251
mdgnc_edge_failures,ESP + EW,10,7,250,f1_mass.interaction.graph_0_esp_semantic_type_sizing,0.0514317774366546
mdgnc_edge_failures,ESP + EW,10,7,250,f1_mass.interaction.graph_1_edge_weight_sizing,0.2606981517330948
mdgnc_edge_failures,ESP + EW,10,7,275,f0_failure_rate.graph_0.esp_semantic_type,0.1886702081845844
mdgnc_edge_failures,ESP + EW,10,7,275,f0_failure_rate.graph_1.edge_weight,0.2708985914464838
mdgnc_edge_failures,ESP + EW,10,7,275,f0_failure_rate.sizing,0.1062657697513023
mdgnc_edge_failures,ESP + EW,10,7,275,f0_failure_rate.interaction.graph_0_esp_semantic_type_graph_1_edge_weight,0.3463900872147368
mdgnc_edge_failures,ESP + EW,10,7,275,f0_failure_rate.interaction.graph_0_esp_semantic_type_sizing,0.0465523822423414
mdgnc_edge_failures,ESP + EW,10,7,275,f0_failure_rate.interaction.graph_1_edge_weight_sizing,0.041222961160551
mdgnc_edge_failures,ESP + EW,10,7,275,f1_mass.graph_0.esp_semantic_type,0.1496674149550196
mdgnc_edge_failures,ESP + EW,10,7,275,f1_mass.graph_1.edge_weight,0.1712606838035937
mdgnc_edge_failures,ESP + EW,10,7,275,f1_mass.sizing,0.381793835011928
mdgnc_edge_failures,ESP + EW,10,7,275,f1_mass.interaction.graph_0_esp_semantic_type_graph_1_edge_weight,0.0464466350518497
mdgnc_edge_failures,ESP + EW,10,7,275,f1_mass.interaction.graph_0_esp_semantic_type_sizing,0.0014966741495501
mdgnc_edge_failures,ESP + EW,10,7,275,f1_mass.interaction.graph_1_edge_weight_sizing,0.2493347570280587
mdgnc_edge_failures,ESP + EW,10,7,300,f0_failure_rate.graph_0.esp_semantic_type,0.1234907146195867
mdgnc_edge_failures,ESP + EW,10,7,300,f0_failure_rate.graph_1.edge_weight,0.2650643423986361
mdgnc_edge_failures,ESP + EW,10,7,300,f0_failure_rate.sizing,0.212590792312399
mdgnc_edge_failures,ESP + EW,10,7,300,f0_failure_rate.interaction.graph_0_esp_semantic_type_graph_1_edge_weight,0.1643335753370695
mdgnc_edge_failures,ESP + EW,10,7,300,f0_failure_rate.interaction.graph_0_esp_semantic_type_sizing,0.1393475051298951
mdgnc_edge_failures,ESP + EW,10,7,300,f0_failure_rate.interaction.graph_1_edge_weight_sizing,0.0951730702024136
mdgnc_edge_failures,ESP + EW,10,7,300,f1_mass.graph_0.esp_semantic_type,0.1188298241658708
mdgnc_edge_failures,ESP + EW,10,7,300,f1_mass.graph_1.edge_weight,0.2989860308796654
mdgnc_edge_failures,ESP + EW,10,7,300,f1_mass.sizing,0.4166855107457711
mdgnc_edge_failures,ESP + EW,10,7,300,f1_mass.interaction.graph_0_esp_semantic_type_graph_1_edge_weight,0.0011882982416587
mdgnc_edge_failures,ESP + EW,10,7,300,f1_mass.interaction.graph_0_esp_semantic_type_sizing,0.0011882982416587
mdgnc_edge_failures,ESP + EW,10,7,300,f1_mass.interaction.graph_1_edge_weight_sizing,0.1631220377253751
mdgnc_edge_failures,ESP + EW,10,8,25,f0_failure_rate.graph_0.esp_semantic_type,0.0030735812913886
mdgnc_edge_failures,ESP + EW,10,8,25,f0_failure_rate.graph_1.edge_weight,0.2403905271816429
mdgnc_edge_failures,ESP + EW,10,8,25,f0_failure_rate.sizing,0.1662005755140976
mdgnc_edge_failures,ESP + EW,10,8,25,f0_failure_rate.interaction.graph_0_esp_semantic_type_graph_1_edge_weight,0.2808817826438576
mdgnc_edge_failures,ESP + EW,10,8,25,f0_failure_rate.interaction.graph_0_esp_semantic_type_sizing,0.0521879468113356
mdgnc_edge_failures,ESP + EW,10,8,25,f0_failure_rate.interaction.graph_1_edge_weight_sizing,0.2572655865576775
mdgnc_edge_failures,ESP + EW,10,8,25,f1_mass.graph_0.esp_semantic_type,0.0025019653482818
mdgnc_edge_failures,ESP + EW,10,8,25,f1_mass.graph_1.edge_weight,0.1411760539286723
mdgnc_edge_failures,ESP + EW,10,8,25,f1_mass.sizing,0.2462868758510431
mdgnc_edge_failures,ESP + EW,10,8,25,f1_mass.interaction.graph_0_esp_semantic_type_graph_1_edge_weight,0.2164959702207759
mdgnc_edge_failures,ESP + EW,10,8,25,f1_mass.interaction.graph_0_esp_semantic_type_sizing,0.2226014270031905
mdgnc_edge_failures,ESP + EW,10,8,25,f1_mass.interaction.graph_1_edge_weight_sizing,0.170937707648036
mdgnc_edge_failures,ESP + EW,10,8,50,f0_failure_rate.graph_0.esp_semantic_type,0.2344076084031335
mdgnc_edge_failures,ESP + EW,10,8,50,f0_failure_rate.graph_1.edge_weight,0.4237555516048313
mdgnc_edge_failures,ESP + EW,10,8,50,f0_failure_rate.sizing,0.0023440760840313
mdgnc_edge_failures,ESP + EW,10,8,50,f0_failure_rate.interaction.graph_0_esp_semantic_type_graph_1_edge_weight,0.3348046117399414
mdgnc_edge_failures,ESP + EW,10,8,50,f0_failure_rate.interaction.graph_0_esp_semantic_type_sizing,0.0023440760840313
mdgnc_edge_failures,ESP + EW,10,8,50,f0_failure_rate.interaction.graph_1_edge_weight_sizing,0.0023440760840313
mdgnc_edge_failures,ESP + EW,10,8,50,f1_mass.graph_0.esp_semantic_type,0.1552607152891126
mdgnc_edge_failures,ESP + EW,10,8,50,f1_mass.graph_1.edge_weight,0.3864392111635121
mdgnc_edge_failures,ESP + EW,10,8,50,f1_mass.sizing,0.3182882528558547
mdgnc_edge_failures,ESP + EW,10,8,50,f1_mass.interaction.graph_0_esp_semantic_type_graph_1_edge_weight,0.0138012511926855
mdgnc_edge_failures,ESP + EW,10,8,50,f1_mass.interaction.graph_0_esp_semantic_type_sizing,0.0015526071528911
mdgnc_edge_failures,ESP + EW,10,8,50,f1_mass.interaction.graph_1_edge_weight_sizing,0.1246579623459439
mdgnc_edge_failures,ESP + EW,10,8,75,f0_failure_rate.graph_0.esp_semantic_type,0.0030639602897905
mdgnc_edge_failures,ESP + EW,10,8,75,f0_failure_rate.graph_1.edge_weight,0.2406122818219839
mdgnc_edge_failures,ESP + EW,10,8,75,f0_failure_rate.sizing,0.1667694932606649
mdgnc_edge_failures,ESP + EW,10,8,75,f0_failure_rate.interaction.graph_0_esp_semantic_type_graph_1_edge_weight,0.2789189572206355
mdgnc_edge_failures,ESP + EW,10,8,75,f0_failure_rate.interaction.graph_0_esp_semantic_type_sizing,0.0530978236730091
mdgnc_edge_failures,ESP + EW,10,8,75,f0_failure_rate.interaction.graph_1_edge_weight_sizing,0.257537483733916
mdgnc_edge_failures,ESP + EW,10,8,75,f1_mass.graph_0.esp_semantic_type,0.0030797153593316
mdgnc_edge_failures,ESP + EW,10,8,75,f1_mass.graph_1.edge_weight,0.2432233258536259
mdgnc_edge_failures,ESP + EW,10,8,75,f1_mass.sizing,0.171496522080917
mdgnc_edge_failures,ESP + EW,10,8,75,f1_mass.interaction.graph_0_esp_semantic_type_graph_1_edge_weight,0.2765726652176756
mdgnc_edge_failures,ESP + EW,10,8,75,f1_mass.interaction.graph_0_esp_semantic_type_sizing,0.053996793273654
mdgnc_edge_failures,ESP + EW,10,8,75,f1_mass.interaction.graph_1_edge_weight_sizing,0.2516309782147958
mdgnc_edge_failures,ESP + EW,10,8,100,f0_failure_rate.graph_0.esp_semantic_type,0.212964626070342
mdgnc_edge_failures,ESP + EW,10,8,100,f0_failure_rate.graph_1.edge_weight,0.3068816937539533
mdgnc_edge_failures,ESP + EW,10,8,100,f0_failure_rate.sizing,0.0021296462607034
mdgnc_edge_failures,ESP + EW,10,8,100,f0_failure_rate.interaction.graph_0_esp_semantic_type_graph_1_edge_weight,0.3674824765517863
mdgnc_edge_failures,ESP + EW,10,8,100,f0_failure_rate.interaction.graph_0_esp_semantic_type_sizing,0.0100213987626528
mdgnc_edge_failures,ESP + EW,10,8,100,f0_failure_rate.interaction.graph_1_edge_weight_sizing,0.1005201586005619
mdgnc_edge_failures,ESP + EW,10,8,100,f1_mass.graph_0.esp_semantic_type,0.1589447204477364
mdgnc_edge_failures,ESP + EW,10,8,100,f1_mass.graph_1.edge_weight,0.2852156295015037
mdgnc_edge_failures,ESP + EW,10,8,100,f1_mass.sizing,0.3022911430797209
mdgnc_edge_failures,ESP + EW,10,8,100,f1_mass.interaction.graph_0_esp_semantic_type_graph_1_edge_weight,0.0015894472044773
mdgnc_edge_failures,ESP + EW,10,8,100,f1_mass.interaction.graph_0_esp_semantic_type_sizing,0.0015894472044773
mdgnc_edge_failures,ESP + EW,10,8,100,f1_mass.interaction.graph_1_edge_weight_sizing,0.2503696125620843
mdgnc_edge_failures,ESP + EW,10,8,125,f0_failure_rate.graph_0.esp_semantic_type,0.2571084196036009
mdgnc_edge_failures,ESP + EW,10,8,125,f0_failure_rate.graph_1.edge_weight,0.3788416328075696
mdgnc_edge_failures,ESP + EW,10,8,125,f0_failure_rate.sizing,0.002571084196036
mdgnc_edge_failures,ESP + EW,10,8,125,f0_failure_rate.interaction.graph_0_esp_semantic_type_graph_1_edge_weight,0.322236582967278
mdgnc_edge_failures,ESP + EW,10,8,125,f0_failure_rate.interaction.graph_0_esp_semantic_type_sizing,0.0259504029159711
mdgnc_edge_failures,ESP + EW,10,8,125,f0_failure_rate.interaction.graph_1_edge_weight_sizing,0.0132918775095443
mdgnc_edge_failures,ESP + EW,10,8,125,f1_mass.graph_0.esp_semantic_type,0.169363206181039
mdgnc_edge_failures,ESP + EW,10,8,125,f1_mass.graph_1.edge_weight,0.1997006327127131
mdgnc_edge_failures,ESP + EW,10,8,125,f1_mass.sizing,0.3962260504571241
mdgnc_edge_failures,ESP + EW,10,8,125,f1_mass.interaction.graph_0_esp_semantic_type_graph_1_edge_weight,0.0016936320618103
mdgnc_edge_failures,ESP + EW,10,8,125,f1_mass.interaction.graph_0_esp_semantic_type_sizing,0.0016936320618103
mdgnc_edge_failures,ESP + EW,10,8,125,f1_mass.interaction.graph_1_edge_weight_sizing,0.231322846525503
mdgnc_edge_failures,ESP + EW,10,8,150,f0_failure_rate.graph_0.esp_semantic_type,0.0034353257457216
mdgnc_edge_failures,ESP + EW,10,8,150,f0_failure_rate.graph_1.edge_weight,0.1061072148867007
mdgnc_edge_failures,ESP + EW,10,8,150,f0_failure_rate.sizing,0.1578151123223606
mdgnc_edge_failures,ESP + EW,10,8,150,f0_failure_rate.interaction.graph_0_esp_semantic_type_graph_1_edge_weight,0.2614312563669801
mdgnc_edge_failures,ESP + EW,10,8,150,f0_failure_rate.interaction.graph_0_esp_semantic_type_sizing,0.1426368946857168
mdgnc_edge_failures,ESP + EW,10,8,150,f0_failure_rate.interaction.graph_1_edge_weight_sizing,0.3285741959925201
mdgnc_edge_failures,ESP + EW,10,8,150,f1_mass.graph_0.esp_semantic_type,0.003059637418683
mdgnc_edge_failures,ESP + EW,10,8,150,f1_mass.graph_1.edge_weight,0.2427423692939695
mdgnc_edge_failures,ESP + EW,10,8,150,f1_mass.sizing,0.1719818432385944
mdgnc_edge_failures,ESP + EW,10,8,150,f1_mass.interaction.graph_0_esp_semantic_type_graph_1_edge_weight,0.273568356553375
mdgnc_edge_failures,ESP + EW,10,8,150,f1_mass.interaction.graph_0_esp_semantic_type_sizing,0.0537962976417594
mdgnc_edge_failures,ESP + EW,10,8,150,f1_mass.interaction.graph_1_edge_weight_sizing,0.2548514958536184
mdgnc_edge_failures,ESP + EW,10,8,175,f0_failure_rate.graph_0.esp_semantic_type,0.2720272575940865
mdgnc_edge_failures,ESP + EW,10,8,175,f0_failure_rate.graph_1.edge_weight,0.3499284887563786
mdgnc_edge_failures,ESP + EW,10,8,175,f0_failure_rate.sizing,0.0027202725759408
mdgnc_edge_failures,ESP + EW,10,8,175,f0_failure_rate.interaction.graph_0_esp_semantic_type_graph_1_edge_weight,0.3287827101759211
mdgnc_edge_failures,ESP + EW,10,8,175,f0_failure_rate.interaction.graph_0_esp_semantic_type_sizing,0.043820998321732
mdgnc_edge_failures,ESP + EW,10,8,175,f0_failure_rate.interaction.graph_1_edge_weight_sizing,0.0027202725759408
mdgnc_edge_failures,ESP + EW,10,8,175,f1_mass.graph_0.esp_semantic_type,0.1507651721981916
mdgnc_edge_failures,ESP + EW,10,8,175,f1_mass.graph_1.edge_weight,0.3105933593166384
mdgnc_edge_failures,ESP + EW,10,8,175,f1_mass.sizing,0.4125765767057221
mdgnc_edge_failures,ESP + EW,10,8,175,f1_mass.interaction.graph_0_esp_semantic_type_graph_1_edge_weight,0.0015076517219819
mdgnc_edge_failures,ESP + EW,10,8,175,f1_mass.interaction.graph_0_esp_semantic_type_sizing,0.0015076517219819
mdgnc_edge_failures,ESP + EW,10,8,175,f1_mass.interaction.graph_1_edge_weight_sizing,0.1230495883354839
mdgnc_edge_failures,ESP + EW,10,8,200,f0_failure_rate.graph_0.esp_semantic_type,0.0034360291001121
mdgnc_edge_failures,ESP + EW,10,8,200,f0_failure_rate.graph_1.edge_weight,0.1084728549122458
mdgnc_edge_failures,ESP + EW,10,8,200,f0_failure_rate.sizing,0.1568973263270502
mdgnc_edge_failures,ESP + EW,10,8,200,f0_failure_rate.interaction.graph_0_esp_semantic_type_graph_1_edge_weight,0.263298635780002
mdgnc_edge_failures,ESP + EW,10,8,200,f0_failure_rate.interaction.graph_0_esp_semantic_type_sizing,0.1422996508151288
mdgnc_edge_failures,ESP + EW,10,8,200,f0_failure_rate.interaction.graph_1_edge_weight_sizing,0.325595503065461
mdgnc_edge_failures,ESP + EW,10,8,200,f1_mass.graph_0.esp_semantic_type,0.0030194308268979
mdgnc_edge_failures,ESP + EW,10,8,200,f1_mass.graph_1.edge_weight,0.2398263260732881
mdgnc_edge_failures,ESP + EW,10,8,200,f1_mass.sizing,0.166149286451391
mdgnc_edge_failures,ESP + EW,10,8,200,f1_mass.interaction.graph_0_esp_semantic_type_graph_1_edge_weight,0.2737191952361207
mdgnc_edge_failures,ESP + EW,10,8,200,f1_mass.interaction.graph_0_esp_semantic_type_sizing,0.0526112265045434
mdgnc_edge_failures,ESP + EW,10,8,200,f1_mass.interaction.graph_1_edge_weight_sizing,0.2646745349077586
mdgnc_edge_failures,ESP + EW,10,8,225,f0_failure_rate.graph_0.esp_semantic_type,0.003438794556962
mdgnc_edge_failures,ESP + EW,10,8,225,f0_failure_rate.graph_1.edge_weight,0.1076963199812646
mdgnc_edge_failures,ESP + EW,10,8,225,f0_failure_rate.sizing,0.1582183858458951
mdgnc_edge_failures,ESP + EW,10,8,225,f0_failure_rate.interaction.graph_0_esp_semantic_type_graph_1_edge_weight,0.2613043978408314
mdgnc_edge_failures,ESP + EW,10,8,225,f0_failure_rate.interaction.graph_0_esp_semantic_type_sizing,0.1432740180584644
mdgnc_edge_failures,ESP + EW,10,8,225,f0_failure_rate.interaction.graph_1_edge_weight_sizing,0.3260680837165822
mdgnc_edge_failures,ESP + EW,10,8,225,f1_mass.graph_0.esp_semantic_type,0.0030868276563
mdgnc_edge_failures,ESP + EW,10,8,225,f1_mass.graph_1.edge_weight,0.2429302053369982
mdgnc_edge_failures,ESP + EW,10,8,225,f1_mass.sizing,0.1671387351359973
mdgnc_edge_failures,ESP + EW,10,8,225,f1_mass.interaction.graph_0_esp_semantic_type_graph_1_edge_weight,0.282494484153874
mdgnc_edge_failures,ESP + EW,10,8,225,f1_mass.interaction.graph_0_esp_semantic_type_sizing,0.0504991121235154
mdgnc_edge_failures,ESP + EW,10,8,225,f1_mass.interaction.graph_1_edge_weight_sizing,0.2538506355933149
mdgnc_edge_failures,ESP + EW,10,8,250,f0_failure_rate.graph_0.esp_semantic_type,0.0034433539548176
mdgnc_edge_failures,ESP + EW,10,8,250,f0_failure_rate.graph_1.edge_weight,0.1064789911667379
mdgnc_edge_failures,ESP + EW,10,8,250,f0_failure_rate.sizing,0.1576192611548641
mdgnc_edge_failures,ESP + EW,10,8,250,f0_failure_rate.interaction.graph_0_esp_semantic_type_graph_1_edge_weight,0.2609050144261027
mdgnc_edge_failures,ESP + EW,10,8,250,f0_failure_rate.interaction.graph_0_esp_semantic_type_sizing,0.1435554868476262
mdgnc_edge_failures,ESP + EW,10,8,250,f0_failure_rate.interaction.graph_1_edge_weight_sizing,0.3279978924498511
mdgnc_edge_failures,ESP + EW,10,8,250,f1_mass.graph_0.esp_semantic_type,0.0030642778525891
mdgnc_edge_failures,ESP + EW,10,8,250,f1_mass.graph_1.edge_weight,0.2368603803948183
mdgnc_edge_failures,ESP + EW,10,8,250,f1_mass.sizing,0.1706641801194997
mdgnc_edge_failures,ESP + EW,10,8,250,f1_mass.interaction.graph_0_esp_semantic_type_graph_1_edge_weight,0.2817536002902363
mdgnc_edge_failures,ESP + EW,10,8,250,f1_mass.interaction.graph_0_esp_semantic_type_sizing,0.0511103465217103
mdgnc_edge_failures,ESP + EW,10,8,250,f1_mass.interaction.graph_1_edge_weight_sizing,0.256547214821146
mdgnc_edge_failures,ESP + EW,10,8,275,f0_failure_rate.graph_0.esp_semantic_type,0.0034422072716838
mdgnc_edge_failures,ESP + EW,10,8,275,f0_failure_rate.graph_1.edge_weight,0.1059075387169633
mdgnc_edge_failures,ESP + EW,10,8,275,f0_failure_rate.sizing,0.1575907406251037
mdgnc_edge_failures,ESP + EW,10,8,275,f0_failure_rate.interaction.graph_0_esp_semantic_type_graph_1_edge_weight,0.2622501000356963
mdgnc_edge_failures,ESP + EW,10,8,275,f0_failure_rate.interaction.graph_0_esp_semantic_type_sizing,0.1454316414748186
mdgnc_edge_failures,ESP + EW,10,8,275,f0_failure_rate.interaction.graph_1_edge_weight_sizing,0.3253777718757342
mdgnc_edge_failures,ESP + EW,10,8,275,f1_mass.graph_0.esp_semantic_type,0.0030702361495041
mdgnc_edge_failures,ESP + EW,10,8,275,f1_mass.graph_1.edge_weight,0.2382929539489508
mdgnc_edge_failures,ESP + EW,10,8,275,f1_mass.sizing,0.1709565646906038
mdgnc_edge_failures,ESP + EW,10,8,275,f1_mass.interaction.graph_0_esp_semantic_type_graph_1_edge_weight,0.278717759491887
mdgnc_edge_failures,ESP + EW,10,8,275,f1_mass.interaction.graph_0_esp_semantic_type_sizing,0.0487307938321694
mdgnc_edge_failures,ESP + EW,10,8,275,f1_mass.interaction.graph_1_edge_weight_sizing,0.2602316918868849
mdgnc_edge_failures,ESP + EW,10,8,300,f0_failure_rate.graph_0.esp_semantic_type,0.0034392500383573
mdgnc_edge_failures,ESP + EW,10,8,300,f0_failure_rate.graph_1.edge_weight,0.1086987726160457
mdgnc_edge_failures,ESP + EW,10,8,300,f0_failure_rate.sizing,0.1570083126500274
mdgnc_edge_failures,ESP + EW,10,8,300,f0_failure_rate.interaction.graph_0_esp_semantic_type_graph_1_edge_weight,0.2615390173131002
mdgnc_edge_failures,ESP + EW,10,8,300,f0_failure_rate.interaction.graph_0_esp_semantic_type_sizing,0.1441414354958216
mdgnc_edge_failures,ESP + EW,10,8,300,f0_failure_rate.interaction.graph_1_edge_weight_sizing,0.3251732118866477
mdgnc_edge_failures,ESP + EW,10,8,300,f1_mass.graph_0.esp_semantic_type,0.00312738333739
mdgnc_edge_failures,ESP + EW,10,8,300,f1_mass.graph_1.edge_weight,0.2368292163922876
mdgnc_edge_failures,ESP + EW,10,8,300,f1_mass.sizing,0.1729683919179641
mdgnc_edge_failures,ESP + EW,10,8,300,f1_mass.interaction.graph_0_esp_semantic_type_graph_1_edge_weight,0.2831551020719333
mdgnc_edge_failures,ESP + EW,10,8,300,f1_mass.interaction.graph_0_esp_semantic_type_sizing,0.0446996392155283
mdgnc_edge_failures,ESP + EW,10,8,300,f1_mass.interaction.graph_1_edge_weight_sizing,0.2592202670648966
mdgnc_edge_failures,ESP + EW,10,9,25,f0_failure_rate.graph_0.esp_semantic_type,0.0031069833198019
mdgnc_edge_failures,ESP + EW,10,9,25,f0_failure_rate.graph_1.edge_weight,0.2786364990250078
mdgnc_edge_failures,ESP + EW,10,9,25,f0_failure_rate.sizing,0.2520876349567917
mdgnc_edge_failures,ESP + EW,10,9,25,f0_failure_rate.interaction.graph_0_esp_semantic_type_graph_1_edge_weight,0.1547538595130425
mdgnc_edge_failures,ESP + EW,10,9,25,f0_failure_rate.interaction.graph_0_esp_semantic_type_sizing,0.1767785241998028
mdgnc_edge_failures,ESP + EW,10,9,25,f0_failure_rate.interaction.graph_1_edge_weight_sizing,0.1346364989855531
mdgnc_edge_failures,ESP + EW,10,9,25,f1_mass.graph_0.esp_semantic_type,0.0024970831176977
mdgnc_edge_failures,ESP + EW,10,9,25,f1_mass.graph_1.edge_weight,0.1391357778516176
mdgnc_edge_failures,ESP + EW,10,9,25,f1_mass.sizing,0.2433893654506367
mdgnc_edge_failures,ESP + EW,10,9,25,f1_mass.interaction.graph_0_esp_semantic_type_graph_1_edge_weight,0.2185433293364772
mdgnc_edge_failures,ESP + EW,10,9,25,f1_mass.interaction.graph_0_esp_semantic_type_sizing,0.225982004940125
mdgnc_edge_failures,ESP + EW,10,9,25,f1_mass.interaction.graph_1_edge_weight_sizing,0.1704524393034457
mdgnc_edge_failures,ESP + EW,10,9,50,f0_failure_rate.graph_0.esp_semantic_type,0.0034397560343609
mdgnc_edge_failures,ESP + EW,10,9,50,f0_failure_rate.graph_1.edge_weight,0.1076566096106059
mdgnc_edge_failures,ESP + EW,10,9,50,f0_failure_rate.sizing,0.1561040463637875
mdgnc_edge_failures,ESP + EW,10,9,50,f0_failure_rate.interaction.graph_0_esp_semantic_type_graph_1_edge_weight,0.2630682766015997
mdgnc_edge_failures,ESP + EW,10,9,50,f0_failure_rate.interaction.graph_0_esp_semantic_type_sizing,0.1441465954910306
mdgnc_edge_failures,ESP + EW,10,9,50,f0_failure_rate.interaction.graph_1_edge_weight_sizing,0.3255847158986152
mdgnc_edge_failures,ESP + EW,10,9,50,f1_mass.graph_0.esp_semantic_type,0.0030556564962098
mdgnc_edge_failures,ESP + EW,10,9,50,f1_mass.graph_1.edge_weight,0.2395184534981682
mdgnc_edge_failures,ESP + EW,10,9,50,f1_mass.sizing,0.1722233570503219
mdgnc_edge_failures,ESP + EW,10,9,50,f1_mass.interaction.graph_0_esp_semantic_type_graph_1_edge_weight,0.276444795126383
mdgnc_edge_failures,ESP + EW,10,9,50,f1_mass.interaction.graph_0_esp_semantic_type_sizing,0.0496172095755609
mdgnc_edge_failures,ESP + EW,10,9,50,f1_mass.interaction.graph_1_edge_weight_sizing,0.2591405282533561
mdgnc_edge_failures,ESP + EW,10,9,75,f0_failure_rate.graph_0.esp_semantic_type,0.0030653553886458
mdgnc_edge_failures,ESP + EW,10,9,75,f0_failure_rate.graph_1.edge_weight,0.2407347295332242
mdgnc_edge_failures,ESP + EW,10,9,75,f0_failure_rate.sizing,0.1674701899035287
mdgnc_edge_failures,ESP + EW,10,9,75,f0_failure_rate.interaction.graph_0_esp_semantic_type_graph_1_edge_weight,0.2793859363922591
mdgnc_edge_failures,ESP + EW,10,9,75,f0_failure_rate.interaction.graph_0_esp_semantic_type_sizing,0.0517351847590684
mdgnc_edge_failures,ESP + EW,10,9,75,f0_failure_rate.interaction.graph_1_edge_weight_sizing,0.2576086040232737
mdgnc_edge_failures,ESP + EW,10,9,75,f1_mass.graph_0.esp_semantic_type,0.0063146780514149
mdgnc_edge_failures,ESP + EW,10,9,75,f1_mass.graph_1.edge_weight,0.1778130461249078
mdgnc_edge_failures,ESP + EW,10,9,75,f1_mass.sizing,0.4405524153758341
mdgnc_edge_failures,ESP + EW,10,9,75,f1_mass.interaction.graph_0_esp_semantic_type_graph_1_edge_weight,0.1762220692005267
mdgnc_edge_failures,ESP + EW,10,9,75,f1_mass.interaction.graph_0_esp_semantic_type_sizing,0.152110240699427
mdgnc_edge_failures,ESP + EW,10,9,75,f1_mass.interaction.graph_1_edge_weight_sizing,0.0469875505478892
mdgnc_edge_failures,ESP + EW,10,9,100,f0_failure_rate.graph_0.esp_semantic_type,0.0034387581500116
mdgnc_edge_failures,ESP + EW,10,9,100,f0_failure_rate.graph_1.edge_weight,0.1059908952687354
mdgnc_edge_failures,ESP + EW,10,9,100,f0_failure_rate.sizing,0.1608859231216574
mdgnc_edge_failures,ESP + EW,10,9,100,f0_failure_rate.interaction.graph_0_esp_semantic_type_graph_1_edge_weight,0.2602605352488594
mdgnc_edge_failures,ESP + EW,10,9,100,f0_failure_rate.interaction.graph_0_esp_semantic_type_sizing,0.1437888866005517
mdgnc_edge_failures,ESP + EW,10,9,100,f0_failure_rate.interaction.graph_1_edge_weight_sizing,0.3256350016101842
mdgnc_edge_failures,ESP + EW,10,9,100,f1_mass.graph_0.esp_semantic_type,0.0025396667254649
mdgnc_edge_failures,ESP + EW,10,9,100,f1_mass.graph_1.edge_weight,0.1409692301253276
mdgnc_edge_failures,ESP + EW,10,9,100,f1_mass.sizing,0.2472852497508803
mdgnc_edge_failures,ESP + EW,10,9,100,f1_mass.interaction.graph_0_esp_semantic_type_graph_1_edge_weight,0.2153173767932375
mdgnc_edge_failures,ESP + EW,10,9,100,f1_mass.interaction.graph_0_esp_semantic_type_sizing,0.2247111250979357
mdgnc_edge_failures,ESP + EW,10,9,100,f1_mass.interaction.graph_1_edge_weight_sizing,0.1691773515071537
mdgnc_edge_failures,ESP + EW,10,9,125,f0_failure_rate.graph_0.esp_semantic_type,0.1911183109211443
mdgnc_edge_failures,ESP + EW,10,9,125,f0_failure_rate.graph_1.edge_weight,0.4868768347411789
mdgnc_edge_failures,ESP + EW,10,9,125,f0_failure_rate.sizing,0.0042869173442965
mdgnc_edge_failures,ESP + EW,10,9,125,f0_failure_rate.interaction.graph_0_esp_semantic_type_graph_1_edge_weight,0.3138955707749573
mdgnc_edge_failures,ESP + EW,10,9,125,f0_failure_rate.interaction.graph_0_esp_semantic_type_sizing,0.0019111831092114
mdgnc_edge_failures,ESP + EW,10,9,125,f0_failure_rate.interaction.graph_1_edge_weight_sizing,0.0019111831092114
mdgnc_edge_failures,ESP + EW,10,9,125,f1_mass.graph_0.esp_semantic_type,0.1341958103861739
mdgnc_edge_failures,ESP + EW,10,9,125,f1_mass.graph_1.edge_weight,0.2576101481320766
mdgnc_edge_failures,ESP + EW,10,9,125,f1_mass.sizing,0.3830676587889059
mdgnc_edge_failures,ESP + EW,10,9,125,f1_mass.interaction.graph_0_esp_semantic_type_graph_1_edge_weight,0.1307292475207748
mdgnc_edge_failures,ESP + EW,10,9,125,f1_mass.interaction.graph_0_esp_semantic_type_sizing,0.0013419581038617
mdgnc_edge_failures,ESP + EW,10,9,125,f1_mass.interaction.graph_1_edge_weight_sizing,0.0930551770682071
mdgnc_edge_failures,ESP + EW,10,9,150,f0_failure_rate.graph_0.esp_semantic_type,0.1719364775320924
mdgnc_edge_failures,ESP + EW,10,9,150,f0_failure_rate.graph_1.edge_weight,0.3054761526315353
mdgnc_edge_failures,ESP + EW,10,9,150,f0_failure_rate.sizing,0.0057449262001152
mdgnc_edge_failures,ESP + EW,10,9,150,f0_failure_rate.interaction.graph_0_esp_semantic_type_graph_1_edge_weight,0.2155963852379581
mdgnc_edge_failures,ESP + EW,10,9,150,f0_failure_rate.interaction.graph_0_esp_semantic_type_sizing,0.2995266936229778
mdgnc_edge_failures,ESP + EW,10,9,150,f0_failure_rate.interaction.graph_1_edge_weight_sizing,0.0017193647753209
mdgnc_edge_failures,ESP + EW,10,9,150,f1_mass.graph_0.esp_semantic_type,0.1334358151938069
mdgnc_edge_failures,ESP + EW,10,9,150,f1_mass.graph_1.edge_weight,0.2735507343916082
mdgnc_edge_failures,ESP + EW,10,9,150,f1_mass.sizing,0.2944562122334919
mdgnc_edge_failures,ESP + EW,10,9,150,f1_mass.interaction.graph_0_esp_semantic_type_graph_1_edge_weight,0.0547535545387487
mdgnc_edge_failures,ESP + EW,10,9,150,f1_mass.interaction.graph_0_esp_semantic_type_sizing,0.001334358151938
mdgnc_edge_failures,ESP + EW,10,9,150,f1_mass.interaction.graph_1_edge_weight_sizing,0.2424693254904059
mdgnc_edge_failures,ESP + EW,10,9,175,f0_failure_rate.graph_0.esp_semantic_type,0.2362366767871089
mdgnc_edge_failures,ESP + EW,10,9,175,f0_failure_rate.graph_1.edge_weight,0.3624197359783146
mdgnc_edge_failures,ESP + EW,10,9,175,f0_failure_rate.sizing,0.002362366767871
mdgnc_edge_failures,ESP + EW,10,9,175,f0_failure_rate.interaction.graph_0_esp_semantic_type_graph_1_edge_weight,0.3723295803483746
mdgnc_edge_failures,ESP + EW,10,9,175,f0_failure_rate.interaction.graph_0_esp_semantic_type_sizing,0.0242892733504595
mdgnc_edge_failures,ESP + EW,10,9,175,f0_failure_rate.interaction.graph_1_edge_weight_sizing,0.002362366767871
mdgnc_edge_failures,ESP + EW,10,9,175,f1_mass.graph_0.esp_semantic_type,0.1924658558130268
mdgnc_edge_failures,ESP + EW,10,9,175,f1_mass.graph_1.edge_weight,0.264425504441292
mdgnc_edge_failures,ESP + EW,10,9,175,f1_mass.sizing,0.4141393150145258
mdgnc_edge_failures,ESP + EW,10,9,175,f1_mass.interaction.graph_0_esp_semantic_type_graph_1_edge_weight,0.0019246585581302
mdgnc_edge_failures,ESP + EW,10,9,175,f1_mass.interaction.graph_0_esp_semantic_type_sizing,0.0019246585581302
mdgnc_edge_failures,ESP + EW,10,9,175,f1_mass.interaction.graph_1_edge_weight_sizing,0.1251200076148948
mdgnc_edge_failures,ESP + EW,10,9,200,f0_failure_rate.graph_0.esp_semantic_type,0.0034481307642263
mdgnc_edge_failures,ESP + EW,10,9,200,f0_failure_rate.graph_1.edge_weight,0.1076362519560492
mdgnc_edge_failures,ESP + EW,10,9,200,f0_failure_rate.sizing,0.1555290367764088
mdgnc_edge_failures,ESP + EW,10,9,200,f0_failure_rate.interaction.graph_0_esp_semantic_type_graph_1_edge_weight,0.261268776005819
mdgnc_edge_failures,ESP + EW,10,9,200,f0_failure_rate.interaction.graph_0_esp_semantic_type_sizing,0.1448673234516307
mdgnc_edge_failures,ESP + EW,10,9,200,f0_failure_rate.interaction.graph_1_edge_weight_sizing,0.3272504810458658
mdgnc_edge_failures,ESP + EW,10,9,200,f1_mass.graph_0.esp_semantic_type,0.0034560543523347
mdgnc_edge_failures,ESP + EW,10,9,200,f1_mass.graph_1.edge_weight,0.1058841727145786
mdgnc_edge_failures,ESP + EW,10,9,200,f1_mass.sizing,0.1581496367429183
mdgnc_edge_failures,ESP + EW,10,9,200,f1_mass.interaction.graph_0_esp_semantic_type_graph_1_edge_weight,0.260282991624098
mdgnc_edge_failures,ESP + EW,10,9,200,f1_mass.interaction.graph_0_esp_semantic_type_sizing,0.1455681102471577
mdgnc_edge_failures,ESP + EW,10,9,200,f1_mass.interaction.graph_1_edge_weight_sizing,0.3266590343189124
mdgnc_edge_failures,ESP + EW,10,9,225,f0_failure_rate.graph_0.esp_semantic_type,0.0030554028144275
mdgnc_edge_failures,ESP + EW,10,9,225,f0_failure_rate.graph_1.edge_weight,0.237957541166167
mdgnc_edge_failures,ESP + EW,10,9,225,f0_failure_rate.sizing,0.1690125886147917
mdgnc_edge_failures,ESP + EW,10,9,225,f0_failure_rate.interaction.graph_0_esp_semantic_type_graph_1_edge_weight,0.2792430557296397
mdgnc_edge_failures,ESP + EW,10,9,225,f0_failure_rate.interaction.graph_0_esp_semantic_type_sizing,0.0519397437650464
mdgnc_edge_failures,ESP + EW,10,9,225,f0_failure_rate.interaction.graph_1_edge_weight_sizing,0.2587916679099274
mdgnc_edge_failures,ESP + EW,10,9,225,f1_mass.graph_0.esp_semantic_type,0.0030428726282461
mdgnc_edge_failures,ESP + EW,10,9,225,f1_mass.graph_1.edge_weight,0.2395390966532389
mdgnc_edge_failures,ESP + EW,10,9,225,f1_mass.sizing,0.1722337002506428
mdgnc_edge_failures,ESP + EW,10,9,225,f1_mass.interaction.graph_0_esp_semantic_type_graph_1_edge_weight,0.2771544568716949
mdgnc_edge_failures,ESP + EW,10,9,225,f1_mass.interaction.graph_0_esp_semantic_type_sizing,0.0494376976276035
mdgnc_edge_failures,ESP + EW,10,9,225,f1_mass.interaction.graph_1_edge_weight_sizing,0.2585921759685736
mdgnc_edge_failures,ESP + EW,10,9,250,f0_failure_rate.graph_0.esp_semantic_type,0.0034356099115482
mdgnc_edge_failures,ESP + EW,10,9,250,f0_failure_rate.graph_1.edge_weight,0.1086135040101516
mdgnc_edge_failures,ESP + EW,10,9,250,f0_failure_rate.sizing,0.1552624237785557
mdgnc_edge_failures,ESP + EW,10,9,250,f0_failure_rate.interaction.graph_0_esp_semantic_type_graph_1_edge_weight,0.2617006861837329
mdgnc_edge_failures,ESP + EW,10,9,250,f0_failure_rate.interaction.graph_0_esp_semantic_type_sizing,0.1437817631379947
mdgnc_edge_failures,ESP + EW,10,9,250,f0_failure_rate.interaction.graph_1_edge_weight_sizing,0.3272060129780166
mdgnc_edge_failures,ESP + EW,10,9,250,f1_mass.graph_0.esp_semantic_type,0.0030976501645053
mdgnc_edge_failures,ESP + EW,10,9,250,f1_mass.graph_1.edge_weight,0.2413718432184893
mdgnc_edge_failures,ESP + EW,10,9,250,f1_mass.sizing,0.1664503622174094
mdgnc_edge_failures,ESP + EW,10,9,250,f1_mass.interaction.graph_0_esp_semantic_type_graph_1_edge_weight,0.2844390812784916
mdgnc_edge_failures,ESP + EW,10,9,250,f1_mass.interaction.graph_0_esp_semantic_type_sizing,0.0533554594692596
mdgnc_edge_failures,ESP + EW,10,9,250,f1_mass.interaction.graph_1_edge_weight_sizing,0.2512856036518446
mdgnc_edge_failures,ESP + EW,10,9,275,f0_failure_rate.graph_0.esp_semantic_type,0.0034407444754763
mdgnc_edge_failures,ESP + EW,10,9,275,f0_failure_rate.graph_1.edge_weight,0.1069768692539806
mdgnc_edge_failures,ESP + EW,10,9,275,f0_failure_rate.sizing,0.1576427274958216
mdgnc_edge_failures,ESP + EW,10,9,275,f0_failure_rate.interaction.graph_0_esp_semantic_type_graph_1_edge_weight,0.2620923642408826
mdgnc_edge_failures,ESP + EW,10,9,275,f0_failure_rate.interaction.graph_0_esp_semantic_type_sizing,0.1434236226868916
mdgnc_edge_failures,ESP + EW,10,9,275,f0_failure_rate.interaction.graph_1_edge_weight_sizing,0.3264236718469471
mdgnc_edge_failures,ESP + EW,10,9,275,f1_mass.graph_0.esp_semantic_type,0.0030716916871776
mdgnc_edge_failures,ESP + EW,10,9,275,f1_mass.graph_1.edge_weight,0.2386055700600803
mdgnc_edge_failures,ESP + EW,10,9,275,f1_mass.sizing,0.1680967114685687
mdgnc_edge_failures,ESP + EW,10,9,275,f1_mass.interaction.graph_0_esp_semantic_type_graph_1_edge_weight,0.2839029207636764
mdgnc_edge_failures,ESP + EW,10,9,275,f1_mass.interaction.graph_0_esp_semantic_type_sizing,0.0495693045416136
mdgnc_edge_failures,ESP + EW,10,9,275,f1_mass.interaction.graph_1_edge_weight_sizing,0.2567538014788832
mdgnc_edge_failures,ESP + EW,10,9,300,f0_failure_rate.graph_0.esp_semantic_type,0.1848226709395797
mdgnc_edge_failures,ESP + EW,10,9,300,f0_failure_rate.graph_1.edge_weight,0.492305293837868
mdgnc_edge_failures,ESP + EW,10,9,300,f0_failure_rate.sizing,0.0018482267093957
mdgnc_edge_failures,ESP + EW,10,9,300,f0_failure_rate.interaction.graph_0_esp_semantic_type_graph_1_edge_weight,0.271277598194801
mdgnc_edge_failures,ESP + EW,10,9,300,f0_failure_rate.interaction.graph_0_esp_semantic_type_sizing,0.0478979836089597
mdgnc_edge_failures,ESP + EW,10,9,300,f0_failure_rate.interaction.graph_1_edge_weight_sizing,0.0018482267093957
mdgnc_edge_failures,ESP + EW,10,9,300,f1_mass.graph_0.esp_semantic_type,0.1577383133879051
mdgnc_edge_failures,ESP + EW,10,9,300,f1_mass.graph_1.edge_weight,0.4006507923012012
mdgnc_edge_failures,ESP + EW,10,9,300,f1_mass.sizing,0.4368787449092565
mdgnc_edge_failures,ESP + EW,10,9,300,f1_mass.interaction.graph_0_esp_semantic_type_graph_1_edge_weight,0.001577383133879
mdgnc_edge_failures,ESP + EW,10,9,300,f1_mass.interaction.graph_0_esp_semantic_type_sizing,0.001577383133879
mdgnc_edge_failures,ESP + EW,10,9,300,f1_mass.interaction.graph_1_edge_weight_sizing,0.001577383133879
